Reading file:[DES00012.TXT]
Type=7
Sub=255
Numstackable=3
DestroyOn=2

Effect[0] type=25
Effect[0] trig=2
Effect[0] dat0=6012
Effect[0] dat1=255
Effect[0] dat2=0

Effect[1] type=23
Effect[1] trig=2
Effect[1] dat0=12
Effect[1] dat1=0
Effect[1] dat2=0

Effect[2] type=7
Effect[2] trig=2
Effect[2] dat0=0
Effect[2] dat1=0
Effect[2] dat2=500

Effect[3] type=0
Effect[3] trig=0
Effect[3] dat0=0
Effect[3] dat1=0
Effect[3] dat2=0

Effect[4] type=0
Effect[4] trig=0
Effect[4] dat0=0
Effect[4] dat1=0
Effect[4] dat2=0

Effect[5] type=0
Effect[5] trig=0
Effect[5] dat0=0
Effect[5] dat1=0
Effect[5] dat2=0

Effect[6] type=0
Effect[6] trig=0
Effect[6] dat0=0
Effect[6] dat1=0
Effect[6] dat2=0

Effect[7] type=0
Effect[7] trig=0
Effect[7] dat0=0
Effect[7] dat1=0
Effect[7] dat2=0

sizeof itemdesc=71
wrote output file


Reading file:[DES00016.TXT]
Type=9
Sub=2
Numstackable=1
DestroyOn=0

Effect[0] type=0
Effect[0] trig=0
Effect[0] dat0=0
Effect[0] dat1=0
Effect[0] dat2=0

Effect[1] type=0
Effect[1] trig=0
Effect[1] dat0=0
Effect[1] dat1=0
Effect[1] dat2=0

Effect[2] type=0
Effect[2] trig=0
Effect[2] dat0=0
Effect[2] dat1=0
Effect[2] dat2=0

Effect[3] type=0
Effect[3] trig=0
Effect[3] dat0=0
Effect[3] dat1=0
Effect[3] dat2=0

Effect[4] type=0
Effect[4] trig=0
Effect[4] dat0=0
Effect[4] dat1=0
Effect[4] dat2=0

Effect[5] type=0
Effect[5] trig=0
Effect[5] dat0=0
Effect[5] dat1=0
Effect[5] dat2=0

Effect[6] type=0
Effect[6] trig=0
Effect[6] dat0=0
Effect[6] dat1=0
Effect[6] dat2=0

Effect[7] type=0
Effect[7] trig=0
Effect[7] dat0=0
Effect[7] dat1=0
Effect[7] dat2=0

sizeof itemdesc=71
wrote output file


Reading file:[DES00019.TXT]
Type=7
Sub=255
Numstackable=3
DestroyOn=2

Effect[0] type=25
Effect[0] trig=2
Effect[0] dat0=6000
Effect[0] dat1=255
Effect[0] dat2=0

Effect[1] type=23
Effect[1] trig=2
Effect[1] dat0=19
Effect[1] dat1=0
Effect[1] dat2=0

Effect[2] type=7
Effect[2] trig=2
Effect[2] dat0=0
Effect[2] dat1=0
Effect[2] dat2=500

Effect[3] type=0
Effect[3] trig=0
Effect[3] dat0=0
Effect[3] dat1=0
Effect[3] dat2=0

Effect[4] type=0
Effect[4] trig=0
Effect[4] dat0=0
Effect[4] dat1=0
Effect[4] dat2=0

Effect[5] type=0
Effect[5] trig=0
Effect[5] dat0=0
Effect[5] dat1=0
Effect[5] dat2=0

Effect[6] type=0
Effect[6] trig=0
Effect[6] dat0=0
Effect[6] dat1=0
Effect[6] dat2=0

Effect[7] type=0
Effect[7] trig=0
Effect[7] dat0=0
Effect[7] dat1=0
Effect[7] dat2=0

sizeof itemdesc=71
wrote output file


Reading file:[DES00023.TXT]
Type=9
Sub=2
Numstackable=5
DestroyOn=2

Effect[0] type=9
Effect[0] trig=2
Effect[0] dat0=0
Effect[0] dat1=0
Effect[0] dat2=-500

Effect[1] type=7
Effect[1] trig=2
Effect[1] dat0=0
Effect[1] dat1=0
Effect[1] dat2=500

Effect[2] type=0
Effect[2] trig=0
Effect[2] dat0=0
Effect[2] dat1=0
Effect[2] dat2=0

Effect[3] type=0
Effect[3] trig=0
Effect[3] dat0=0
Effect[3] dat1=0
Effect[3] dat2=0

Effect[4] type=0
Effect[4] trig=0
Effect[4] dat0=0
Effect[4] dat1=0
Effect[4] dat2=0

Effect[5] type=0
Effect[5] trig=0
Effect[5] dat0=0
Effect[5] dat1=0
Effect[5] dat2=0

Effect[6] type=0
Effect[6] trig=0
Effect[6] dat0=0
Effect[6] dat1=0
Effect[6] dat2=0

Effect[7] type=0
Effect[7] trig=0
Effect[7] dat0=0
Effect[7] dat1=0
Effect[7] dat2=0

sizeof itemdesc=71
wrote output file


Reading file:[DES00028.TXT]
Type=0
Sub=7
Numstackable=1
DestroyOn=0

Effect[0] type=1
Effect[0] trig=3
Effect[0] dat0=4
Effect[0] dat1=0
Effect[0] dat2=0

Effect[1] type=1
Effect[1] trig=4
Effect[1] dat0=0
Effect[1] dat1=0
Effect[1] dat2=0

Effect[2] type=51
Effect[2] trig=2
Effect[2] dat0=0
Effect[2] dat1=0
Effect[2] dat2=500

Effect[3] type=25
Effect[3] trig=2
Effect[3] dat0=1036
Effect[3] dat1=255
Effect[3] dat2=0

Effect[4] type=0
Effect[4] trig=0
Effect[4] dat0=0
Effect[4] dat1=0
Effect[4] dat2=0

Effect[5] type=0
Effect[5] trig=0
Effect[5] dat0=0
Effect[5] dat1=0
Effect[5] dat2=0

Effect[6] type=0
Effect[6] trig=0
Effect[6] dat0=0
Effect[6] dat1=0
Effect[6] dat2=0

Effect[7] type=0
Effect[7] trig=0
Effect[7] dat0=0
Effect[7] dat1=0
Effect[7] dat2=0

sizeof itemdesc=71
wrote output file


Reading file:[DES00029.TXT]
Type=0
Sub=3
Numstackable=1
DestroyOn=0

Effect[0] type=1
Effect[0] trig=3
Effect[0] dat0=1
Effect[0] dat1=0
Effect[0] dat2=0

Effect[1] type=1
Effect[1] trig=4
Effect[1] dat0=0
Effect[1] dat1=0
Effect[1] dat2=0

Effect[2] type=0
Effect[2] trig=0
Effect[2] dat0=0
Effect[2] dat1=0
Effect[2] dat2=0

Effect[3] type=0
Effect[3] trig=0
Effect[3] dat0=0
Effect[3] dat1=0
Effect[3] dat2=0

Effect[4] type=0
Effect[4] trig=0
Effect[4] dat0=0
Effect[4] dat1=0
Effect[4] dat2=0

Effect[5] type=0
Effect[5] trig=0
Effect[5] dat0=0
Effect[5] dat1=0
Effect[5] dat2=0

Effect[6] type=0
Effect[6] trig=0
Effect[6] dat0=0
Effect[6] dat1=0
Effect[6] dat2=0

Effect[7] type=0
Effect[7] trig=0
Effect[7] dat0=0
Effect[7] dat1=0
Effect[7] dat2=0

sizeof itemdesc=71
wrote output file


Reading file:[DES00049.TXT]
Type=9
Sub=2
Numstackable=1
DestroyOn=0

Effect[0] type=0
Effect[0] trig=0
Effect[0] dat0=0
Effect[0] dat1=0
Effect[0] dat2=0

Effect[1] type=0
Effect[1] trig=0
Effect[1] dat0=0
Effect[1] dat1=0
Effect[1] dat2=0

Effect[2] type=0
Effect[2] trig=0
Effect[2] dat0=0
Effect[2] dat1=0
Effect[2] dat2=0

Effect[3] type=0
Effect[3] trig=0
Effect[3] dat0=0
Effect[3] dat1=0
Effect[3] dat2=0

Effect[4] type=0
Effect[4] trig=0
Effect[4] dat0=0
Effect[4] dat1=0
Effect[4] dat2=0

Effect[5] type=0
Effect[5] trig=0
Effect[5] dat0=0
Effect[5] dat1=0
Effect[5] dat2=0

Effect[6] type=0
Effect[6] trig=0
Effect[6] dat0=0
Effect[6] dat1=0
Effect[6] dat2=0

Effect[7] type=0
Effect[7] trig=0
Effect[7] dat0=0
Effect[7] dat1=0
Effect[7] dat2=0

sizeof itemdesc=71
wrote output file


Reading file:[DES00050.TXT]
Type=9
Sub=2
Numstackable=1
DestroyOn=0

Effect[0] type=0
Effect[0] trig=0
Effect[0] dat0=0
Effect[0] dat1=0
Effect[0] dat2=0

Effect[1] type=0
Effect[1] trig=0
Effect[1] dat0=0
Effect[1] dat1=0
Effect[1] dat2=0

Effect[2] type=0
Effect[2] trig=0
Effect[2] dat0=0
Effect[2] dat1=0
Effect[2] dat2=0

Effect[3] type=0
Effect[3] trig=0
Effect[3] dat0=0
Effect[3] dat1=0
Effect[3] dat2=0

Effect[4] type=0
Effect[4] trig=0
Effect[4] dat0=0
Effect[4] dat1=0
Effect[4] dat2=0

Effect[5] type=0
Effect[5] trig=0
Effect[5] dat0=0
Effect[5] dat1=0
Effect[5] dat2=0

Effect[6] type=0
Effect[6] trig=0
Effect[6] dat0=0
Effect[6] dat1=0
Effect[6] dat2=0

Effect[7] type=0
Effect[7] trig=0
Effect[7] dat0=0
Effect[7] dat1=0
Effect[7] dat2=0

sizeof itemdesc=71
wrote output file


Reading file:[DES00051.TXT]
Type=9
Sub=2
Numstackable=1
DestroyOn=0

Effect[0] type=0
Effect[0] trig=0
Effect[0] dat0=0
Effect[0] dat1=0
Effect[0] dat2=0

Effect[1] type=0
Effect[1] trig=0
Effect[1] dat0=0
Effect[1] dat1=0
Effect[1] dat2=0

Effect[2] type=0
Effect[2] trig=0
Effect[2] dat0=0
Effect[2] dat1=0
Effect[2] dat2=0

Effect[3] type=0
Effect[3] trig=0
Effect[3] dat0=0
Effect[3] dat1=0
Effect[3] dat2=0

Effect[4] type=0
Effect[4] trig=0
Effect[4] dat0=0
Effect[4] dat1=0
Effect[4] dat2=0

Effect[5] type=0
Effect[5] trig=0
Effect[5] dat0=0
Effect[5] dat1=0
Effect[5] dat2=0

Effect[6] type=0
Effect[6] trig=0
Effect[6] dat0=0
Effect[6] dat1=0
Effect[6] dat2=0

Effect[7] type=0
Effect[7] trig=0
Effect[7] dat0=0
Effect[7] dat1=0
Effect[7] dat2=0

sizeof itemdesc=71
wrote output file


Reading file:[DES00052.TXT]
Type=9
Sub=2
Numstackable=1
DestroyOn=0

Effect[0] type=0
Effect[0] trig=0
Effect[0] dat0=0
Effect[0] dat1=0
Effect[0] dat2=0

Effect[1] type=0
Effect[1] trig=0
Effect[1] dat0=0
Effect[1] dat1=0
Effect[1] dat2=0

Effect[2] type=0
Effect[2] trig=0
Effect[2] dat0=0
Effect[2] dat1=0
Effect[2] dat2=0

Effect[3] type=0
Effect[3] trig=0
Effect[3] dat0=0
Effect[3] dat1=0
Effect[3] dat2=0

Effect[4] type=0
Effect[4] trig=0
Effect[4] dat0=0
Effect[4] dat1=0
Effect[4] dat2=0

Effect[5] type=0
Effect[5] trig=0
Effect[5] dat0=0
Effect[5] dat1=0
Effect[5] dat2=0

Effect[6] type=0
Effect[6] trig=0
Effect[6] dat0=0
Effect[6] dat1=0
Effect[6] dat2=0

Effect[7] type=0
Effect[7] trig=0
Effect[7] dat0=0
Effect[7] dat1=0
Effect[7] dat2=0

sizeof itemdesc=71
wrote output file


Reading file:[DES00054.TXT]
Type=9
Sub=2
Numstackable=5
DestroyOn=0

Effect[0] type=0
Effect[0] trig=0
Effect[0] dat0=0
Effect[0] dat1=0
Effect[0] dat2=0

Effect[1] type=0
Effect[1] trig=0
Effect[1] dat0=0
Effect[1] dat1=0
Effect[1] dat2=0

Effect[2] type=0
Effect[2] trig=0
Effect[2] dat0=0
Effect[2] dat1=0
Effect[2] dat2=0

Effect[3] type=0
Effect[3] trig=0
Effect[3] dat0=0
Effect[3] dat1=0
Effect[3] dat2=0

Effect[4] type=0
Effect[4] trig=0
Effect[4] dat0=0
Effect[4] dat1=0
Effect[4] dat2=0

Effect[5] type=0
Effect[5] trig=0
Effect[5] dat0=0
Effect[5] dat1=0
Effect[5] dat2=0

Effect[6] type=0
Effect[6] trig=0
Effect[6] dat0=0
Effect[6] dat1=0
Effect[6] dat2=0

Effect[7] type=0
Effect[7] trig=0
Effect[7] dat0=0
Effect[7] dat1=0
Effect[7] dat2=0

sizeof itemdesc=71
wrote output file


Reading file:[DES00055.TXT]
Type=9
Sub=2
Numstackable=4
DestroyOn=0

Effect[0] type=0
Effect[0] trig=0
Effect[0] dat0=0
Effect[0] dat1=0
Effect[0] dat2=0

Effect[1] type=0
Effect[1] trig=0
Effect[1] dat0=0
Effect[1] dat1=0
Effect[1] dat2=0

Effect[2] type=0
Effect[2] trig=0
Effect[2] dat0=0
Effect[2] dat1=0
Effect[2] dat2=0

Effect[3] type=0
Effect[3] trig=0
Effect[3] dat0=0
Effect[3] dat1=0
Effect[3] dat2=0

Effect[4] type=0
Effect[4] trig=0
Effect[4] dat0=0
Effect[4] dat1=0
Effect[4] dat2=0

Effect[5] type=0
Effect[5] trig=0
Effect[5] dat0=0
Effect[5] dat1=0
Effect[5] dat2=0

Effect[6] type=0
Effect[6] trig=0
Effect[6] dat0=0
Effect[6] dat1=0
Effect[6] dat2=0

Effect[7] type=0
Effect[7] trig=0
Effect[7] dat0=0
Effect[7] dat1=0
Effect[7] dat2=0

sizeof itemdesc=71
wrote output file


Reading file:[DES00056.TXT]
Type=9
Sub=2
Numstackable=10
DestroyOn=0

Effect[0] type=0
Effect[0] trig=0
Effect[0] dat0=0
Effect[0] dat1=0
Effect[0] dat2=0

Effect[1] type=0
Effect[1] trig=0
Effect[1] dat0=0
Effect[1] dat1=0
Effect[1] dat2=0

Effect[2] type=0
Effect[2] trig=0
Effect[2] dat0=0
Effect[2] dat1=0
Effect[2] dat2=0

Effect[3] type=0
Effect[3] trig=0
Effect[3] dat0=0
Effect[3] dat1=0
Effect[3] dat2=0

Effect[4] type=0
Effect[4] trig=0
Effect[4] dat0=0
Effect[4] dat1=0
Effect[4] dat2=0

Effect[5] type=0
Effect[5] trig=0
Effect[5] dat0=0
Effect[5] dat1=0
Effect[5] dat2=0

Effect[6] type=0
Effect[6] trig=0
Effect[6] dat0=0
Effect[6] dat1=0
Effect[6] dat2=0

Effect[7] type=0
Effect[7] trig=0
Effect[7] dat0=0
Effect[7] dat1=0
Effect[7] dat2=0

sizeof itemdesc=71
wrote output file


Reading file:[DES00057.TXT]
Type=9
Sub=2
Numstackable=1
DestroyOn=0

Effect[0] type=0
Effect[0] trig=0
Effect[0] dat0=0
Effect[0] dat1=0
Effect[0] dat2=0

Effect[1] type=0
Effect[1] trig=0
Effect[1] dat0=0
Effect[1] dat1=0
Effect[1] dat2=0

Effect[2] type=0
Effect[2] trig=0
Effect[2] dat0=0
Effect[2] dat1=0
Effect[2] dat2=0

Effect[3] type=0
Effect[3] trig=0
Effect[3] dat0=0
Effect[3] dat1=0
Effect[3] dat2=0

Effect[4] type=0
Effect[4] trig=0
Effect[4] dat0=0
Effect[4] dat1=0
Effect[4] dat2=0

Effect[5] type=0
Effect[5] trig=0
Effect[5] dat0=0
Effect[5] dat1=0
Effect[5] dat2=0

Effect[6] type=0
Effect[6] trig=0
Effect[6] dat0=0
Effect[6] dat1=0
Effect[6] dat2=0

Effect[7] type=0
Effect[7] trig=0
Effect[7] dat0=0
Effect[7] dat1=0
Effect[7] dat2=0

sizeof itemdesc=71
wrote output file


Reading file:[DES00059.TXT]
Type=9
Sub=2
Numstackable=5
DestroyOn=0

Effect[0] type=0
Effect[0] trig=0
Effect[0] dat0=0
Effect[0] dat1=0
Effect[0] dat2=0

Effect[1] type=0
Effect[1] trig=0
Effect[1] dat0=0
Effect[1] dat1=0
Effect[1] dat2=0

Effect[2] type=0
Effect[2] trig=0
Effect[2] dat0=0
Effect[2] dat1=0
Effect[2] dat2=0

Effect[3] type=0
Effect[3] trig=0
Effect[3] dat0=0
Effect[3] dat1=0
Effect[3] dat2=0

Effect[4] type=0
Effect[4] trig=0
Effect[4] dat0=0
Effect[4] dat1=0
Effect[4] dat2=0

Effect[5] type=0
Effect[5] trig=0
Effect[5] dat0=0
Effect[5] dat1=0
Effect[5] dat2=0

Effect[6] type=0
Effect[6] trig=0
Effect[6] dat0=0
Effect[6] dat1=0
Effect[6] dat2=0

Effect[7] type=0
Effect[7] trig=0
Effect[7] dat0=0
Effect[7] dat1=0
Effect[7] dat2=0

sizeof itemdesc=71
wrote output file


Reading file:[DES00060.TXT]
Type=9
Sub=2
Numstackable=2
DestroyOn=1

Effect[0] type=59
Effect[0] trig=1
Effect[0] dat0=0
Effect[0] dat1=0
Effect[0] dat2=0

Effect[1] type=0
Effect[1] trig=0
Effect[1] dat0=0
Effect[1] dat1=0
Effect[1] dat2=0

Effect[2] type=0
Effect[2] trig=0
Effect[2] dat0=0
Effect[2] dat1=0
Effect[2] dat2=0

Effect[3] type=0
Effect[3] trig=0
Effect[3] dat0=0
Effect[3] dat1=0
Effect[3] dat2=0

Effect[4] type=0
Effect[4] trig=0
Effect[4] dat0=0
Effect[4] dat1=0
Effect[4] dat2=0

Effect[5] type=0
Effect[5] trig=0
Effect[5] dat0=0
Effect[5] dat1=0
Effect[5] dat2=0

Effect[6] type=0
Effect[6] trig=0
Effect[6] dat0=0
Effect[6] dat1=0
Effect[6] dat2=0

Effect[7] type=0
Effect[7] trig=0
Effect[7] dat0=0
Effect[7] dat1=0
Effect[7] dat2=0

sizeof itemdesc=71
wrote output file


Reading file:[DES00063.TXT]
Type=9
Sub=2
Numstackable=5
DestroyOn=2

Effect[0] type=9
Effect[0] trig=2
Effect[0] dat0=0
Effect[0] dat1=0
Effect[0] dat2=-500

Effect[1] type=10
Effect[1] trig=2
Effect[1] dat0=0
Effect[1] dat1=0
Effect[1] dat2=500

Effect[2] type=23
Effect[2] trig=2
Effect[2] dat0=63
Effect[2] dat1=0
Effect[2] dat2=0

Effect[3] type=0
Effect[3] trig=0
Effect[3] dat0=0
Effect[3] dat1=0
Effect[3] dat2=0

Effect[4] type=0
Effect[4] trig=0
Effect[4] dat0=0
Effect[4] dat1=0
Effect[4] dat2=0

Effect[5] type=0
Effect[5] trig=0
Effect[5] dat0=0
Effect[5] dat1=0
Effect[5] dat2=0

Effect[6] type=0
Effect[6] trig=0
Effect[6] dat0=0
Effect[6] dat1=0
Effect[6] dat2=0

Effect[7] type=0
Effect[7] trig=0
Effect[7] dat0=0
Effect[7] dat1=0
Effect[7] dat2=0

sizeof itemdesc=71
wrote output file


Reading file:[DES00065.TXT]
Type=9
Sub=2
Numstackable=2
DestroyOn=0

Effect[0] type=0
Effect[0] trig=0
Effect[0] dat0=0
Effect[0] dat1=0
Effect[0] dat2=0

Effect[1] type=0
Effect[1] trig=0
Effect[1] dat0=0
Effect[1] dat1=0
Effect[1] dat2=0

Effect[2] type=0
Effect[2] trig=0
Effect[2] dat0=0
Effect[2] dat1=0
Effect[2] dat2=0

Effect[3] type=0
Effect[3] trig=0
Effect[3] dat0=0
Effect[3] dat1=0
Effect[3] dat2=0

Effect[4] type=0
Effect[4] trig=0
Effect[4] dat0=0
Effect[4] dat1=0
Effect[4] dat2=0

Effect[5] type=0
Effect[5] trig=0
Effect[5] dat0=0
Effect[5] dat1=0
Effect[5] dat2=0

Effect[6] type=0
Effect[6] trig=0
Effect[6] dat0=0
Effect[6] dat1=0
Effect[6] dat2=0

Effect[7] type=0
Effect[7] trig=0
Effect[7] dat0=0
Effect[7] dat1=0
Effect[7] dat2=0

sizeof itemdesc=71
wrote output file


Reading file:[DES00066.TXT]
Type=9
Sub=2
Numstackable=2
DestroyOn=0

Effect[0] type=0
Effect[0] trig=0
Effect[0] dat0=0
Effect[0] dat1=0
Effect[0] dat2=0

Effect[1] type=0
Effect[1] trig=0
Effect[1] dat0=0
Effect[1] dat1=0
Effect[1] dat2=0

Effect[2] type=0
Effect[2] trig=0
Effect[2] dat0=0
Effect[2] dat1=0
Effect[2] dat2=0

Effect[3] type=0
Effect[3] trig=0
Effect[3] dat0=0
Effect[3] dat1=0
Effect[3] dat2=0

Effect[4] type=0
Effect[4] trig=0
Effect[4] dat0=0
Effect[4] dat1=0
Effect[4] dat2=0

Effect[5] type=0
Effect[5] trig=0
Effect[5] dat0=0
Effect[5] dat1=0
Effect[5] dat2=0

Effect[6] type=0
Effect[6] trig=0
Effect[6] dat0=0
Effect[6] dat1=0
Effect[6] dat2=0

Effect[7] type=0
Effect[7] trig=0
Effect[7] dat0=0
Effect[7] dat1=0
Effect[7] dat2=0

sizeof itemdesc=71
wrote output file


Reading file:[DES00067.TXT]
Type=9
Sub=2
Numstackable=2
DestroyOn=0

Effect[0] type=0
Effect[0] trig=0
Effect[0] dat0=0
Effect[0] dat1=0
Effect[0] dat2=0

Effect[1] type=0
Effect[1] trig=0
Effect[1] dat0=0
Effect[1] dat1=0
Effect[1] dat2=0

Effect[2] type=0
Effect[2] trig=0
Effect[2] dat0=0
Effect[2] dat1=0
Effect[2] dat2=0

Effect[3] type=0
Effect[3] trig=0
Effect[3] dat0=0
Effect[3] dat1=0
Effect[3] dat2=0

Effect[4] type=0
Effect[4] trig=0
Effect[4] dat0=0
Effect[4] dat1=0
Effect[4] dat2=0

Effect[5] type=0
Effect[5] trig=0
Effect[5] dat0=0
Effect[5] dat1=0
Effect[5] dat2=0

Effect[6] type=0
Effect[6] trig=0
Effect[6] dat0=0
Effect[6] dat1=0
Effect[6] dat2=0

Effect[7] type=0
Effect[7] trig=0
Effect[7] dat0=0
Effect[7] dat1=0
Effect[7] dat2=0

sizeof itemdesc=71
wrote output file


Reading file:[DES00068.TXT]
Type=9
Sub=2
Numstackable=2
DestroyOn=0

Effect[0] type=0
Effect[0] trig=0
Effect[0] dat0=0
Effect[0] dat1=0
Effect[0] dat2=0

Effect[1] type=0
Effect[1] trig=0
Effect[1] dat0=0
Effect[1] dat1=0
Effect[1] dat2=0

Effect[2] type=0
Effect[2] trig=0
Effect[2] dat0=0
Effect[2] dat1=0
Effect[2] dat2=0

Effect[3] type=0
Effect[3] trig=0
Effect[3] dat0=0
Effect[3] dat1=0
Effect[3] dat2=0

Effect[4] type=0
Effect[4] trig=0
Effect[4] dat0=0
Effect[4] dat1=0
Effect[4] dat2=0

Effect[5] type=0
Effect[5] trig=0
Effect[5] dat0=0
Effect[5] dat1=0
Effect[5] dat2=0

Effect[6] type=0
Effect[6] trig=0
Effect[6] dat0=0
Effect[6] dat1=0
Effect[6] dat2=0

Effect[7] type=0
Effect[7] trig=0
Effect[7] dat0=0
Effect[7] dat1=0
Effect[7] dat2=0

sizeof itemdesc=71
wrote output file


Reading file:[DES00069.TXT]
Type=9
Sub=2
Numstackable=2
DestroyOn=0

Effect[0] type=0
Effect[0] trig=0
Effect[0] dat0=0
Effect[0] dat1=0
Effect[0] dat2=0

Effect[1] type=0
Effect[1] trig=0
Effect[1] dat0=0
Effect[1] dat1=0
Effect[1] dat2=0

Effect[2] type=0
Effect[2] trig=0
Effect[2] dat0=0
Effect[2] dat1=0
Effect[2] dat2=0

Effect[3] type=0
Effect[3] trig=0
Effect[3] dat0=0
Effect[3] dat1=0
Effect[3] dat2=0

Effect[4] type=0
Effect[4] trig=0
Effect[4] dat0=0
Effect[4] dat1=0
Effect[4] dat2=0

Effect[5] type=0
Effect[5] trig=0
Effect[5] dat0=0
Effect[5] dat1=0
Effect[5] dat2=0

Effect[6] type=0
Effect[6] trig=0
Effect[6] dat0=0
Effect[6] dat1=0
Effect[6] dat2=0

Effect[7] type=0
Effect[7] trig=0
Effect[7] dat0=0
Effect[7] dat1=0
Effect[7] dat2=0

sizeof itemdesc=71
wrote output file


Reading file:[DES00070.TXT]
Type=9
Sub=2
Numstackable=2
DestroyOn=0

Effect[0] type=0
Effect[0] trig=0
Effect[0] dat0=0
Effect[0] dat1=0
Effect[0] dat2=0

Effect[1] type=0
Effect[1] trig=0
Effect[1] dat0=0
Effect[1] dat1=0
Effect[1] dat2=0

Effect[2] type=0
Effect[2] trig=0
Effect[2] dat0=0
Effect[2] dat1=0
Effect[2] dat2=0

Effect[3] type=0
Effect[3] trig=0
Effect[3] dat0=0
Effect[3] dat1=0
Effect[3] dat2=0

Effect[4] type=0
Effect[4] trig=0
Effect[4] dat0=0
Effect[4] dat1=0
Effect[4] dat2=0

Effect[5] type=0
Effect[5] trig=0
Effect[5] dat0=0
Effect[5] dat1=0
Effect[5] dat2=0

Effect[6] type=0
Effect[6] trig=0
Effect[6] dat0=0
Effect[6] dat1=0
Effect[6] dat2=0

Effect[7] type=0
Effect[7] trig=0
Effect[7] dat0=0
Effect[7] dat1=0
Effect[7] dat2=0

sizeof itemdesc=71
wrote output file


Reading file:[DES00071.TXT]
Type=9
Sub=2
Numstackable=2
DestroyOn=0

Effect[0] type=0
Effect[0] trig=0
Effect[0] dat0=0
Effect[0] dat1=0
Effect[0] dat2=0

Effect[1] type=0
Effect[1] trig=0
Effect[1] dat0=0
Effect[1] dat1=0
Effect[1] dat2=0

Effect[2] type=0
Effect[2] trig=0
Effect[2] dat0=0
Effect[2] dat1=0
Effect[2] dat2=0

Effect[3] type=0
Effect[3] trig=0
Effect[3] dat0=0
Effect[3] dat1=0
Effect[3] dat2=0

Effect[4] type=0
Effect[4] trig=0
Effect[4] dat0=0
Effect[4] dat1=0
Effect[4] dat2=0

Effect[5] type=0
Effect[5] trig=0
Effect[5] dat0=0
Effect[5] dat1=0
Effect[5] dat2=0

Effect[6] type=0
Effect[6] trig=0
Effect[6] dat0=0
Effect[6] dat1=0
Effect[6] dat2=0

Effect[7] type=0
Effect[7] trig=0
Effect[7] dat0=0
Effect[7] dat1=0
Effect[7] dat2=0

sizeof itemdesc=71
wrote output file


Reading file:[DES00072.TXT]
Type=9
Sub=2
Numstackable=3
DestroyOn=0

Effect[0] type=0
Effect[0] trig=0
Effect[0] dat0=0
Effect[0] dat1=0
Effect[0] dat2=0

Effect[1] type=0
Effect[1] trig=0
Effect[1] dat0=0
Effect[1] dat1=0
Effect[1] dat2=0

Effect[2] type=0
Effect[2] trig=0
Effect[2] dat0=0
Effect[2] dat1=0
Effect[2] dat2=0

Effect[3] type=0
Effect[3] trig=0
Effect[3] dat0=0
Effect[3] dat1=0
Effect[3] dat2=0

Effect[4] type=0
Effect[4] trig=0
Effect[4] dat0=0
Effect[4] dat1=0
Effect[4] dat2=0

Effect[5] type=0
Effect[5] trig=0
Effect[5] dat0=0
Effect[5] dat1=0
Effect[5] dat2=0

Effect[6] type=0
Effect[6] trig=0
Effect[6] dat0=0
Effect[6] dat1=0
Effect[6] dat2=0

Effect[7] type=0
Effect[7] trig=0
Effect[7] dat0=0
Effect[7] dat1=0
Effect[7] dat2=0

sizeof itemdesc=71
wrote output file


Reading file:[DES00077.TXT]
Type=9
Sub=2
Numstackable=1
DestroyOn=0

Effect[0] type=0
Effect[0] trig=0
Effect[0] dat0=0
Effect[0] dat1=0
Effect[0] dat2=0

Effect[1] type=0
Effect[1] trig=0
Effect[1] dat0=0
Effect[1] dat1=0
Effect[1] dat2=0

Effect[2] type=0
Effect[2] trig=0
Effect[2] dat0=0
Effect[2] dat1=0
Effect[2] dat2=0

Effect[3] type=0
Effect[3] trig=0
Effect[3] dat0=0
Effect[3] dat1=0
Effect[3] dat2=0

Effect[4] type=0
Effect[4] trig=0
Effect[4] dat0=0
Effect[4] dat1=0
Effect[4] dat2=0

Effect[5] type=0
Effect[5] trig=0
Effect[5] dat0=0
Effect[5] dat1=0
Effect[5] dat2=0

Effect[6] type=0
Effect[6] trig=0
Effect[6] dat0=0
Effect[6] dat1=0
Effect[6] dat2=0

Effect[7] type=0
Effect[7] trig=0
Effect[7] dat0=0
Effect[7] dat1=0
Effect[7] dat2=0

sizeof itemdesc=71
wrote output file


Reading file:[DES00078.TXT]
Type=9
Sub=2
Numstackable=1
DestroyOn=0

Effect[0] type=0
Effect[0] trig=0
Effect[0] dat0=0
Effect[0] dat1=0
Effect[0] dat2=0

Effect[1] type=0
Effect[1] trig=0
Effect[1] dat0=0
Effect[1] dat1=0
Effect[1] dat2=0

Effect[2] type=0
Effect[2] trig=0
Effect[2] dat0=0
Effect[2] dat1=0
Effect[2] dat2=0

Effect[3] type=0
Effect[3] trig=0
Effect[3] dat0=0
Effect[3] dat1=0
Effect[3] dat2=0

Effect[4] type=0
Effect[4] trig=0
Effect[4] dat0=0
Effect[4] dat1=0
Effect[4] dat2=0

Effect[5] type=0
Effect[5] trig=0
Effect[5] dat0=0
Effect[5] dat1=0
Effect[5] dat2=0

Effect[6] type=0
Effect[6] trig=0
Effect[6] dat0=0
Effect[6] dat1=0
Effect[6] dat2=0

Effect[7] type=0
Effect[7] trig=0
Effect[7] dat0=0
Effect[7] dat1=0
Effect[7] dat2=0

sizeof itemdesc=71
wrote output file


Reading file:[DES00100.TXT]
Type=10
Sub=0
Numstackable=1
DestroyOn=1

Effect[0] type=3
Effect[0] trig=1
Effect[0] dat0=0
Effect[0] dat1=1
Effect[0] dat2=0

Effect[1] type=0
Effect[1] trig=0
Effect[1] dat0=0
Effect[1] dat1=0
Effect[1] dat2=0

Effect[2] type=0
Effect[2] trig=0
Effect[2] dat0=0
Effect[2] dat1=0
Effect[2] dat2=0

Effect[3] type=0
Effect[3] trig=0
Effect[3] dat0=0
Effect[3] dat1=0
Effect[3] dat2=0

Effect[4] type=0
Effect[4] trig=0
Effect[4] dat0=0
Effect[4] dat1=0
Effect[4] dat2=0

Effect[5] type=0
Effect[5] trig=0
Effect[5] dat0=0
Effect[5] dat1=0
Effect[5] dat2=0

Effect[6] type=0
Effect[6] trig=0
Effect[6] dat0=0
Effect[6] dat1=0
Effect[6] dat2=0

Effect[7] type=0
Effect[7] trig=0
Effect[7] dat0=0
Effect[7] dat1=0
Effect[7] dat2=0

sizeof itemdesc=71
wrote output file


Reading file:[DES00101.TXT]
Type=10
Sub=0
Numstackable=1
DestroyOn=1

Effect[0] type=3
Effect[0] trig=1
Effect[0] dat0=0
Effect[0] dat1=5
Effect[0] dat2=0

Effect[1] type=0
Effect[1] trig=0
Effect[1] dat0=0
Effect[1] dat1=0
Effect[1] dat2=0

Effect[2] type=0
Effect[2] trig=0
Effect[2] dat0=0
Effect[2] dat1=0
Effect[2] dat2=0

Effect[3] type=0
Effect[3] trig=0
Effect[3] dat0=0
Effect[3] dat1=0
Effect[3] dat2=0

Effect[4] type=0
Effect[4] trig=0
Effect[4] dat0=0
Effect[4] dat1=0
Effect[4] dat2=0

Effect[5] type=0
Effect[5] trig=0
Effect[5] dat0=0
Effect[5] dat1=0
Effect[5] dat2=0

Effect[6] type=0
Effect[6] trig=0
Effect[6] dat0=0
Effect[6] dat1=0
Effect[6] dat2=0

Effect[7] type=0
Effect[7] trig=0
Effect[7] dat0=0
Effect[7] dat1=0
Effect[7] dat2=0

sizeof itemdesc=71
wrote output file


Reading file:[DES00102.TXT]
Type=10
Sub=1
Numstackable=1
DestroyOn=1

Effect[0] type=3
Effect[0] trig=1
Effect[0] dat0=1
Effect[0] dat1=1
Effect[0] dat2=0

Effect[1] type=0
Effect[1] trig=0
Effect[1] dat0=0
Effect[1] dat1=0
Effect[1] dat2=0

Effect[2] type=0
Effect[2] trig=0
Effect[2] dat0=0
Effect[2] dat1=0
Effect[2] dat2=0

Effect[3] type=0
Effect[3] trig=0
Effect[3] dat0=0
Effect[3] dat1=0
Effect[3] dat2=0

Effect[4] type=0
Effect[4] trig=0
Effect[4] dat0=0
Effect[4] dat1=0
Effect[4] dat2=0

Effect[5] type=0
Effect[5] trig=0
Effect[5] dat0=0
Effect[5] dat1=0
Effect[5] dat2=0

Effect[6] type=0
Effect[6] trig=0
Effect[6] dat0=0
Effect[6] dat1=0
Effect[6] dat2=0

Effect[7] type=0
Effect[7] trig=0
Effect[7] dat0=0
Effect[7] dat1=0
Effect[7] dat2=0

sizeof itemdesc=71
wrote output file


Reading file:[DES00103.TXT]
Type=10
Sub=1
Numstackable=1
DestroyOn=1

Effect[0] type=3
Effect[0] trig=1
Effect[0] dat0=1
Effect[0] dat1=5
Effect[0] dat2=0

Effect[1] type=0
Effect[1] trig=0
Effect[1] dat0=0
Effect[1] dat1=0
Effect[1] dat2=0

Effect[2] type=0
Effect[2] trig=0
Effect[2] dat0=0
Effect[2] dat1=0
Effect[2] dat2=0

Effect[3] type=0
Effect[3] trig=0
Effect[3] dat0=0
Effect[3] dat1=0
Effect[3] dat2=0

Effect[4] type=0
Effect[4] trig=0
Effect[4] dat0=0
Effect[4] dat1=0
Effect[4] dat2=0

Effect[5] type=0
Effect[5] trig=0
Effect[5] dat0=0
Effect[5] dat1=0
Effect[5] dat2=0

Effect[6] type=0
Effect[6] trig=0
Effect[6] dat0=0
Effect[6] dat1=0
Effect[6] dat2=0

Effect[7] type=0
Effect[7] trig=0
Effect[7] dat0=0
Effect[7] dat1=0
Effect[7] dat2=0

sizeof itemdesc=71
wrote output file


Reading file:[DES00104.TXT]
Type=10
Sub=2
Numstackable=1
DestroyOn=1

Effect[0] type=3
Effect[0] trig=1
Effect[0] dat0=2
Effect[0] dat1=1
Effect[0] dat2=0

Effect[1] type=0
Effect[1] trig=0
Effect[1] dat0=0
Effect[1] dat1=0
Effect[1] dat2=0

Effect[2] type=0
Effect[2] trig=0
Effect[2] dat0=0
Effect[2] dat1=0
Effect[2] dat2=0

Effect[3] type=0
Effect[3] trig=0
Effect[3] dat0=0
Effect[3] dat1=0
Effect[3] dat2=0

Effect[4] type=0
Effect[4] trig=0
Effect[4] dat0=0
Effect[4] dat1=0
Effect[4] dat2=0

Effect[5] type=0
Effect[5] trig=0
Effect[5] dat0=0
Effect[5] dat1=0
Effect[5] dat2=0

Effect[6] type=0
Effect[6] trig=0
Effect[6] dat0=0
Effect[6] dat1=0
Effect[6] dat2=0

Effect[7] type=0
Effect[7] trig=0
Effect[7] dat0=0
Effect[7] dat1=0
Effect[7] dat2=0

sizeof itemdesc=71
wrote output file


Reading file:[DES00105.TXT]
Type=10
Sub=2
Numstackable=1
DestroyOn=1

Effect[0] type=3
Effect[0] trig=1
Effect[0] dat0=2
Effect[0] dat1=5
Effect[0] dat2=0

Effect[1] type=0
Effect[1] trig=0
Effect[1] dat0=0
Effect[1] dat1=0
Effect[1] dat2=0

Effect[2] type=0
Effect[2] trig=0
Effect[2] dat0=0
Effect[2] dat1=0
Effect[2] dat2=0

Effect[3] type=0
Effect[3] trig=0
Effect[3] dat0=0
Effect[3] dat1=0
Effect[3] dat2=0

Effect[4] type=0
Effect[4] trig=0
Effect[4] dat0=0
Effect[4] dat1=0
Effect[4] dat2=0

Effect[5] type=0
Effect[5] trig=0
Effect[5] dat0=0
Effect[5] dat1=0
Effect[5] dat2=0

Effect[6] type=0
Effect[6] trig=0
Effect[6] dat0=0
Effect[6] dat1=0
Effect[6] dat2=0

Effect[7] type=0
Effect[7] trig=0
Effect[7] dat0=0
Effect[7] dat1=0
Effect[7] dat2=0

sizeof itemdesc=71
wrote output file


Reading file:[DES00106.TXT]
Type=10
Sub=3
Numstackable=1
DestroyOn=1

Effect[0] type=3
Effect[0] trig=1
Effect[0] dat0=3
Effect[0] dat1=1
Effect[0] dat2=0

Effect[1] type=0
Effect[1] trig=0
Effect[1] dat0=0
Effect[1] dat1=0
Effect[1] dat2=0

Effect[2] type=0
Effect[2] trig=0
Effect[2] dat0=0
Effect[2] dat1=0
Effect[2] dat2=0

Effect[3] type=0
Effect[3] trig=0
Effect[3] dat0=0
Effect[3] dat1=0
Effect[3] dat2=0

Effect[4] type=0
Effect[4] trig=0
Effect[4] dat0=0
Effect[4] dat1=0
Effect[4] dat2=0

Effect[5] type=0
Effect[5] trig=0
Effect[5] dat0=0
Effect[5] dat1=0
Effect[5] dat2=0

Effect[6] type=0
Effect[6] trig=0
Effect[6] dat0=0
Effect[6] dat1=0
Effect[6] dat2=0

Effect[7] type=0
Effect[7] trig=0
Effect[7] dat0=0
Effect[7] dat1=0
Effect[7] dat2=0

sizeof itemdesc=71
wrote output file


Reading file:[DES00107.TXT]
Type=10
Sub=3
Numstackable=1
DestroyOn=1

Effect[0] type=3
Effect[0] trig=1
Effect[0] dat0=3
Effect[0] dat1=5
Effect[0] dat2=0

Effect[1] type=0
Effect[1] trig=0
Effect[1] dat0=0
Effect[1] dat1=0
Effect[1] dat2=0

Effect[2] type=0
Effect[2] trig=0
Effect[2] dat0=0
Effect[2] dat1=0
Effect[2] dat2=0

Effect[3] type=0
Effect[3] trig=0
Effect[3] dat0=0
Effect[3] dat1=0
Effect[3] dat2=0

Effect[4] type=0
Effect[4] trig=0
Effect[4] dat0=0
Effect[4] dat1=0
Effect[4] dat2=0

Effect[5] type=0
Effect[5] trig=0
Effect[5] dat0=0
Effect[5] dat1=0
Effect[5] dat2=0

Effect[6] type=0
Effect[6] trig=0
Effect[6] dat0=0
Effect[6] dat1=0
Effect[6] dat2=0

Effect[7] type=0
Effect[7] trig=0
Effect[7] dat0=0
Effect[7] dat1=0
Effect[7] dat2=0

sizeof itemdesc=71
wrote output file


Reading file:[DES00108.TXT]
Type=9
Sub=2
Numstackable=20
DestroyOn=0

Effect[0] type=0
Effect[0] trig=0
Effect[0] dat0=0
Effect[0] dat1=0
Effect[0] dat2=0

Effect[1] type=0
Effect[1] trig=0
Effect[1] dat0=0
Effect[1] dat1=0
Effect[1] dat2=0

Effect[2] type=0
Effect[2] trig=0
Effect[2] dat0=0
Effect[2] dat1=0
Effect[2] dat2=0

Effect[3] type=0
Effect[3] trig=0
Effect[3] dat0=0
Effect[3] dat1=0
Effect[3] dat2=0

Effect[4] type=0
Effect[4] trig=0
Effect[4] dat0=0
Effect[4] dat1=0
Effect[4] dat2=0

Effect[5] type=0
Effect[5] trig=0
Effect[5] dat0=0
Effect[5] dat1=0
Effect[5] dat2=0

Effect[6] type=0
Effect[6] trig=0
Effect[6] dat0=0
Effect[6] dat1=0
Effect[6] dat2=0

Effect[7] type=0
Effect[7] trig=0
Effect[7] dat0=0
Effect[7] dat1=0
Effect[7] dat2=0

sizeof itemdesc=71
wrote output file


Reading file:[DES00109.TXT]
Type=0
Sub=1
Numstackable=1
DestroyOn=0

Effect[0] type=1
Effect[0] trig=3
Effect[0] dat0=2
Effect[0] dat1=0
Effect[0] dat2=0

Effect[1] type=1
Effect[1] trig=4
Effect[1] dat0=0
Effect[1] dat1=0
Effect[1] dat2=0

Effect[2] type=0
Effect[2] trig=0
Effect[2] dat0=0
Effect[2] dat1=0
Effect[2] dat2=0

Effect[3] type=0
Effect[3] trig=0
Effect[3] dat0=0
Effect[3] dat1=0
Effect[3] dat2=0

Effect[4] type=0
Effect[4] trig=0
Effect[4] dat0=0
Effect[4] dat1=0
Effect[4] dat2=0

Effect[5] type=0
Effect[5] trig=0
Effect[5] dat0=0
Effect[5] dat1=0
Effect[5] dat2=0

Effect[6] type=0
Effect[6] trig=0
Effect[6] dat0=0
Effect[6] dat1=0
Effect[6] dat2=0

Effect[7] type=0
Effect[7] trig=0
Effect[7] dat0=0
Effect[7] dat1=0
Effect[7] dat2=0

sizeof itemdesc=71
wrote output file


Reading file:[DES00110.TXT]
Type=9
Sub=2
Numstackable=3
DestroyOn=0

Effect[0] type=0
Effect[0] trig=0
Effect[0] dat0=0
Effect[0] dat1=0
Effect[0] dat2=0

Effect[1] type=0
Effect[1] trig=0
Effect[1] dat0=0
Effect[1] dat1=0
Effect[1] dat2=0

Effect[2] type=0
Effect[2] trig=0
Effect[2] dat0=0
Effect[2] dat1=0
Effect[2] dat2=0

Effect[3] type=0
Effect[3] trig=0
Effect[3] dat0=0
Effect[3] dat1=0
Effect[3] dat2=0

Effect[4] type=0
Effect[4] trig=0
Effect[4] dat0=0
Effect[4] dat1=0
Effect[4] dat2=0

Effect[5] type=0
Effect[5] trig=0
Effect[5] dat0=0
Effect[5] dat1=0
Effect[5] dat2=0

Effect[6] type=0
Effect[6] trig=0
Effect[6] dat0=0
Effect[6] dat1=0
Effect[6] dat2=0

Effect[7] type=0
Effect[7] trig=0
Effect[7] dat0=0
Effect[7] dat1=0
Effect[7] dat2=0

sizeof itemdesc=71
wrote output file


Reading file:[DES00111.TXT]
Type=9
Sub=2
Numstackable=3
DestroyOn=0

Effect[0] type=0
Effect[0] trig=0
Effect[0] dat0=0
Effect[0] dat1=0
Effect[0] dat2=0

Effect[1] type=0
Effect[1] trig=0
Effect[1] dat0=0
Effect[1] dat1=0
Effect[1] dat2=0

Effect[2] type=0
Effect[2] trig=0
Effect[2] dat0=0
Effect[2] dat1=0
Effect[2] dat2=0

Effect[3] type=0
Effect[3] trig=0
Effect[3] dat0=0
Effect[3] dat1=0
Effect[3] dat2=0

Effect[4] type=0
Effect[4] trig=0
Effect[4] dat0=0
Effect[4] dat1=0
Effect[4] dat2=0

Effect[5] type=0
Effect[5] trig=0
Effect[5] dat0=0
Effect[5] dat1=0
Effect[5] dat2=0

Effect[6] type=0
Effect[6] trig=0
Effect[6] dat0=0
Effect[6] dat1=0
Effect[6] dat2=0

Effect[7] type=0
Effect[7] trig=0
Effect[7] dat0=0
Effect[7] dat1=0
Effect[7] dat2=0

sizeof itemdesc=71
wrote output file


Reading file:[DES00112.TXT]
Type=9
Sub=2
Numstackable=3
DestroyOn=0

Effect[0] type=0
Effect[0] trig=0
Effect[0] dat0=0
Effect[0] dat1=0
Effect[0] dat2=0

Effect[1] type=0
Effect[1] trig=0
Effect[1] dat0=0
Effect[1] dat1=0
Effect[1] dat2=0

Effect[2] type=0
Effect[2] trig=0
Effect[2] dat0=0
Effect[2] dat1=0
Effect[2] dat2=0

Effect[3] type=0
Effect[3] trig=0
Effect[3] dat0=0
Effect[3] dat1=0
Effect[3] dat2=0

Effect[4] type=0
Effect[4] trig=0
Effect[4] dat0=0
Effect[4] dat1=0
Effect[4] dat2=0

Effect[5] type=0
Effect[5] trig=0
Effect[5] dat0=0
Effect[5] dat1=0
Effect[5] dat2=0

Effect[6] type=0
Effect[6] trig=0
Effect[6] dat0=0
Effect[6] dat1=0
Effect[6] dat2=0

Effect[7] type=0
Effect[7] trig=0
Effect[7] dat0=0
Effect[7] dat1=0
Effect[7] dat2=0

sizeof itemdesc=71
wrote output file


Reading file:[DES00113.TXT]
Type=9
Sub=2
Numstackable=3
DestroyOn=0

Effect[0] type=0
Effect[0] trig=0
Effect[0] dat0=0
Effect[0] dat1=0
Effect[0] dat2=0

Effect[1] type=0
Effect[1] trig=0
Effect[1] dat0=0
Effect[1] dat1=0
Effect[1] dat2=0

Effect[2] type=0
Effect[2] trig=0
Effect[2] dat0=0
Effect[2] dat1=0
Effect[2] dat2=0

Effect[3] type=0
Effect[3] trig=0
Effect[3] dat0=0
Effect[3] dat1=0
Effect[3] dat2=0

Effect[4] type=0
Effect[4] trig=0
Effect[4] dat0=0
Effect[4] dat1=0
Effect[4] dat2=0

Effect[5] type=0
Effect[5] trig=0
Effect[5] dat0=0
Effect[5] dat1=0
Effect[5] dat2=0

Effect[6] type=0
Effect[6] trig=0
Effect[6] dat0=0
Effect[6] dat1=0
Effect[6] dat2=0

Effect[7] type=0
Effect[7] trig=0
Effect[7] dat0=0
Effect[7] dat1=0
Effect[7] dat2=0

sizeof itemdesc=71
wrote output file


Reading file:[DES00114.TXT]
Type=9
Sub=2
Numstackable=1
DestroyOn=0

Effect[0] type=0
Effect[0] trig=0
Effect[0] dat0=0
Effect[0] dat1=0
Effect[0] dat2=0

Effect[1] type=0
Effect[1] trig=0
Effect[1] dat0=0
Effect[1] dat1=0
Effect[1] dat2=0

Effect[2] type=0
Effect[2] trig=0
Effect[2] dat0=0
Effect[2] dat1=0
Effect[2] dat2=0

Effect[3] type=0
Effect[3] trig=0
Effect[3] dat0=0
Effect[3] dat1=0
Effect[3] dat2=0

Effect[4] type=0
Effect[4] trig=0
Effect[4] dat0=0
Effect[4] dat1=0
Effect[4] dat2=0

Effect[5] type=0
Effect[5] trig=0
Effect[5] dat0=0
Effect[5] dat1=0
Effect[5] dat2=0

Effect[6] type=0
Effect[6] trig=0
Effect[6] dat0=0
Effect[6] dat1=0
Effect[6] dat2=0

Effect[7] type=0
Effect[7] trig=0
Effect[7] dat0=0
Effect[7] dat1=0
Effect[7] dat2=0

sizeof itemdesc=71
wrote output file


Reading file:[DES00115.TXT]
Type=9
Sub=2
Numstackable=1
DestroyOn=0

Effect[0] type=0
Effect[0] trig=0
Effect[0] dat0=0
Effect[0] dat1=0
Effect[0] dat2=0

Effect[1] type=0
Effect[1] trig=0
Effect[1] dat0=0
Effect[1] dat1=0
Effect[1] dat2=0

Effect[2] type=0
Effect[2] trig=0
Effect[2] dat0=0
Effect[2] dat1=0
Effect[2] dat2=0

Effect[3] type=0
Effect[3] trig=0
Effect[3] dat0=0
Effect[3] dat1=0
Effect[3] dat2=0

Effect[4] type=0
Effect[4] trig=0
Effect[4] dat0=0
Effect[4] dat1=0
Effect[4] dat2=0

Effect[5] type=0
Effect[5] trig=0
Effect[5] dat0=0
Effect[5] dat1=0
Effect[5] dat2=0

Effect[6] type=0
Effect[6] trig=0
Effect[6] dat0=0
Effect[6] dat1=0
Effect[6] dat2=0

Effect[7] type=0
Effect[7] trig=0
Effect[7] dat0=0
Effect[7] dat1=0
Effect[7] dat2=0

sizeof itemdesc=71
wrote output file


Reading file:[DES00116.TXT]
Type=9
Sub=2
Numstackable=1
DestroyOn=0

Effect[0] type=0
Effect[0] trig=0
Effect[0] dat0=0
Effect[0] dat1=0
Effect[0] dat2=0

Effect[1] type=0
Effect[1] trig=0
Effect[1] dat0=0
Effect[1] dat1=0
Effect[1] dat2=0

Effect[2] type=0
Effect[2] trig=0
Effect[2] dat0=0
Effect[2] dat1=0
Effect[2] dat2=0

Effect[3] type=0
Effect[3] trig=0
Effect[3] dat0=0
Effect[3] dat1=0
Effect[3] dat2=0

Effect[4] type=0
Effect[4] trig=0
Effect[4] dat0=0
Effect[4] dat1=0
Effect[4] dat2=0

Effect[5] type=0
Effect[5] trig=0
Effect[5] dat0=0
Effect[5] dat1=0
Effect[5] dat2=0

Effect[6] type=0
Effect[6] trig=0
Effect[6] dat0=0
Effect[6] dat1=0
Effect[6] dat2=0

Effect[7] type=0
Effect[7] trig=0
Effect[7] dat0=0
Effect[7] dat1=0
Effect[7] dat2=0

sizeof itemdesc=71
wrote output file


Reading file:[DES00117.TXT]
Type=10
Sub=2
Numstackable=1
DestroyOn=1

Effect[0] type=3
Effect[0] trig=1
Effect[0] dat0=2
Effect[0] dat1=100
Effect[0] dat2=0

Effect[1] type=23
Effect[1] trig=1
Effect[1] dat0=117
Effect[1] dat1=0
Effect[1] dat2=0

Effect[2] type=0
Effect[2] trig=0
Effect[2] dat0=0
Effect[2] dat1=0
Effect[2] dat2=0

Effect[3] type=0
Effect[3] trig=0
Effect[3] dat0=0
Effect[3] dat1=0
Effect[3] dat2=0

Effect[4] type=0
Effect[4] trig=0
Effect[4] dat0=0
Effect[4] dat1=0
Effect[4] dat2=0

Effect[5] type=0
Effect[5] trig=0
Effect[5] dat0=0
Effect[5] dat1=0
Effect[5] dat2=0

Effect[6] type=0
Effect[6] trig=0
Effect[6] dat0=0
Effect[6] dat1=0
Effect[6] dat2=0

Effect[7] type=0
Effect[7] trig=0
Effect[7] dat0=0
Effect[7] dat1=0
Effect[7] dat2=0

sizeof itemdesc=71
wrote output file


Reading file:[DES00118.TXT]
Type=9
Sub=2
Numstackable=1
DestroyOn=0

Effect[0] type=0
Effect[0] trig=0
Effect[0] dat0=0
Effect[0] dat1=0
Effect[0] dat2=0

Effect[1] type=0
Effect[1] trig=0
Effect[1] dat0=0
Effect[1] dat1=0
Effect[1] dat2=0

Effect[2] type=0
Effect[2] trig=0
Effect[2] dat0=0
Effect[2] dat1=0
Effect[2] dat2=0

Effect[3] type=0
Effect[3] trig=0
Effect[3] dat0=0
Effect[3] dat1=0
Effect[3] dat2=0

Effect[4] type=0
Effect[4] trig=0
Effect[4] dat0=0
Effect[4] dat1=0
Effect[4] dat2=0

Effect[5] type=0
Effect[5] trig=0
Effect[5] dat0=0
Effect[5] dat1=0
Effect[5] dat2=0

Effect[6] type=0
Effect[6] trig=0
Effect[6] dat0=0
Effect[6] dat1=0
Effect[6] dat2=0

Effect[7] type=0
Effect[7] trig=0
Effect[7] dat0=0
Effect[7] dat1=0
Effect[7] dat2=0

sizeof itemdesc=71
wrote output file


Reading file:[DES00119.TXT]
Type=9
Sub=2
Numstackable=1
DestroyOn=0

Effect[0] type=0
Effect[0] trig=0
Effect[0] dat0=0
Effect[0] dat1=0
Effect[0] dat2=0

Effect[1] type=0
Effect[1] trig=0
Effect[1] dat0=0
Effect[1] dat1=0
Effect[1] dat2=0

Effect[2] type=0
Effect[2] trig=0
Effect[2] dat0=0
Effect[2] dat1=0
Effect[2] dat2=0

Effect[3] type=0
Effect[3] trig=0
Effect[3] dat0=0
Effect[3] dat1=0
Effect[3] dat2=0

Effect[4] type=0
Effect[4] trig=0
Effect[4] dat0=0
Effect[4] dat1=0
Effect[4] dat2=0

Effect[5] type=0
Effect[5] trig=0
Effect[5] dat0=0
Effect[5] dat1=0
Effect[5] dat2=0

Effect[6] type=0
Effect[6] trig=0
Effect[6] dat0=0
Effect[6] dat1=0
Effect[6] dat2=0

Effect[7] type=0
Effect[7] trig=0
Effect[7] dat0=0
Effect[7] dat1=0
Effect[7] dat2=0

sizeof itemdesc=71
wrote output file


Reading file:[DES00143.TXT]
Type=9
Sub=2
Numstackable=1
DestroyOn=0

Effect[0] type=58
Effect[0] trig=2
Effect[0] dat0=0
Effect[0] dat1=0
Effect[0] dat2=0

Effect[1] type=0
Effect[1] trig=0
Effect[1] dat0=0
Effect[1] dat1=0
Effect[1] dat2=0

Effect[2] type=0
Effect[2] trig=0
Effect[2] dat0=0
Effect[2] dat1=0
Effect[2] dat2=0

Effect[3] type=0
Effect[3] trig=0
Effect[3] dat0=0
Effect[3] dat1=0
Effect[3] dat2=0

Effect[4] type=0
Effect[4] trig=0
Effect[4] dat0=0
Effect[4] dat1=0
Effect[4] dat2=0

Effect[5] type=0
Effect[5] trig=0
Effect[5] dat0=0
Effect[5] dat1=0
Effect[5] dat2=0

Effect[6] type=0
Effect[6] trig=0
Effect[6] dat0=0
Effect[6] dat1=0
Effect[6] dat2=0

Effect[7] type=0
Effect[7] trig=0
Effect[7] dat0=0
Effect[7] dat1=0
Effect[7] dat2=0

sizeof itemdesc=71
wrote output file


Reading file:[DES00144.TXT]
setting up quiver or bolt
Type=12
Sub=0
Numstackable=12
DestroyOn=1

Effect[0] type=4
Effect[0] trig=1
Effect[0] dat0=0
Effect[0] dat1=12
Effect[0] dat2=0

Effect[1] type=0
Effect[1] trig=0
Effect[1] dat0=0
Effect[1] dat1=0
Effect[1] dat2=0

Effect[2] type=0
Effect[2] trig=0
Effect[2] dat0=0
Effect[2] dat1=0
Effect[2] dat2=0

Effect[3] type=0
Effect[3] trig=0
Effect[3] dat0=0
Effect[3] dat1=0
Effect[3] dat2=0

Effect[4] type=0
Effect[4] trig=0
Effect[4] dat0=0
Effect[4] dat1=0
Effect[4] dat2=0

Effect[5] type=0
Effect[5] trig=0
Effect[5] dat0=0
Effect[5] dat1=0
Effect[5] dat2=0

Effect[6] type=0
Effect[6] trig=0
Effect[6] dat0=0
Effect[6] dat1=0
Effect[6] dat2=0

Effect[7] type=0
Effect[7] trig=0
Effect[7] dat0=0
Effect[7] dat1=0
Effect[7] dat2=0

sizeof itemdesc=71
wrote output file


Reading file:[DES00145.TXT]
setting up quiver or bolt
Type=12
Sub=3
Numstackable=12
DestroyOn=1

Effect[0] type=4
Effect[0] trig=1
Effect[0] dat0=3
Effect[0] dat1=12
Effect[0] dat2=0

Effect[1] type=0
Effect[1] trig=0
Effect[1] dat0=0
Effect[1] dat1=0
Effect[1] dat2=0

Effect[2] type=0
Effect[2] trig=0
Effect[2] dat0=0
Effect[2] dat1=0
Effect[2] dat2=0

Effect[3] type=0
Effect[3] trig=0
Effect[3] dat0=0
Effect[3] dat1=0
Effect[3] dat2=0

Effect[4] type=0
Effect[4] trig=0
Effect[4] dat0=0
Effect[4] dat1=0
Effect[4] dat2=0

Effect[5] type=0
Effect[5] trig=0
Effect[5] dat0=0
Effect[5] dat1=0
Effect[5] dat2=0

Effect[6] type=0
Effect[6] trig=0
Effect[6] dat0=0
Effect[6] dat1=0
Effect[6] dat2=0

Effect[7] type=0
Effect[7] trig=0
Effect[7] dat0=0
Effect[7] dat1=0
Effect[7] dat2=0

sizeof itemdesc=71
wrote output file


Reading file:[DES00146.TXT]
setting up quiver or bolt
Type=12
Sub=1
Numstackable=12
DestroyOn=1

Effect[0] type=4
Effect[0] trig=1
Effect[0] dat0=1
Effect[0] dat1=12
Effect[0] dat2=0

Effect[1] type=0
Effect[1] trig=0
Effect[1] dat0=0
Effect[1] dat1=0
Effect[1] dat2=0

Effect[2] type=0
Effect[2] trig=0
Effect[2] dat0=0
Effect[2] dat1=0
Effect[2] dat2=0

Effect[3] type=0
Effect[3] trig=0
Effect[3] dat0=0
Effect[3] dat1=0
Effect[3] dat2=0

Effect[4] type=0
Effect[4] trig=0
Effect[4] dat0=0
Effect[4] dat1=0
Effect[4] dat2=0

Effect[5] type=0
Effect[5] trig=0
Effect[5] dat0=0
Effect[5] dat1=0
Effect[5] dat2=0

Effect[6] type=0
Effect[6] trig=0
Effect[6] dat0=0
Effect[6] dat1=0
Effect[6] dat2=0

Effect[7] type=0
Effect[7] trig=0
Effect[7] dat0=0
Effect[7] dat1=0
Effect[7] dat2=0

sizeof itemdesc=71
wrote output file


Reading file:[DES00147.TXT]
setting up quiver or bolt
Type=12
Sub=2
Numstackable=12
DestroyOn=1

Effect[0] type=4
Effect[0] trig=1
Effect[0] dat0=2
Effect[0] dat1=12
Effect[0] dat2=0

Effect[1] type=0
Effect[1] trig=0
Effect[1] dat0=0
Effect[1] dat1=0
Effect[1] dat2=0

Effect[2] type=0
Effect[2] trig=0
Effect[2] dat0=0
Effect[2] dat1=0
Effect[2] dat2=0

Effect[3] type=0
Effect[3] trig=0
Effect[3] dat0=0
Effect[3] dat1=0
Effect[3] dat2=0

Effect[4] type=0
Effect[4] trig=0
Effect[4] dat0=0
Effect[4] dat1=0
Effect[4] dat2=0

Effect[5] type=0
Effect[5] trig=0
Effect[5] dat0=0
Effect[5] dat1=0
Effect[5] dat2=0

Effect[6] type=0
Effect[6] trig=0
Effect[6] dat0=0
Effect[6] dat1=0
Effect[6] dat2=0

Effect[7] type=0
Effect[7] trig=0
Effect[7] dat0=0
Effect[7] dat1=0
Effect[7] dat2=0

sizeof itemdesc=71
wrote output file


Reading file:[DES00148.TXT]
setting up quiver or bolt
Type=12
Sub=6
Numstackable=12
DestroyOn=1

Effect[0] type=4
Effect[0] trig=1
Effect[0] dat0=6
Effect[0] dat1=12
Effect[0] dat2=0

Effect[1] type=0
Effect[1] trig=0
Effect[1] dat0=0
Effect[1] dat1=0
Effect[1] dat2=0

Effect[2] type=0
Effect[2] trig=0
Effect[2] dat0=0
Effect[2] dat1=0
Effect[2] dat2=0

Effect[3] type=0
Effect[3] trig=0
Effect[3] dat0=0
Effect[3] dat1=0
Effect[3] dat2=0

Effect[4] type=0
Effect[4] trig=0
Effect[4] dat0=0
Effect[4] dat1=0
Effect[4] dat2=0

Effect[5] type=0
Effect[5] trig=0
Effect[5] dat0=0
Effect[5] dat1=0
Effect[5] dat2=0

Effect[6] type=0
Effect[6] trig=0
Effect[6] dat0=0
Effect[6] dat1=0
Effect[6] dat2=0

Effect[7] type=0
Effect[7] trig=0
Effect[7] dat0=0
Effect[7] dat1=0
Effect[7] dat2=0

sizeof itemdesc=71
wrote output file


Reading file:[DES00149.TXT]
setting up quiver or bolt
Type=12
Sub=4
Numstackable=12
DestroyOn=1

Effect[0] type=4
Effect[0] trig=1
Effect[0] dat0=4
Effect[0] dat1=12
Effect[0] dat2=0

Effect[1] type=0
Effect[1] trig=0
Effect[1] dat0=0
Effect[1] dat1=0
Effect[1] dat2=0

Effect[2] type=0
Effect[2] trig=0
Effect[2] dat0=0
Effect[2] dat1=0
Effect[2] dat2=0

Effect[3] type=0
Effect[3] trig=0
Effect[3] dat0=0
Effect[3] dat1=0
Effect[3] dat2=0

Effect[4] type=0
Effect[4] trig=0
Effect[4] dat0=0
Effect[4] dat1=0
Effect[4] dat2=0

Effect[5] type=0
Effect[5] trig=0
Effect[5] dat0=0
Effect[5] dat1=0
Effect[5] dat2=0

Effect[6] type=0
Effect[6] trig=0
Effect[6] dat0=0
Effect[6] dat1=0
Effect[6] dat2=0

Effect[7] type=0
Effect[7] trig=0
Effect[7] dat0=0
Effect[7] dat1=0
Effect[7] dat2=0

sizeof itemdesc=71
wrote output file


Reading file:[DES00150.TXT]
setting up quiver or bolt
Type=12
Sub=5
Numstackable=12
DestroyOn=1

Effect[0] type=4
Effect[0] trig=1
Effect[0] dat0=5
Effect[0] dat1=12
Effect[0] dat2=0

Effect[1] type=0
Effect[1] trig=0
Effect[1] dat0=0
Effect[1] dat1=0
Effect[1] dat2=0

Effect[2] type=0
Effect[2] trig=0
Effect[2] dat0=0
Effect[2] dat1=0
Effect[2] dat2=0

Effect[3] type=0
Effect[3] trig=0
Effect[3] dat0=0
Effect[3] dat1=0
Effect[3] dat2=0

Effect[4] type=0
Effect[4] trig=0
Effect[4] dat0=0
Effect[4] dat1=0
Effect[4] dat2=0

Effect[5] type=0
Effect[5] trig=0
Effect[5] dat0=0
Effect[5] dat1=0
Effect[5] dat2=0

Effect[6] type=0
Effect[6] trig=0
Effect[6] dat0=0
Effect[6] dat1=0
Effect[6] dat2=0

Effect[7] type=0
Effect[7] trig=0
Effect[7] dat0=0
Effect[7] dat1=0
Effect[7] dat2=0

sizeof itemdesc=71
wrote output file


Reading file:[DES00200.TXT]
Type=0
Sub=2
Numstackable=1
DestroyOn=0

Effect[0] type=1
Effect[0] trig=3
Effect[0] dat0=6
Effect[0] dat1=6
Effect[0] dat2=10

Effect[1] type=1
Effect[1] trig=4
Effect[1] dat0=0
Effect[1] dat1=0
Effect[1] dat2=0

Effect[2] type=0
Effect[2] trig=0
Effect[2] dat0=0
Effect[2] dat1=0
Effect[2] dat2=0

Effect[3] type=0
Effect[3] trig=0
Effect[3] dat0=0
Effect[3] dat1=0
Effect[3] dat2=0

Effect[4] type=0
Effect[4] trig=0
Effect[4] dat0=0
Effect[4] dat1=0
Effect[4] dat2=0

Effect[5] type=0
Effect[5] trig=0
Effect[5] dat0=0
Effect[5] dat1=0
Effect[5] dat2=0

Effect[6] type=0
Effect[6] trig=0
Effect[6] dat0=0
Effect[6] dat1=0
Effect[6] dat2=0

Effect[7] type=0
Effect[7] trig=0
Effect[7] dat0=0
Effect[7] dat1=0
Effect[7] dat2=0

sizeof itemdesc=71
wrote output file


Reading file:[DES00201.TXT]
Type=0
Sub=5
Numstackable=1
DestroyOn=0

Effect[0] type=1
Effect[0] trig=3
Effect[0] dat0=5
Effect[0] dat1=10
Effect[0] dat2=0

Effect[1] type=1
Effect[1] trig=4
Effect[1] dat0=0
Effect[1] dat1=0
Effect[1] dat2=0

Effect[2] type=0
Effect[2] trig=0
Effect[2] dat0=0
Effect[2] dat1=0
Effect[2] dat2=0

Effect[3] type=0
Effect[3] trig=0
Effect[3] dat0=0
Effect[3] dat1=0
Effect[3] dat2=0

Effect[4] type=0
Effect[4] trig=0
Effect[4] dat0=0
Effect[4] dat1=0
Effect[4] dat2=0

Effect[5] type=0
Effect[5] trig=0
Effect[5] dat0=0
Effect[5] dat1=0
Effect[5] dat2=0

Effect[6] type=0
Effect[6] trig=0
Effect[6] dat0=0
Effect[6] dat1=0
Effect[6] dat2=0

Effect[7] type=0
Effect[7] trig=0
Effect[7] dat0=0
Effect[7] dat1=0
Effect[7] dat2=0

sizeof itemdesc=71
wrote output file


Reading file:[DES00202.TXT]
Type=0
Sub=6
Numstackable=1
DestroyOn=0

Effect[0] type=1
Effect[0] trig=3
Effect[0] dat0=7
Effect[0] dat1=8
Effect[0] dat2=0

Effect[1] type=1
Effect[1] trig=4
Effect[1] dat0=0
Effect[1] dat1=0
Effect[1] dat2=0

Effect[2] type=0
Effect[2] trig=0
Effect[2] dat0=0
Effect[2] dat1=0
Effect[2] dat2=0

Effect[3] type=0
Effect[3] trig=0
Effect[3] dat0=0
Effect[3] dat1=0
Effect[3] dat2=0

Effect[4] type=0
Effect[4] trig=0
Effect[4] dat0=0
Effect[4] dat1=0
Effect[4] dat2=0

Effect[5] type=0
Effect[5] trig=0
Effect[5] dat0=0
Effect[5] dat1=0
Effect[5] dat2=0

Effect[6] type=0
Effect[6] trig=0
Effect[6] dat0=0
Effect[6] dat1=0
Effect[6] dat2=0

Effect[7] type=0
Effect[7] trig=0
Effect[7] dat0=0
Effect[7] dat1=0
Effect[7] dat2=0

sizeof itemdesc=71
wrote output file


Reading file:[DES00203.TXT]
Type=0
Sub=4
Numstackable=1
DestroyOn=0

Effect[0] type=1
Effect[0] trig=3
Effect[0] dat0=1
Effect[0] dat1=10
Effect[0] dat2=10

Effect[1] type=1
Effect[1] trig=4
Effect[1] dat0=0
Effect[1] dat1=0
Effect[1] dat2=0

Effect[2] type=0
Effect[2] trig=0
Effect[2] dat0=0
Effect[2] dat1=0
Effect[2] dat2=0

Effect[3] type=0
Effect[3] trig=0
Effect[3] dat0=0
Effect[3] dat1=0
Effect[3] dat2=0

Effect[4] type=0
Effect[4] trig=0
Effect[4] dat0=0
Effect[4] dat1=0
Effect[4] dat2=0

Effect[5] type=0
Effect[5] trig=0
Effect[5] dat0=0
Effect[5] dat1=0
Effect[5] dat2=0

Effect[6] type=0
Effect[6] trig=0
Effect[6] dat0=0
Effect[6] dat1=0
Effect[6] dat2=0

Effect[7] type=0
Effect[7] trig=0
Effect[7] dat0=0
Effect[7] dat1=0
Effect[7] dat2=0

sizeof itemdesc=71
wrote output file


Reading file:[DES00204.TXT]
Type=0
Sub=3
Numstackable=1
DestroyOn=0

Effect[0] type=1
Effect[0] trig=3
Effect[0] dat0=1
Effect[0] dat1=12
Effect[0] dat2=0

Effect[1] type=1
Effect[1] trig=4
Effect[1] dat0=0
Effect[1] dat1=0
Effect[1] dat2=0

Effect[2] type=0
Effect[2] trig=0
Effect[2] dat0=0
Effect[2] dat1=0
Effect[2] dat2=0

Effect[3] type=0
Effect[3] trig=0
Effect[3] dat0=0
Effect[3] dat1=0
Effect[3] dat2=0

Effect[4] type=0
Effect[4] trig=0
Effect[4] dat0=0
Effect[4] dat1=0
Effect[4] dat2=0

Effect[5] type=0
Effect[5] trig=0
Effect[5] dat0=0
Effect[5] dat1=0
Effect[5] dat2=0

Effect[6] type=0
Effect[6] trig=0
Effect[6] dat0=0
Effect[6] dat1=0
Effect[6] dat2=0

Effect[7] type=0
Effect[7] trig=0
Effect[7] dat0=0
Effect[7] dat1=0
Effect[7] dat2=0

sizeof itemdesc=71
wrote output file


Reading file:[DES00205.TXT]
Type=0
Sub=1
Numstackable=1
DestroyOn=0

Effect[0] type=1
Effect[0] trig=3
Effect[0] dat0=5
Effect[0] dat1=11
Effect[0] dat2=0

Effect[1] type=1
Effect[1] trig=4
Effect[1] dat0=0
Effect[1] dat1=0
Effect[1] dat2=0

Effect[2] type=0
Effect[2] trig=0
Effect[2] dat0=0
Effect[2] dat1=0
Effect[2] dat2=0

Effect[3] type=0
Effect[3] trig=0
Effect[3] dat0=0
Effect[3] dat1=0
Effect[3] dat2=0

Effect[4] type=0
Effect[4] trig=0
Effect[4] dat0=0
Effect[4] dat1=0
Effect[4] dat2=0

Effect[5] type=0
Effect[5] trig=0
Effect[5] dat0=0
Effect[5] dat1=0
Effect[5] dat2=0

Effect[6] type=0
Effect[6] trig=0
Effect[6] dat0=0
Effect[6] dat1=0
Effect[6] dat2=0

Effect[7] type=0
Effect[7] trig=0
Effect[7] dat0=0
Effect[7] dat1=0
Effect[7] dat2=0

sizeof itemdesc=71
wrote output file


Reading file:[DES00206.TXT]
setting up quiver or bolt
Type=11
Sub=0
Numstackable=10
DestroyOn=1

Effect[0] type=4
Effect[0] trig=1
Effect[0] dat0=0
Effect[0] dat1=1
Effect[0] dat2=0

Effect[1] type=0
Effect[1] trig=0
Effect[1] dat0=0
Effect[1] dat1=0
Effect[1] dat2=0

Effect[2] type=0
Effect[2] trig=0
Effect[2] dat0=0
Effect[2] dat1=0
Effect[2] dat2=0

Effect[3] type=0
Effect[3] trig=0
Effect[3] dat0=0
Effect[3] dat1=0
Effect[3] dat2=0

Effect[4] type=0
Effect[4] trig=0
Effect[4] dat0=0
Effect[4] dat1=0
Effect[4] dat2=0

Effect[5] type=0
Effect[5] trig=0
Effect[5] dat0=0
Effect[5] dat1=0
Effect[5] dat2=0

Effect[6] type=0
Effect[6] trig=0
Effect[6] dat0=0
Effect[6] dat1=0
Effect[6] dat2=0

Effect[7] type=0
Effect[7] trig=0
Effect[7] dat0=0
Effect[7] dat1=0
Effect[7] dat2=0

sizeof itemdesc=71
wrote output file


Reading file:[DES00210.TXT]
Type=0
Sub=2
Numstackable=1
DestroyOn=0

Effect[0] type=23
Effect[0] trig=3
Effect[0] dat0=210
Effect[0] dat1=0
Effect[0] dat2=0

Effect[1] type=1
Effect[1] trig=3
Effect[1] dat0=6
Effect[1] dat1=14
Effect[1] dat2=10

Effect[2] type=1
Effect[2] trig=4
Effect[2] dat0=0
Effect[2] dat1=0
Effect[2] dat2=0

Effect[3] type=0
Effect[3] trig=0
Effect[3] dat0=0
Effect[3] dat1=0
Effect[3] dat2=0

Effect[4] type=0
Effect[4] trig=0
Effect[4] dat0=0
Effect[4] dat1=0
Effect[4] dat2=0

Effect[5] type=0
Effect[5] trig=0
Effect[5] dat0=0
Effect[5] dat1=0
Effect[5] dat2=0

Effect[6] type=0
Effect[6] trig=0
Effect[6] dat0=0
Effect[6] dat1=0
Effect[6] dat2=0

Effect[7] type=0
Effect[7] trig=0
Effect[7] dat0=0
Effect[7] dat1=0
Effect[7] dat2=0

sizeof itemdesc=71
wrote output file


Reading file:[DES00211.TXT]
Type=0
Sub=4
Numstackable=1
DestroyOn=0

Effect[0] type=23
Effect[0] trig=3
Effect[0] dat0=211
Effect[0] dat1=0
Effect[0] dat2=0

Effect[1] type=1
Effect[1] trig=3
Effect[1] dat0=1
Effect[1] dat1=18
Effect[1] dat2=10

Effect[2] type=1
Effect[2] trig=4
Effect[2] dat0=0
Effect[2] dat1=0
Effect[2] dat2=0

Effect[3] type=0
Effect[3] trig=0
Effect[3] dat0=0
Effect[3] dat1=0
Effect[3] dat2=0

Effect[4] type=0
Effect[4] trig=0
Effect[4] dat0=0
Effect[4] dat1=0
Effect[4] dat2=0

Effect[5] type=0
Effect[5] trig=0
Effect[5] dat0=0
Effect[5] dat1=0
Effect[5] dat2=0

Effect[6] type=0
Effect[6] trig=0
Effect[6] dat0=0
Effect[6] dat1=0
Effect[6] dat2=0

Effect[7] type=0
Effect[7] trig=0
Effect[7] dat0=0
Effect[7] dat1=0
Effect[7] dat2=0

sizeof itemdesc=71
wrote output file


Reading file:[DES00212.TXT]
Type=0
Sub=3
Numstackable=1
DestroyOn=0

Effect[0] type=23
Effect[0] trig=3
Effect[0] dat0=212
Effect[0] dat1=0
Effect[0] dat2=0

Effect[1] type=1
Effect[1] trig=3
Effect[1] dat0=1
Effect[1] dat1=20
Effect[1] dat2=0

Effect[2] type=1
Effect[2] trig=4
Effect[2] dat0=0
Effect[2] dat1=0
Effect[2] dat2=0

Effect[3] type=0
Effect[3] trig=0
Effect[3] dat0=0
Effect[3] dat1=0
Effect[3] dat2=0

Effect[4] type=0
Effect[4] trig=0
Effect[4] dat0=0
Effect[4] dat1=0
Effect[4] dat2=0

Effect[5] type=0
Effect[5] trig=0
Effect[5] dat0=0
Effect[5] dat1=0
Effect[5] dat2=0

Effect[6] type=0
Effect[6] trig=0
Effect[6] dat0=0
Effect[6] dat1=0
Effect[6] dat2=0

Effect[7] type=0
Effect[7] trig=0
Effect[7] dat0=0
Effect[7] dat1=0
Effect[7] dat2=0

sizeof itemdesc=71
wrote output file


Reading file:[DES00213.TXT]
Type=0
Sub=3
Numstackable=1
DestroyOn=0

Effect[0] type=1
Effect[0] trig=3
Effect[0] dat0=1
Effect[0] dat1=0
Effect[0] dat2=0

Effect[1] type=1
Effect[1] trig=4
Effect[1] dat0=0
Effect[1] dat1=0
Effect[1] dat2=0

Effect[2] type=0
Effect[2] trig=0
Effect[2] dat0=0
Effect[2] dat1=0
Effect[2] dat2=0

Effect[3] type=0
Effect[3] trig=0
Effect[3] dat0=0
Effect[3] dat1=0
Effect[3] dat2=0

Effect[4] type=0
Effect[4] trig=0
Effect[4] dat0=0
Effect[4] dat1=0
Effect[4] dat2=0

Effect[5] type=0
Effect[5] trig=0
Effect[5] dat0=0
Effect[5] dat1=0
Effect[5] dat2=0

Effect[6] type=0
Effect[6] trig=0
Effect[6] dat0=0
Effect[6] dat1=0
Effect[6] dat2=0

Effect[7] type=0
Effect[7] trig=0
Effect[7] dat0=0
Effect[7] dat1=0
Effect[7] dat2=0

sizeof itemdesc=71
wrote output file


Reading file:[DES00214.TXT]
Type=0
Sub=2
Numstackable=1
DestroyOn=0

Effect[0] type=23
Effect[0] trig=3
Effect[0] dat0=214
Effect[0] dat1=0
Effect[0] dat2=0

Effect[1] type=1
Effect[1] trig=3
Effect[1] dat0=6
Effect[1] dat1=12
Effect[1] dat2=10

Effect[2] type=1
Effect[2] trig=4
Effect[2] dat0=0
Effect[2] dat1=0
Effect[2] dat2=0

Effect[3] type=5
Effect[3] trig=3
Effect[3] dat0=35
Effect[3] dat1=0
Effect[3] dat2=0

Effect[4] type=6
Effect[4] trig=4
Effect[4] dat0=0
Effect[4] dat1=0
Effect[4] dat2=0

Effect[5] type=0
Effect[5] trig=0
Effect[5] dat0=0
Effect[5] dat1=0
Effect[5] dat2=0

Effect[6] type=0
Effect[6] trig=0
Effect[6] dat0=0
Effect[6] dat1=0
Effect[6] dat2=0

Effect[7] type=0
Effect[7] trig=0
Effect[7] dat0=0
Effect[7] dat1=0
Effect[7] dat2=0

sizeof itemdesc=71
wrote output file


Reading file:[DES00215.TXT]
Type=0
Sub=2
Numstackable=1
DestroyOn=0

Effect[0] type=23
Effect[0] trig=3
Effect[0] dat0=215
Effect[0] dat1=0
Effect[0] dat2=0

Effect[1] type=1
Effect[1] trig=3
Effect[1] dat0=6
Effect[1] dat1=12
Effect[1] dat2=10

Effect[2] type=1
Effect[2] trig=4
Effect[2] dat0=0
Effect[2] dat1=0
Effect[2] dat2=0

Effect[3] type=5
Effect[3] trig=3
Effect[3] dat0=33
Effect[3] dat1=0
Effect[3] dat2=0

Effect[4] type=6
Effect[4] trig=4
Effect[4] dat0=0
Effect[4] dat1=0
Effect[4] dat2=0

Effect[5] type=0
Effect[5] trig=0
Effect[5] dat0=0
Effect[5] dat1=0
Effect[5] dat2=0

Effect[6] type=0
Effect[6] trig=0
Effect[6] dat0=0
Effect[6] dat1=0
Effect[6] dat2=0

Effect[7] type=0
Effect[7] trig=0
Effect[7] dat0=0
Effect[7] dat1=0
Effect[7] dat2=0

sizeof itemdesc=71
wrote output file


Reading file:[DES00216.TXT]
Type=0
Sub=4
Numstackable=1
DestroyOn=0

Effect[0] type=23
Effect[0] trig=3
Effect[0] dat0=216
Effect[0] dat1=0
Effect[0] dat2=0

Effect[1] type=1
Effect[1] trig=3
Effect[1] dat0=1
Effect[1] dat1=16
Effect[1] dat2=10

Effect[2] type=1
Effect[2] trig=4
Effect[2] dat0=0
Effect[2] dat1=0
Effect[2] dat2=0

Effect[3] type=5
Effect[3] trig=3
Effect[3] dat0=33
Effect[3] dat1=0
Effect[3] dat2=0

Effect[4] type=6
Effect[4] trig=4
Effect[4] dat0=0
Effect[4] dat1=0
Effect[4] dat2=0

Effect[5] type=0
Effect[5] trig=0
Effect[5] dat0=0
Effect[5] dat1=0
Effect[5] dat2=0

Effect[6] type=0
Effect[6] trig=0
Effect[6] dat0=0
Effect[6] dat1=0
Effect[6] dat2=0

Effect[7] type=0
Effect[7] trig=0
Effect[7] dat0=0
Effect[7] dat1=0
Effect[7] dat2=0

sizeof itemdesc=71
wrote output file


Reading file:[DES00217.TXT]
Type=0
Sub=3
Numstackable=1
DestroyOn=0

Effect[0] type=23
Effect[0] trig=3
Effect[0] dat0=210
Effect[0] dat1=0
Effect[0] dat2=0

Effect[1] type=1
Effect[1] trig=3
Effect[1] dat0=1
Effect[1] dat1=18
Effect[1] dat2=0

Effect[2] type=1
Effect[2] trig=4
Effect[2] dat0=0
Effect[2] dat1=0
Effect[2] dat2=0

Effect[3] type=5
Effect[3] trig=3
Effect[3] dat0=33
Effect[3] dat1=0
Effect[3] dat2=0

Effect[4] type=6
Effect[4] trig=4
Effect[4] dat0=0
Effect[4] dat1=0
Effect[4] dat2=0

Effect[5] type=0
Effect[5] trig=0
Effect[5] dat0=0
Effect[5] dat1=0
Effect[5] dat2=0

Effect[6] type=0
Effect[6] trig=0
Effect[6] dat0=0
Effect[6] dat1=0
Effect[6] dat2=0

Effect[7] type=0
Effect[7] trig=0
Effect[7] dat0=0
Effect[7] dat1=0
Effect[7] dat2=0

sizeof itemdesc=71
wrote output file


Reading file:[DES00218.TXT]
setting up quiver or bolt
Type=11
Sub=3
Numstackable=10
DestroyOn=1

Effect[0] type=4
Effect[0] trig=1
Effect[0] dat0=3
Effect[0] dat1=1
Effect[0] dat2=0

Effect[1] type=0
Effect[1] trig=0
Effect[1] dat0=0
Effect[1] dat1=0
Effect[1] dat2=0

Effect[2] type=0
Effect[2] trig=0
Effect[2] dat0=0
Effect[2] dat1=0
Effect[2] dat2=0

Effect[3] type=0
Effect[3] trig=0
Effect[3] dat0=0
Effect[3] dat1=0
Effect[3] dat2=0

Effect[4] type=0
Effect[4] trig=0
Effect[4] dat0=0
Effect[4] dat1=0
Effect[4] dat2=0

Effect[5] type=0
Effect[5] trig=0
Effect[5] dat0=0
Effect[5] dat1=0
Effect[5] dat2=0

Effect[6] type=0
Effect[6] trig=0
Effect[6] dat0=0
Effect[6] dat1=0
Effect[6] dat2=0

Effect[7] type=0
Effect[7] trig=0
Effect[7] dat0=0
Effect[7] dat1=0
Effect[7] dat2=0

sizeof itemdesc=71
wrote output file


Reading file:[DES00219.TXT]
Type=0
Sub=6
Numstackable=1
DestroyOn=0

Effect[0] type=23
Effect[0] trig=3
Effect[0] dat0=219
Effect[0] dat1=0
Effect[0] dat2=0

Effect[1] type=1
Effect[1] trig=3
Effect[1] dat0=7
Effect[1] dat1=12
Effect[1] dat2=0

Effect[2] type=1
Effect[2] trig=4
Effect[2] dat0=0
Effect[2] dat1=0
Effect[2] dat2=0

Effect[3] type=5
Effect[3] trig=3
Effect[3] dat0=31
Effect[3] dat1=0
Effect[3] dat2=0

Effect[4] type=6
Effect[4] trig=4
Effect[4] dat0=0
Effect[4] dat1=0
Effect[4] dat2=0

Effect[5] type=0
Effect[5] trig=0
Effect[5] dat0=0
Effect[5] dat1=0
Effect[5] dat2=0

Effect[6] type=0
Effect[6] trig=0
Effect[6] dat0=0
Effect[6] dat1=0
Effect[6] dat2=0

Effect[7] type=0
Effect[7] trig=0
Effect[7] dat0=0
Effect[7] dat1=0
Effect[7] dat2=0

sizeof itemdesc=71
wrote output file


Reading file:[DES00220.TXT]
Type=0
Sub=2
Numstackable=1
DestroyOn=0

Effect[0] type=23
Effect[0] trig=3
Effect[0] dat0=220
Effect[0] dat1=0
Effect[0] dat2=0

Effect[1] type=1
Effect[1] trig=3
Effect[1] dat0=6
Effect[1] dat1=10
Effect[1] dat2=10

Effect[2] type=1
Effect[2] trig=4
Effect[2] dat0=0
Effect[2] dat1=0
Effect[2] dat2=0

Effect[3] type=5
Effect[3] trig=3
Effect[3] dat0=31
Effect[3] dat1=0
Effect[3] dat2=0

Effect[4] type=6
Effect[4] trig=4
Effect[4] dat0=0
Effect[4] dat1=0
Effect[4] dat2=0

Effect[5] type=0
Effect[5] trig=0
Effect[5] dat0=0
Effect[5] dat1=0
Effect[5] dat2=0

Effect[6] type=0
Effect[6] trig=0
Effect[6] dat0=0
Effect[6] dat1=0
Effect[6] dat2=0

Effect[7] type=0
Effect[7] trig=0
Effect[7] dat0=0
Effect[7] dat1=0
Effect[7] dat2=0

sizeof itemdesc=71
wrote output file


Reading file:[DES00221.TXT]
Type=0
Sub=4
Numstackable=1
DestroyOn=0

Effect[0] type=23
Effect[0] trig=3
Effect[0] dat0=221
Effect[0] dat1=0
Effect[0] dat2=0

Effect[1] type=1
Effect[1] trig=3
Effect[1] dat0=1
Effect[1] dat1=14
Effect[1] dat2=10

Effect[2] type=1
Effect[2] trig=4
Effect[2] dat0=0
Effect[2] dat1=0
Effect[2] dat2=0

Effect[3] type=5
Effect[3] trig=3
Effect[3] dat0=31
Effect[3] dat1=0
Effect[3] dat2=0

Effect[4] type=6
Effect[4] trig=4
Effect[4] dat0=0
Effect[4] dat1=0
Effect[4] dat2=0

Effect[5] type=0
Effect[5] trig=0
Effect[5] dat0=0
Effect[5] dat1=0
Effect[5] dat2=0

Effect[6] type=0
Effect[6] trig=0
Effect[6] dat0=0
Effect[6] dat1=0
Effect[6] dat2=0

Effect[7] type=0
Effect[7] trig=0
Effect[7] dat0=0
Effect[7] dat1=0
Effect[7] dat2=0

sizeof itemdesc=71
wrote output file


Reading file:[DES00222.TXT]
setting up quiver or bolt
Type=11
Sub=1
Numstackable=10
DestroyOn=1

Effect[0] type=4
Effect[0] trig=1
Effect[0] dat0=1
Effect[0] dat1=1
Effect[0] dat2=0

Effect[1] type=0
Effect[1] trig=0
Effect[1] dat0=0
Effect[1] dat1=0
Effect[1] dat2=0

Effect[2] type=0
Effect[2] trig=0
Effect[2] dat0=0
Effect[2] dat1=0
Effect[2] dat2=0

Effect[3] type=0
Effect[3] trig=0
Effect[3] dat0=0
Effect[3] dat1=0
Effect[3] dat2=0

Effect[4] type=0
Effect[4] trig=0
Effect[4] dat0=0
Effect[4] dat1=0
Effect[4] dat2=0

Effect[5] type=0
Effect[5] trig=0
Effect[5] dat0=0
Effect[5] dat1=0
Effect[5] dat2=0

Effect[6] type=0
Effect[6] trig=0
Effect[6] dat0=0
Effect[6] dat1=0
Effect[6] dat2=0

Effect[7] type=0
Effect[7] trig=0
Effect[7] dat0=0
Effect[7] dat1=0
Effect[7] dat2=0

sizeof itemdesc=71
wrote output file


Reading file:[DES00223.TXT]
Type=0
Sub=2
Numstackable=1
DestroyOn=0

Effect[0] type=23
Effect[0] trig=3
Effect[0] dat0=223
Effect[0] dat1=0
Effect[0] dat2=0

Effect[1] type=1
Effect[1] trig=3
Effect[1] dat0=6
Effect[1] dat1=10
Effect[1] dat2=30

Effect[2] type=1
Effect[2] trig=4
Effect[2] dat0=0
Effect[2] dat1=0
Effect[2] dat2=0

Effect[3] type=0
Effect[3] trig=0
Effect[3] dat0=0
Effect[3] dat1=0
Effect[3] dat2=0

Effect[4] type=0
Effect[4] trig=0
Effect[4] dat0=0
Effect[4] dat1=0
Effect[4] dat2=0

Effect[5] type=0
Effect[5] trig=0
Effect[5] dat0=0
Effect[5] dat1=0
Effect[5] dat2=0

Effect[6] type=0
Effect[6] trig=0
Effect[6] dat0=0
Effect[6] dat1=0
Effect[6] dat2=0

Effect[7] type=0
Effect[7] trig=0
Effect[7] dat0=0
Effect[7] dat1=0
Effect[7] dat2=0

sizeof itemdesc=71
wrote output file


Reading file:[DES00224.TXT]
Type=0
Sub=5
Numstackable=1
DestroyOn=0

Effect[0] type=23
Effect[0] trig=3
Effect[0] dat0=224
Effect[0] dat1=0
Effect[0] dat2=0

Effect[1] type=1
Effect[1] trig=3
Effect[1] dat0=5
Effect[1] dat1=14
Effect[1] dat2=30

Effect[2] type=1
Effect[2] trig=4
Effect[2] dat0=0
Effect[2] dat1=0
Effect[2] dat2=0

Effect[3] type=0
Effect[3] trig=0
Effect[3] dat0=0
Effect[3] dat1=0
Effect[3] dat2=0

Effect[4] type=0
Effect[4] trig=0
Effect[4] dat0=0
Effect[4] dat1=0
Effect[4] dat2=0

Effect[5] type=0
Effect[5] trig=0
Effect[5] dat0=0
Effect[5] dat1=0
Effect[5] dat2=0

Effect[6] type=0
Effect[6] trig=0
Effect[6] dat0=0
Effect[6] dat1=0
Effect[6] dat2=0

Effect[7] type=0
Effect[7] trig=0
Effect[7] dat0=0
Effect[7] dat1=0
Effect[7] dat2=0

sizeof itemdesc=71
wrote output file


Reading file:[DES00225.TXT]
Type=0
Sub=6
Numstackable=1
DestroyOn=0

Effect[0] type=23
Effect[0] trig=3
Effect[0] dat0=225
Effect[0] dat1=0
Effect[0] dat2=0

Effect[1] type=1
Effect[1] trig=3
Effect[1] dat0=7
Effect[1] dat1=14
Effect[1] dat2=30

Effect[2] type=1
Effect[2] trig=4
Effect[2] dat0=0
Effect[2] dat1=0
Effect[2] dat2=0

Effect[3] type=5
Effect[3] trig=3
Effect[3] dat0=20
Effect[3] dat1=0
Effect[3] dat2=30

Effect[4] type=6
Effect[4] trig=4
Effect[4] dat0=20
Effect[4] dat1=0
Effect[4] dat2=30

Effect[5] type=0
Effect[5] trig=0
Effect[5] dat0=0
Effect[5] dat1=0
Effect[5] dat2=0

Effect[6] type=0
Effect[6] trig=0
Effect[6] dat0=0
Effect[6] dat1=0
Effect[6] dat2=0

Effect[7] type=0
Effect[7] trig=0
Effect[7] dat0=0
Effect[7] dat1=0
Effect[7] dat2=0

sizeof itemdesc=71
wrote output file


Reading file:[DES00226.TXT]
Type=0
Sub=3
Numstackable=1
DestroyOn=0

Effect[0] type=23
Effect[0] trig=3
Effect[0] dat0=226
Effect[0] dat1=0
Effect[0] dat2=0

Effect[1] type=1
Effect[1] trig=3
Effect[1] dat0=1
Effect[1] dat1=16
Effect[1] dat2=20

Effect[2] type=1
Effect[2] trig=4
Effect[2] dat0=0
Effect[2] dat1=0
Effect[2] dat2=0

Effect[3] type=0
Effect[3] trig=0
Effect[3] dat0=0
Effect[3] dat1=0
Effect[3] dat2=0

Effect[4] type=0
Effect[4] trig=0
Effect[4] dat0=0
Effect[4] dat1=0
Effect[4] dat2=0

Effect[5] type=0
Effect[5] trig=0
Effect[5] dat0=0
Effect[5] dat1=0
Effect[5] dat2=0

Effect[6] type=0
Effect[6] trig=0
Effect[6] dat0=0
Effect[6] dat1=0
Effect[6] dat2=0

Effect[7] type=0
Effect[7] trig=0
Effect[7] dat0=0
Effect[7] dat1=0
Effect[7] dat2=0

sizeof itemdesc=71
wrote output file


Reading file:[DES00227.TXT]
Type=0
Sub=2
Numstackable=1
DestroyOn=0

Effect[0] type=23
Effect[0] trig=3
Effect[0] dat0=227
Effect[0] dat1=0
Effect[0] dat2=0

Effect[1] type=1
Effect[1] trig=3
Effect[1] dat0=6
Effect[1] dat1=10
Effect[1] dat2=10

Effect[2] type=1
Effect[2] trig=4
Effect[2] dat0=0
Effect[2] dat1=0
Effect[2] dat2=0

Effect[3] type=5
Effect[3] trig=3
Effect[3] dat0=14
Effect[3] dat1=0
Effect[3] dat2=15

Effect[4] type=6
Effect[4] trig=4
Effect[4] dat0=14
Effect[4] dat1=0
Effect[4] dat2=15

Effect[5] type=0
Effect[5] trig=0
Effect[5] dat0=0
Effect[5] dat1=0
Effect[5] dat2=0

Effect[6] type=0
Effect[6] trig=0
Effect[6] dat0=0
Effect[6] dat1=0
Effect[6] dat2=0

Effect[7] type=0
Effect[7] trig=0
Effect[7] dat0=0
Effect[7] dat1=0
Effect[7] dat2=0

sizeof itemdesc=71
wrote output file


Reading file:[DES00228.TXT]
Type=0
Sub=1
Numstackable=1
DestroyOn=0

Effect[0] type=23
Effect[0] trig=3
Effect[0] dat0=228
Effect[0] dat1=0
Effect[0] dat2=0

Effect[1] type=1
Effect[1] trig=3
Effect[1] dat0=5
Effect[1] dat1=15
Effect[1] dat2=0

Effect[2] type=1
Effect[2] trig=4
Effect[2] dat0=0
Effect[2] dat1=0
Effect[2] dat2=0

Effect[3] type=5
Effect[3] trig=3
Effect[3] dat0=14
Effect[3] dat1=0
Effect[3] dat2=15

Effect[4] type=6
Effect[4] trig=4
Effect[4] dat0=14
Effect[4] dat1=0
Effect[4] dat2=15

Effect[5] type=0
Effect[5] trig=0
Effect[5] dat0=0
Effect[5] dat1=0
Effect[5] dat2=0

Effect[6] type=0
Effect[6] trig=0
Effect[6] dat0=0
Effect[6] dat1=0
Effect[6] dat2=0

Effect[7] type=0
Effect[7] trig=0
Effect[7] dat0=0
Effect[7] dat1=0
Effect[7] dat2=0

sizeof itemdesc=71
wrote output file


Reading file:[DES00229.TXT]
setting up quiver or bolt
Type=11
Sub=2
Numstackable=10
DestroyOn=1

Effect[0] type=4
Effect[0] trig=1
Effect[0] dat0=2
Effect[0] dat1=1
Effect[0] dat2=0

Effect[1] type=0
Effect[1] trig=0
Effect[1] dat0=0
Effect[1] dat1=0
Effect[1] dat2=0

Effect[2] type=0
Effect[2] trig=0
Effect[2] dat0=0
Effect[2] dat1=0
Effect[2] dat2=0

Effect[3] type=0
Effect[3] trig=0
Effect[3] dat0=0
Effect[3] dat1=0
Effect[3] dat2=0

Effect[4] type=0
Effect[4] trig=0
Effect[4] dat0=0
Effect[4] dat1=0
Effect[4] dat2=0

Effect[5] type=0
Effect[5] trig=0
Effect[5] dat0=0
Effect[5] dat1=0
Effect[5] dat2=0

Effect[6] type=0
Effect[6] trig=0
Effect[6] dat0=0
Effect[6] dat1=0
Effect[6] dat2=0

Effect[7] type=0
Effect[7] trig=0
Effect[7] dat0=0
Effect[7] dat1=0
Effect[7] dat2=0

sizeof itemdesc=71
wrote output file


Reading file:[DES00230.TXT]
Type=0
Sub=2
Numstackable=1
DestroyOn=0

Effect[0] type=23
Effect[0] trig=3
Effect[0] dat0=230
Effect[0] dat1=0
Effect[0] dat2=0

Effect[1] type=1
Effect[1] trig=3
Effect[1] dat0=6
Effect[1] dat1=12
Effect[1] dat2=10

Effect[2] type=1
Effect[2] trig=4
Effect[2] dat0=0
Effect[2] dat1=0
Effect[2] dat2=0

Effect[3] type=5
Effect[3] trig=3
Effect[3] dat0=36
Effect[3] dat1=0
Effect[3] dat2=0

Effect[4] type=6
Effect[4] trig=4
Effect[4] dat0=0
Effect[4] dat1=0
Effect[4] dat2=0

Effect[5] type=0
Effect[5] trig=0
Effect[5] dat0=0
Effect[5] dat1=0
Effect[5] dat2=0

Effect[6] type=0
Effect[6] trig=0
Effect[6] dat0=0
Effect[6] dat1=0
Effect[6] dat2=0

Effect[7] type=0
Effect[7] trig=0
Effect[7] dat0=0
Effect[7] dat1=0
Effect[7] dat2=0

sizeof itemdesc=71
wrote output file


Reading file:[DES00231.TXT]
Type=0
Sub=5
Numstackable=1
DestroyOn=0

Effect[0] type=23
Effect[0] trig=3
Effect[0] dat0=231
Effect[0] dat1=0
Effect[0] dat2=0

Effect[1] type=1
Effect[1] trig=3
Effect[1] dat0=5
Effect[1] dat1=10
Effect[1] dat2=0

Effect[2] type=1
Effect[2] trig=4
Effect[2] dat0=0
Effect[2] dat1=0
Effect[2] dat2=0

Effect[3] type=5
Effect[3] trig=3
Effect[3] dat0=31
Effect[3] dat1=0
Effect[3] dat2=0

Effect[4] type=6
Effect[4] trig=4
Effect[4] dat0=0
Effect[4] dat1=0
Effect[4] dat2=0

Effect[5] type=0
Effect[5] trig=0
Effect[5] dat0=0
Effect[5] dat1=0
Effect[5] dat2=0

Effect[6] type=0
Effect[6] trig=0
Effect[6] dat0=0
Effect[6] dat1=0
Effect[6] dat2=0

Effect[7] type=0
Effect[7] trig=0
Effect[7] dat0=0
Effect[7] dat1=0
Effect[7] dat2=0

sizeof itemdesc=71
wrote output file


Reading file:[DES00232.TXT]
Type=0
Sub=1
Numstackable=1
DestroyOn=0

Effect[0] type=23
Effect[0] trig=3
Effect[0] dat0=232
Effect[0] dat1=0
Effect[0] dat2=0

Effect[1] type=1
Effect[1] trig=3
Effect[1] dat0=5
Effect[1] dat1=13
Effect[1] dat2=0

Effect[2] type=1
Effect[2] trig=4
Effect[2] dat0=0
Effect[2] dat1=0
Effect[2] dat2=0

Effect[3] type=5
Effect[3] trig=3
Effect[3] dat0=20
Effect[3] dat1=0
Effect[3] dat2=250

Effect[4] type=6
Effect[4] trig=4
Effect[4] dat0=20
Effect[4] dat1=0
Effect[4] dat2=250

Effect[5] type=0
Effect[5] trig=0
Effect[5] dat0=0
Effect[5] dat1=0
Effect[5] dat2=0

Effect[6] type=0
Effect[6] trig=0
Effect[6] dat0=0
Effect[6] dat1=0
Effect[6] dat2=0

Effect[7] type=0
Effect[7] trig=0
Effect[7] dat0=0
Effect[7] dat1=0
Effect[7] dat2=0

sizeof itemdesc=71
wrote output file


Reading file:[DES00233.TXT]
Type=0
Sub=6
Numstackable=1
DestroyOn=0

Effect[0] type=23
Effect[0] trig=3
Effect[0] dat0=233
Effect[0] dat1=0
Effect[0] dat2=0

Effect[1] type=1
Effect[1] trig=3
Effect[1] dat0=7
Effect[1] dat1=12
Effect[1] dat2=0

Effect[2] type=1
Effect[2] trig=4
Effect[2] dat0=0
Effect[2] dat1=0
Effect[2] dat2=0

Effect[3] type=5
Effect[3] trig=3
Effect[3] dat0=17
Effect[3] dat1=0
Effect[3] dat2=25

Effect[4] type=6
Effect[4] trig=4
Effect[4] dat0=17
Effect[4] dat1=0
Effect[4] dat2=25

Effect[5] type=0
Effect[5] trig=0
Effect[5] dat0=0
Effect[5] dat1=0
Effect[5] dat2=0

Effect[6] type=0
Effect[6] trig=0
Effect[6] dat0=0
Effect[6] dat1=0
Effect[6] dat2=0

Effect[7] type=0
Effect[7] trig=0
Effect[7] dat0=0
Effect[7] dat1=0
Effect[7] dat2=0

sizeof itemdesc=71
wrote output file


Reading file:[DES00234.TXT]
Type=0
Sub=5
Numstackable=1
DestroyOn=0

Effect[0] type=23
Effect[0] trig=3
Effect[0] dat0=234
Effect[0] dat1=0
Effect[0] dat2=0

Effect[1] type=1
Effect[1] trig=3
Effect[1] dat0=5
Effect[1] dat1=10
Effect[1] dat2=0

Effect[2] type=1
Effect[2] trig=4
Effect[2] dat0=0
Effect[2] dat1=0
Effect[2] dat2=0

Effect[3] type=5
Effect[3] trig=3
Effect[3] dat0=32
Effect[3] dat1=0
Effect[3] dat2=0

Effect[4] type=6
Effect[4] trig=4
Effect[4] dat0=0
Effect[4] dat1=0
Effect[4] dat2=0

Effect[5] type=0
Effect[5] trig=0
Effect[5] dat0=0
Effect[5] dat1=0
Effect[5] dat2=0

Effect[6] type=0
Effect[6] trig=0
Effect[6] dat0=0
Effect[6] dat1=0
Effect[6] dat2=0

Effect[7] type=0
Effect[7] trig=0
Effect[7] dat0=0
Effect[7] dat1=0
Effect[7] dat2=0

sizeof itemdesc=71
wrote output file


Reading file:[DES00240.TXT]
setting up quiver or bolt
Type=11
Sub=6
Numstackable=10
DestroyOn=1

Effect[0] type=4
Effect[0] trig=1
Effect[0] dat0=6
Effect[0] dat1=1
Effect[0] dat2=0

Effect[1] type=0
Effect[1] trig=0
Effect[1] dat0=0
Effect[1] dat1=0
Effect[1] dat2=0

Effect[2] type=0
Effect[2] trig=0
Effect[2] dat0=0
Effect[2] dat1=0
Effect[2] dat2=0

Effect[3] type=0
Effect[3] trig=0
Effect[3] dat0=0
Effect[3] dat1=0
Effect[3] dat2=0

Effect[4] type=0
Effect[4] trig=0
Effect[4] dat0=0
Effect[4] dat1=0
Effect[4] dat2=0

Effect[5] type=0
Effect[5] trig=0
Effect[5] dat0=0
Effect[5] dat1=0
Effect[5] dat2=0

Effect[6] type=0
Effect[6] trig=0
Effect[6] dat0=0
Effect[6] dat1=0
Effect[6] dat2=0

Effect[7] type=0
Effect[7] trig=0
Effect[7] dat0=0
Effect[7] dat1=0
Effect[7] dat2=0

sizeof itemdesc=71
wrote output file


Reading file:[DES00241.TXT]
setting up quiver or bolt
Type=11
Sub=4
Numstackable=10
DestroyOn=1

Effect[0] type=4
Effect[0] trig=1
Effect[0] dat0=4
Effect[0] dat1=1
Effect[0] dat2=0

Effect[1] type=0
Effect[1] trig=0
Effect[1] dat0=0
Effect[1] dat1=0
Effect[1] dat2=0

Effect[2] type=0
Effect[2] trig=0
Effect[2] dat0=0
Effect[2] dat1=0
Effect[2] dat2=0

Effect[3] type=0
Effect[3] trig=0
Effect[3] dat0=0
Effect[3] dat1=0
Effect[3] dat2=0

Effect[4] type=0
Effect[4] trig=0
Effect[4] dat0=0
Effect[4] dat1=0
Effect[4] dat2=0

Effect[5] type=0
Effect[5] trig=0
Effect[5] dat0=0
Effect[5] dat1=0
Effect[5] dat2=0

Effect[6] type=0
Effect[6] trig=0
Effect[6] dat0=0
Effect[6] dat1=0
Effect[6] dat2=0

Effect[7] type=0
Effect[7] trig=0
Effect[7] dat0=0
Effect[7] dat1=0
Effect[7] dat2=0

sizeof itemdesc=71
wrote output file


Reading file:[DES00242.TXT]
setting up quiver or bolt
Type=11
Sub=5
Numstackable=10
DestroyOn=1

Effect[0] type=4
Effect[0] trig=1
Effect[0] dat0=5
Effect[0] dat1=1
Effect[0] dat2=0

Effect[1] type=0
Effect[1] trig=0
Effect[1] dat0=0
Effect[1] dat1=0
Effect[1] dat2=0

Effect[2] type=0
Effect[2] trig=0
Effect[2] dat0=0
Effect[2] dat1=0
Effect[2] dat2=0

Effect[3] type=0
Effect[3] trig=0
Effect[3] dat0=0
Effect[3] dat1=0
Effect[3] dat2=0

Effect[4] type=0
Effect[4] trig=0
Effect[4] dat0=0
Effect[4] dat1=0
Effect[4] dat2=0

Effect[5] type=0
Effect[5] trig=0
Effect[5] dat0=0
Effect[5] dat1=0
Effect[5] dat2=0

Effect[6] type=0
Effect[6] trig=0
Effect[6] dat0=0
Effect[6] dat1=0
Effect[6] dat2=0

Effect[7] type=0
Effect[7] trig=0
Effect[7] dat0=0
Effect[7] dat1=0
Effect[7] dat2=0

sizeof itemdesc=71
wrote output file


Reading file:[DES00243.TXT]
Type=7
Sub=255
Numstackable=3
DestroyOn=2

Effect[0] type=7
Effect[0] trig=2
Effect[0] dat0=0
Effect[0] dat1=0
Effect[0] dat2=200

Effect[1] type=25
Effect[1] trig=2
Effect[1] dat0=6013
Effect[1] dat1=255
Effect[1] dat2=0

Effect[2] type=23
Effect[2] trig=2
Effect[2] dat0=243
Effect[2] dat1=0
Effect[2] dat2=0

Effect[3] type=0
Effect[3] trig=0
Effect[3] dat0=0
Effect[3] dat1=0
Effect[3] dat2=0

Effect[4] type=0
Effect[4] trig=0
Effect[4] dat0=0
Effect[4] dat1=0
Effect[4] dat2=0

Effect[5] type=0
Effect[5] trig=0
Effect[5] dat0=0
Effect[5] dat1=0
Effect[5] dat2=0

Effect[6] type=0
Effect[6] trig=0
Effect[6] dat0=0
Effect[6] dat1=0
Effect[6] dat2=0

Effect[7] type=0
Effect[7] trig=0
Effect[7] dat0=0
Effect[7] dat1=0
Effect[7] dat2=0

sizeof itemdesc=71
wrote output file


Reading file:[DES00244.TXT]
Type=7
Sub=255
Numstackable=3
DestroyOn=2

Effect[0] type=7
Effect[0] trig=2
Effect[0] dat0=0
Effect[0] dat1=0
Effect[0] dat2=300

Effect[1] type=25
Effect[1] trig=2
Effect[1] dat0=6012
Effect[1] dat1=255
Effect[1] dat2=0

Effect[2] type=23
Effect[2] trig=2
Effect[2] dat0=244
Effect[2] dat1=0
Effect[2] dat2=0

Effect[3] type=5
Effect[3] trig=2
Effect[3] dat0=24
Effect[3] dat1=5000
Effect[3] dat2=20

Effect[4] type=0
Effect[4] trig=0
Effect[4] dat0=0
Effect[4] dat1=0
Effect[4] dat2=0

Effect[5] type=0
Effect[5] trig=0
Effect[5] dat0=0
Effect[5] dat1=0
Effect[5] dat2=0

Effect[6] type=0
Effect[6] trig=0
Effect[6] dat0=0
Effect[6] dat1=0
Effect[6] dat2=0

Effect[7] type=0
Effect[7] trig=0
Effect[7] dat0=0
Effect[7] dat1=0
Effect[7] dat2=0

sizeof itemdesc=71
wrote output file


Reading file:[DES00245.TXT]
Type=7
Sub=255
Numstackable=3
DestroyOn=2

Effect[0] type=7
Effect[0] trig=2
Effect[0] dat0=0
Effect[0] dat1=0
Effect[0] dat2=200

Effect[1] type=25
Effect[1] trig=2
Effect[1] dat0=6012
Effect[1] dat1=255
Effect[1] dat2=0

Effect[2] type=23
Effect[2] trig=2
Effect[2] dat0=245
Effect[2] dat1=0
Effect[2] dat2=0

Effect[3] type=0
Effect[3] trig=0
Effect[3] dat0=0
Effect[3] dat1=0
Effect[3] dat2=0

Effect[4] type=0
Effect[4] trig=0
Effect[4] dat0=0
Effect[4] dat1=0
Effect[4] dat2=0

Effect[5] type=0
Effect[5] trig=0
Effect[5] dat0=0
Effect[5] dat1=0
Effect[5] dat2=0

Effect[6] type=0
Effect[6] trig=0
Effect[6] dat0=0
Effect[6] dat1=0
Effect[6] dat2=0

Effect[7] type=0
Effect[7] trig=0
Effect[7] dat0=0
Effect[7] dat1=0
Effect[7] dat2=0

sizeof itemdesc=71
wrote output file


Reading file:[DES00246.TXT]
Type=7
Sub=255
Numstackable=1
DestroyOn=2

Effect[0] type=8
Effect[0] trig=2
Effect[0] dat0=0
Effect[0] dat1=0
Effect[0] dat2=1000

Effect[1] type=23
Effect[1] trig=2
Effect[1] dat0=246
Effect[1] dat1=0
Effect[1] dat2=0

Effect[2] type=0
Effect[2] trig=0
Effect[2] dat0=0
Effect[2] dat1=0
Effect[2] dat2=0

Effect[3] type=0
Effect[3] trig=0
Effect[3] dat0=0
Effect[3] dat1=0
Effect[3] dat2=0

Effect[4] type=0
Effect[4] trig=0
Effect[4] dat0=0
Effect[4] dat1=0
Effect[4] dat2=0

Effect[5] type=0
Effect[5] trig=0
Effect[5] dat0=0
Effect[5] dat1=0
Effect[5] dat2=0

Effect[6] type=0
Effect[6] trig=0
Effect[6] dat0=0
Effect[6] dat1=0
Effect[6] dat2=0

Effect[7] type=0
Effect[7] trig=0
Effect[7] dat0=0
Effect[7] dat1=0
Effect[7] dat2=0

sizeof itemdesc=71
wrote output file


Reading file:[DES00247.TXT]
Type=7
Sub=255
Numstackable=3
DestroyOn=2

Effect[0] type=7
Effect[0] trig=2
Effect[0] dat0=0
Effect[0] dat1=0
Effect[0] dat2=1000

Effect[1] type=25
Effect[1] trig=2
Effect[1] dat0=6015
Effect[1] dat1=255
Effect[1] dat2=0

Effect[2] type=23
Effect[2] trig=2
Effect[2] dat0=247
Effect[2] dat1=0
Effect[2] dat2=0

Effect[3] type=0
Effect[3] trig=0
Effect[3] dat0=0
Effect[3] dat1=0
Effect[3] dat2=0

Effect[4] type=0
Effect[4] trig=0
Effect[4] dat0=0
Effect[4] dat1=0
Effect[4] dat2=0

Effect[5] type=0
Effect[5] trig=0
Effect[5] dat0=0
Effect[5] dat1=0
Effect[5] dat2=0

Effect[6] type=0
Effect[6] trig=0
Effect[6] dat0=0
Effect[6] dat1=0
Effect[6] dat2=0

Effect[7] type=0
Effect[7] trig=0
Effect[7] dat0=0
Effect[7] dat1=0
Effect[7] dat2=0

sizeof itemdesc=71
wrote output file


Reading file:[DES00248.TXT]
Type=7
Sub=255
Numstackable=3
DestroyOn=2

Effect[0] type=7
Effect[0] trig=2
Effect[0] dat0=0
Effect[0] dat1=0
Effect[0] dat2=500

Effect[1] type=25
Effect[1] trig=2
Effect[1] dat0=6013
Effect[1] dat1=255
Effect[1] dat2=0

Effect[2] type=23
Effect[2] trig=2
Effect[2] dat0=248
Effect[2] dat1=0
Effect[2] dat2=0

Effect[3] type=0
Effect[3] trig=0
Effect[3] dat0=0
Effect[3] dat1=0
Effect[3] dat2=0

Effect[4] type=0
Effect[4] trig=0
Effect[4] dat0=0
Effect[4] dat1=0
Effect[4] dat2=0

Effect[5] type=0
Effect[5] trig=0
Effect[5] dat0=0
Effect[5] dat1=0
Effect[5] dat2=0

Effect[6] type=0
Effect[6] trig=0
Effect[6] dat0=0
Effect[6] dat1=0
Effect[6] dat2=0

Effect[7] type=0
Effect[7] trig=0
Effect[7] dat0=0
Effect[7] dat1=0
Effect[7] dat2=0

sizeof itemdesc=71
wrote output file


Reading file:[DES00249.TXT]
Type=7
Sub=255
Numstackable=3
DestroyOn=2

Effect[0] type=7
Effect[0] trig=2
Effect[0] dat0=0
Effect[0] dat1=0
Effect[0] dat2=500

Effect[1] type=25
Effect[1] trig=2
Effect[1] dat0=6013
Effect[1] dat1=255
Effect[1] dat2=0

Effect[2] type=23
Effect[2] trig=2
Effect[2] dat0=249
Effect[2] dat1=0
Effect[2] dat2=0

Effect[3] type=0
Effect[3] trig=0
Effect[3] dat0=0
Effect[3] dat1=0
Effect[3] dat2=0

Effect[4] type=0
Effect[4] trig=0
Effect[4] dat0=0
Effect[4] dat1=0
Effect[4] dat2=0

Effect[5] type=0
Effect[5] trig=0
Effect[5] dat0=0
Effect[5] dat1=0
Effect[5] dat2=0

Effect[6] type=0
Effect[6] trig=0
Effect[6] dat0=0
Effect[6] dat1=0
Effect[6] dat2=0

Effect[7] type=0
Effect[7] trig=0
Effect[7] dat0=0
Effect[7] dat1=0
Effect[7] dat2=0

sizeof itemdesc=71
wrote output file


Reading file:[DES00251.TXT]
Type=7
Sub=255
Numstackable=1
DestroyOn=2

Effect[0] type=7
Effect[0] trig=2
Effect[0] dat0=0
Effect[0] dat1=0
Effect[0] dat2=1000

Effect[1] type=25
Effect[1] trig=2
Effect[1] dat0=6012
Effect[1] dat1=255
Effect[1] dat2=0

Effect[2] type=23
Effect[2] trig=2
Effect[2] dat0=251
Effect[2] dat1=0
Effect[2] dat2=0

Effect[3] type=0
Effect[3] trig=0
Effect[3] dat0=0
Effect[3] dat1=0
Effect[3] dat2=0

Effect[4] type=0
Effect[4] trig=0
Effect[4] dat0=0
Effect[4] dat1=0
Effect[4] dat2=0

Effect[5] type=0
Effect[5] trig=0
Effect[5] dat0=0
Effect[5] dat1=0
Effect[5] dat2=0

Effect[6] type=0
Effect[6] trig=0
Effect[6] dat0=0
Effect[6] dat1=0
Effect[6] dat2=0

Effect[7] type=0
Effect[7] trig=0
Effect[7] dat0=0
Effect[7] dat1=0
Effect[7] dat2=0

sizeof itemdesc=71
wrote output file


Reading file:[DES00257.TXT]
Type=9
Sub=1
Numstackable=3
DestroyOn=0

Effect[0] type=0
Effect[0] trig=0
Effect[0] dat0=0
Effect[0] dat1=0
Effect[0] dat2=0

Effect[1] type=0
Effect[1] trig=0
Effect[1] dat0=0
Effect[1] dat1=0
Effect[1] dat2=0

Effect[2] type=0
Effect[2] trig=0
Effect[2] dat0=0
Effect[2] dat1=0
Effect[2] dat2=0

Effect[3] type=0
Effect[3] trig=0
Effect[3] dat0=0
Effect[3] dat1=0
Effect[3] dat2=0

Effect[4] type=0
Effect[4] trig=0
Effect[4] dat0=0
Effect[4] dat1=0
Effect[4] dat2=0

Effect[5] type=0
Effect[5] trig=0
Effect[5] dat0=0
Effect[5] dat1=0
Effect[5] dat2=0

Effect[6] type=0
Effect[6] trig=0
Effect[6] dat0=0
Effect[6] dat1=0
Effect[6] dat2=0

Effect[7] type=0
Effect[7] trig=0
Effect[7] dat0=0
Effect[7] dat1=0
Effect[7] dat2=0

sizeof itemdesc=71
wrote output file


Reading file:[DES00258.TXT]
Type=9
Sub=2
Numstackable=3
DestroyOn=0

Effect[0] type=0
Effect[0] trig=0
Effect[0] dat0=0
Effect[0] dat1=0
Effect[0] dat2=0

Effect[1] type=0
Effect[1] trig=0
Effect[1] dat0=0
Effect[1] dat1=0
Effect[1] dat2=0

Effect[2] type=0
Effect[2] trig=0
Effect[2] dat0=0
Effect[2] dat1=0
Effect[2] dat2=0

Effect[3] type=0
Effect[3] trig=0
Effect[3] dat0=0
Effect[3] dat1=0
Effect[3] dat2=0

Effect[4] type=0
Effect[4] trig=0
Effect[4] dat0=0
Effect[4] dat1=0
Effect[4] dat2=0

Effect[5] type=0
Effect[5] trig=0
Effect[5] dat0=0
Effect[5] dat1=0
Effect[5] dat2=0

Effect[6] type=0
Effect[6] trig=0
Effect[6] dat0=0
Effect[6] dat1=0
Effect[6] dat2=0

Effect[7] type=0
Effect[7] trig=0
Effect[7] dat0=0
Effect[7] dat1=0
Effect[7] dat2=0

sizeof itemdesc=71
wrote output file


Reading file:[DES00259.TXT]
Type=9
Sub=1
Numstackable=3
DestroyOn=0

Effect[0] type=0
Effect[0] trig=0
Effect[0] dat0=0
Effect[0] dat1=0
Effect[0] dat2=0

Effect[1] type=0
Effect[1] trig=0
Effect[1] dat0=0
Effect[1] dat1=0
Effect[1] dat2=0

Effect[2] type=0
Effect[2] trig=0
Effect[2] dat0=0
Effect[2] dat1=0
Effect[2] dat2=0

Effect[3] type=0
Effect[3] trig=0
Effect[3] dat0=0
Effect[3] dat1=0
Effect[3] dat2=0

Effect[4] type=0
Effect[4] trig=0
Effect[4] dat0=0
Effect[4] dat1=0
Effect[4] dat2=0

Effect[5] type=0
Effect[5] trig=0
Effect[5] dat0=0
Effect[5] dat1=0
Effect[5] dat2=0

Effect[6] type=0
Effect[6] trig=0
Effect[6] dat0=0
Effect[6] dat1=0
Effect[6] dat2=0

Effect[7] type=0
Effect[7] trig=0
Effect[7] dat0=0
Effect[7] dat1=0
Effect[7] dat2=0

sizeof itemdesc=71
wrote output file


Reading file:[DES00260.TXT]
Type=9
Sub=1
Numstackable=3
DestroyOn=0

Effect[0] type=0
Effect[0] trig=0
Effect[0] dat0=0
Effect[0] dat1=0
Effect[0] dat2=0

Effect[1] type=0
Effect[1] trig=0
Effect[1] dat0=0
Effect[1] dat1=0
Effect[1] dat2=0

Effect[2] type=0
Effect[2] trig=0
Effect[2] dat0=0
Effect[2] dat1=0
Effect[2] dat2=0

Effect[3] type=0
Effect[3] trig=0
Effect[3] dat0=0
Effect[3] dat1=0
Effect[3] dat2=0

Effect[4] type=0
Effect[4] trig=0
Effect[4] dat0=0
Effect[4] dat1=0
Effect[4] dat2=0

Effect[5] type=0
Effect[5] trig=0
Effect[5] dat0=0
Effect[5] dat1=0
Effect[5] dat2=0

Effect[6] type=0
Effect[6] trig=0
Effect[6] dat0=0
Effect[6] dat1=0
Effect[6] dat2=0

Effect[7] type=0
Effect[7] trig=0
Effect[7] dat0=0
Effect[7] dat1=0
Effect[7] dat2=0

sizeof itemdesc=71
wrote output file


Reading file:[DES00261.TXT]
Type=9
Sub=1
Numstackable=3
DestroyOn=0

Effect[0] type=0
Effect[0] trig=0
Effect[0] dat0=0
Effect[0] dat1=0
Effect[0] dat2=0

Effect[1] type=0
Effect[1] trig=0
Effect[1] dat0=0
Effect[1] dat1=0
Effect[1] dat2=0

Effect[2] type=0
Effect[2] trig=0
Effect[2] dat0=0
Effect[2] dat1=0
Effect[2] dat2=0

Effect[3] type=0
Effect[3] trig=0
Effect[3] dat0=0
Effect[3] dat1=0
Effect[3] dat2=0

Effect[4] type=0
Effect[4] trig=0
Effect[4] dat0=0
Effect[4] dat1=0
Effect[4] dat2=0

Effect[5] type=0
Effect[5] trig=0
Effect[5] dat0=0
Effect[5] dat1=0
Effect[5] dat2=0

Effect[6] type=0
Effect[6] trig=0
Effect[6] dat0=0
Effect[6] dat1=0
Effect[6] dat2=0

Effect[7] type=0
Effect[7] trig=0
Effect[7] dat0=0
Effect[7] dat1=0
Effect[7] dat2=0

sizeof itemdesc=71
wrote output file


Reading file:[DES00262.TXT]
Type=9
Sub=1
Numstackable=3
DestroyOn=0

Effect[0] type=0
Effect[0] trig=0
Effect[0] dat0=0
Effect[0] dat1=0
Effect[0] dat2=0

Effect[1] type=0
Effect[1] trig=0
Effect[1] dat0=0
Effect[1] dat1=0
Effect[1] dat2=0

Effect[2] type=0
Effect[2] trig=0
Effect[2] dat0=0
Effect[2] dat1=0
Effect[2] dat2=0

Effect[3] type=0
Effect[3] trig=0
Effect[3] dat0=0
Effect[3] dat1=0
Effect[3] dat2=0

Effect[4] type=0
Effect[4] trig=0
Effect[4] dat0=0
Effect[4] dat1=0
Effect[4] dat2=0

Effect[5] type=0
Effect[5] trig=0
Effect[5] dat0=0
Effect[5] dat1=0
Effect[5] dat2=0

Effect[6] type=0
Effect[6] trig=0
Effect[6] dat0=0
Effect[6] dat1=0
Effect[6] dat2=0

Effect[7] type=0
Effect[7] trig=0
Effect[7] dat0=0
Effect[7] dat1=0
Effect[7] dat2=0

sizeof itemdesc=71
wrote output file


Reading file:[DES00263.TXT]
Type=9
Sub=1
Numstackable=3
DestroyOn=0

Effect[0] type=0
Effect[0] trig=0
Effect[0] dat0=0
Effect[0] dat1=0
Effect[0] dat2=0

Effect[1] type=0
Effect[1] trig=0
Effect[1] dat0=0
Effect[1] dat1=0
Effect[1] dat2=0

Effect[2] type=0
Effect[2] trig=0
Effect[2] dat0=0
Effect[2] dat1=0
Effect[2] dat2=0

Effect[3] type=0
Effect[3] trig=0
Effect[3] dat0=0
Effect[3] dat1=0
Effect[3] dat2=0

Effect[4] type=0
Effect[4] trig=0
Effect[4] dat0=0
Effect[4] dat1=0
Effect[4] dat2=0

Effect[5] type=0
Effect[5] trig=0
Effect[5] dat0=0
Effect[5] dat1=0
Effect[5] dat2=0

Effect[6] type=0
Effect[6] trig=0
Effect[6] dat0=0
Effect[6] dat1=0
Effect[6] dat2=0

Effect[7] type=0
Effect[7] trig=0
Effect[7] dat0=0
Effect[7] dat1=0
Effect[7] dat2=0

sizeof itemdesc=71
wrote output file


Reading file:[DES00264.TXT]
Type=9
Sub=1
Numstackable=3
DestroyOn=0

Effect[0] type=0
Effect[0] trig=0
Effect[0] dat0=0
Effect[0] dat1=0
Effect[0] dat2=0

Effect[1] type=0
Effect[1] trig=0
Effect[1] dat0=0
Effect[1] dat1=0
Effect[1] dat2=0

Effect[2] type=0
Effect[2] trig=0
Effect[2] dat0=0
Effect[2] dat1=0
Effect[2] dat2=0

Effect[3] type=0
Effect[3] trig=0
Effect[3] dat0=0
Effect[3] dat1=0
Effect[3] dat2=0

Effect[4] type=0
Effect[4] trig=0
Effect[4] dat0=0
Effect[4] dat1=0
Effect[4] dat2=0

Effect[5] type=0
Effect[5] trig=0
Effect[5] dat0=0
Effect[5] dat1=0
Effect[5] dat2=0

Effect[6] type=0
Effect[6] trig=0
Effect[6] dat0=0
Effect[6] dat1=0
Effect[6] dat2=0

Effect[7] type=0
Effect[7] trig=0
Effect[7] dat0=0
Effect[7] dat1=0
Effect[7] dat2=0

sizeof itemdesc=71
wrote output file


Reading file:[DES00265.TXT]
Type=9
Sub=1
Numstackable=3
DestroyOn=0

Effect[0] type=0
Effect[0] trig=0
Effect[0] dat0=0
Effect[0] dat1=0
Effect[0] dat2=0

Effect[1] type=0
Effect[1] trig=0
Effect[1] dat0=0
Effect[1] dat1=0
Effect[1] dat2=0

Effect[2] type=0
Effect[2] trig=0
Effect[2] dat0=0
Effect[2] dat1=0
Effect[2] dat2=0

Effect[3] type=0
Effect[3] trig=0
Effect[3] dat0=0
Effect[3] dat1=0
Effect[3] dat2=0

Effect[4] type=0
Effect[4] trig=0
Effect[4] dat0=0
Effect[4] dat1=0
Effect[4] dat2=0

Effect[5] type=0
Effect[5] trig=0
Effect[5] dat0=0
Effect[5] dat1=0
Effect[5] dat2=0

Effect[6] type=0
Effect[6] trig=0
Effect[6] dat0=0
Effect[6] dat1=0
Effect[6] dat2=0

Effect[7] type=0
Effect[7] trig=0
Effect[7] dat0=0
Effect[7] dat1=0
Effect[7] dat2=0

sizeof itemdesc=71
wrote output file


Reading file:[DES00286.TXT]
Type=9
Sub=2
Numstackable=3
DestroyOn=0

Effect[0] type=0
Effect[0] trig=0
Effect[0] dat0=0
Effect[0] dat1=0
Effect[0] dat2=0

Effect[1] type=0
Effect[1] trig=0
Effect[1] dat0=0
Effect[1] dat1=0
Effect[1] dat2=0

Effect[2] type=0
Effect[2] trig=0
Effect[2] dat0=0
Effect[2] dat1=0
Effect[2] dat2=0

Effect[3] type=0
Effect[3] trig=0
Effect[3] dat0=0
Effect[3] dat1=0
Effect[3] dat2=0

Effect[4] type=0
Effect[4] trig=0
Effect[4] dat0=0
Effect[4] dat1=0
Effect[4] dat2=0

Effect[5] type=0
Effect[5] trig=0
Effect[5] dat0=0
Effect[5] dat1=0
Effect[5] dat2=0

Effect[6] type=0
Effect[6] trig=0
Effect[6] dat0=0
Effect[6] dat1=0
Effect[6] dat2=0

Effect[7] type=0
Effect[7] trig=0
Effect[7] dat0=0
Effect[7] dat1=0
Effect[7] dat2=0

sizeof itemdesc=71
wrote output file


Reading file:[DES00287.TXT]
Type=9
Sub=2
Numstackable=3
DestroyOn=0

Effect[0] type=0
Effect[0] trig=0
Effect[0] dat0=0
Effect[0] dat1=0
Effect[0] dat2=0

Effect[1] type=0
Effect[1] trig=0
Effect[1] dat0=0
Effect[1] dat1=0
Effect[1] dat2=0

Effect[2] type=0
Effect[2] trig=0
Effect[2] dat0=0
Effect[2] dat1=0
Effect[2] dat2=0

Effect[3] type=0
Effect[3] trig=0
Effect[3] dat0=0
Effect[3] dat1=0
Effect[3] dat2=0

Effect[4] type=0
Effect[4] trig=0
Effect[4] dat0=0
Effect[4] dat1=0
Effect[4] dat2=0

Effect[5] type=0
Effect[5] trig=0
Effect[5] dat0=0
Effect[5] dat1=0
Effect[5] dat2=0

Effect[6] type=0
Effect[6] trig=0
Effect[6] dat0=0
Effect[6] dat1=0
Effect[6] dat2=0

Effect[7] type=0
Effect[7] trig=0
Effect[7] dat0=0
Effect[7] dat1=0
Effect[7] dat2=0

sizeof itemdesc=71
wrote output file


Reading file:[DES00288.TXT]
Type=9
Sub=2
Numstackable=3
DestroyOn=0

Effect[0] type=0
Effect[0] trig=0
Effect[0] dat0=0
Effect[0] dat1=0
Effect[0] dat2=0

Effect[1] type=0
Effect[1] trig=0
Effect[1] dat0=0
Effect[1] dat1=0
Effect[1] dat2=0

Effect[2] type=0
Effect[2] trig=0
Effect[2] dat0=0
Effect[2] dat1=0
Effect[2] dat2=0

Effect[3] type=0
Effect[3] trig=0
Effect[3] dat0=0
Effect[3] dat1=0
Effect[3] dat2=0

Effect[4] type=0
Effect[4] trig=0
Effect[4] dat0=0
Effect[4] dat1=0
Effect[4] dat2=0

Effect[5] type=0
Effect[5] trig=0
Effect[5] dat0=0
Effect[5] dat1=0
Effect[5] dat2=0

Effect[6] type=0
Effect[6] trig=0
Effect[6] dat0=0
Effect[6] dat1=0
Effect[6] dat2=0

Effect[7] type=0
Effect[7] trig=0
Effect[7] dat0=0
Effect[7] dat1=0
Effect[7] dat2=0

sizeof itemdesc=71
wrote output file


Reading file:[DES00289.TXT]
Type=9
Sub=2
Numstackable=3
DestroyOn=0

Effect[0] type=0
Effect[0] trig=0
Effect[0] dat0=0
Effect[0] dat1=0
Effect[0] dat2=0

Effect[1] type=0
Effect[1] trig=0
Effect[1] dat0=0
Effect[1] dat1=0
Effect[1] dat2=0

Effect[2] type=0
Effect[2] trig=0
Effect[2] dat0=0
Effect[2] dat1=0
Effect[2] dat2=0

Effect[3] type=0
Effect[3] trig=0
Effect[3] dat0=0
Effect[3] dat1=0
Effect[3] dat2=0

Effect[4] type=0
Effect[4] trig=0
Effect[4] dat0=0
Effect[4] dat1=0
Effect[4] dat2=0

Effect[5] type=0
Effect[5] trig=0
Effect[5] dat0=0
Effect[5] dat1=0
Effect[5] dat2=0

Effect[6] type=0
Effect[6] trig=0
Effect[6] dat0=0
Effect[6] dat1=0
Effect[6] dat2=0

Effect[7] type=0
Effect[7] trig=0
Effect[7] dat0=0
Effect[7] dat1=0
Effect[7] dat2=0

sizeof itemdesc=71
wrote output file


Reading file:[DES00290.TXT]
Type=9
Sub=2
Numstackable=3
DestroyOn=0

Effect[0] type=0
Effect[0] trig=0
Effect[0] dat0=0
Effect[0] dat1=0
Effect[0] dat2=0

Effect[1] type=0
Effect[1] trig=0
Effect[1] dat0=0
Effect[1] dat1=0
Effect[1] dat2=0

Effect[2] type=0
Effect[2] trig=0
Effect[2] dat0=0
Effect[2] dat1=0
Effect[2] dat2=0

Effect[3] type=0
Effect[3] trig=0
Effect[3] dat0=0
Effect[3] dat1=0
Effect[3] dat2=0

Effect[4] type=0
Effect[4] trig=0
Effect[4] dat0=0
Effect[4] dat1=0
Effect[4] dat2=0

Effect[5] type=0
Effect[5] trig=0
Effect[5] dat0=0
Effect[5] dat1=0
Effect[5] dat2=0

Effect[6] type=0
Effect[6] trig=0
Effect[6] dat0=0
Effect[6] dat1=0
Effect[6] dat2=0

Effect[7] type=0
Effect[7] trig=0
Effect[7] dat0=0
Effect[7] dat1=0
Effect[7] dat2=0

sizeof itemdesc=71
wrote output file


Reading file:[DES00291.TXT]
Type=9
Sub=2
Numstackable=3
DestroyOn=0

Effect[0] type=0
Effect[0] trig=0
Effect[0] dat0=0
Effect[0] dat1=0
Effect[0] dat2=0

Effect[1] type=0
Effect[1] trig=0
Effect[1] dat0=0
Effect[1] dat1=0
Effect[1] dat2=0

Effect[2] type=0
Effect[2] trig=0
Effect[2] dat0=0
Effect[2] dat1=0
Effect[2] dat2=0

Effect[3] type=0
Effect[3] trig=0
Effect[3] dat0=0
Effect[3] dat1=0
Effect[3] dat2=0

Effect[4] type=0
Effect[4] trig=0
Effect[4] dat0=0
Effect[4] dat1=0
Effect[4] dat2=0

Effect[5] type=0
Effect[5] trig=0
Effect[5] dat0=0
Effect[5] dat1=0
Effect[5] dat2=0

Effect[6] type=0
Effect[6] trig=0
Effect[6] dat0=0
Effect[6] dat1=0
Effect[6] dat2=0

Effect[7] type=0
Effect[7] trig=0
Effect[7] dat0=0
Effect[7] dat1=0
Effect[7] dat2=0

sizeof itemdesc=71
wrote output file


Reading file:[DES00292.TXT]
Type=9
Sub=2
Numstackable=3
DestroyOn=0

Effect[0] type=0
Effect[0] trig=0
Effect[0] dat0=0
Effect[0] dat1=0
Effect[0] dat2=0

Effect[1] type=0
Effect[1] trig=0
Effect[1] dat0=0
Effect[1] dat1=0
Effect[1] dat2=0

Effect[2] type=0
Effect[2] trig=0
Effect[2] dat0=0
Effect[2] dat1=0
Effect[2] dat2=0

Effect[3] type=0
Effect[3] trig=0
Effect[3] dat0=0
Effect[3] dat1=0
Effect[3] dat2=0

Effect[4] type=0
Effect[4] trig=0
Effect[4] dat0=0
Effect[4] dat1=0
Effect[4] dat2=0

Effect[5] type=0
Effect[5] trig=0
Effect[5] dat0=0
Effect[5] dat1=0
Effect[5] dat2=0

Effect[6] type=0
Effect[6] trig=0
Effect[6] dat0=0
Effect[6] dat1=0
Effect[6] dat2=0

Effect[7] type=0
Effect[7] trig=0
Effect[7] dat0=0
Effect[7] dat1=0
Effect[7] dat2=0

sizeof itemdesc=71
wrote output file


Reading file:[DES00293.TXT]
Type=9
Sub=2
Numstackable=3
DestroyOn=0

Effect[0] type=0
Effect[0] trig=0
Effect[0] dat0=0
Effect[0] dat1=0
Effect[0] dat2=0

Effect[1] type=0
Effect[1] trig=0
Effect[1] dat0=0
Effect[1] dat1=0
Effect[1] dat2=0

Effect[2] type=0
Effect[2] trig=0
Effect[2] dat0=0
Effect[2] dat1=0
Effect[2] dat2=0

Effect[3] type=0
Effect[3] trig=0
Effect[3] dat0=0
Effect[3] dat1=0
Effect[3] dat2=0

Effect[4] type=0
Effect[4] trig=0
Effect[4] dat0=0
Effect[4] dat1=0
Effect[4] dat2=0

Effect[5] type=0
Effect[5] trig=0
Effect[5] dat0=0
Effect[5] dat1=0
Effect[5] dat2=0

Effect[6] type=0
Effect[6] trig=0
Effect[6] dat0=0
Effect[6] dat1=0
Effect[6] dat2=0

Effect[7] type=0
Effect[7] trig=0
Effect[7] dat0=0
Effect[7] dat1=0
Effect[7] dat2=0

sizeof itemdesc=71
wrote output file


Reading file:[DES00298.TXT]
Type=7
Sub=255
Numstackable=3
DestroyOn=2

Effect[0] type=7
Effect[0] trig=2
Effect[0] dat0=0
Effect[0] dat1=0
Effect[0] dat2=500

Effect[1] type=0
Effect[1] trig=0
Effect[1] dat0=0
Effect[1] dat1=0
Effect[1] dat2=0

Effect[2] type=0
Effect[2] trig=0
Effect[2] dat0=0
Effect[2] dat1=0
Effect[2] dat2=0

Effect[3] type=0
Effect[3] trig=0
Effect[3] dat0=0
Effect[3] dat1=0
Effect[3] dat2=0

Effect[4] type=0
Effect[4] trig=0
Effect[4] dat0=0
Effect[4] dat1=0
Effect[4] dat2=0

Effect[5] type=0
Effect[5] trig=0
Effect[5] dat0=0
Effect[5] dat1=0
Effect[5] dat2=0

Effect[6] type=0
Effect[6] trig=0
Effect[6] dat0=0
Effect[6] dat1=0
Effect[6] dat2=0

Effect[7] type=0
Effect[7] trig=0
Effect[7] dat0=0
Effect[7] dat1=0
Effect[7] dat2=0

sizeof itemdesc=71
wrote output file


Reading file:[DES00300.TXT]
Type=9
Sub=0
Numstackable=5
DestroyOn=0

Effect[0] type=19
Effect[0] trig=1
Effect[0] dat0=0
Effect[0] dat1=0
Effect[0] dat2=0

Effect[1] type=20
Effect[1] trig=5
Effect[1] dat0=0
Effect[1] dat1=0
Effect[1] dat2=0

Effect[2] type=0
Effect[2] trig=0
Effect[2] dat0=0
Effect[2] dat1=0
Effect[2] dat2=0

Effect[3] type=0
Effect[3] trig=0
Effect[3] dat0=0
Effect[3] dat1=0
Effect[3] dat2=0

Effect[4] type=0
Effect[4] trig=0
Effect[4] dat0=0
Effect[4] dat1=0
Effect[4] dat2=0

Effect[5] type=0
Effect[5] trig=0
Effect[5] dat0=0
Effect[5] dat1=0
Effect[5] dat2=0

Effect[6] type=0
Effect[6] trig=0
Effect[6] dat0=0
Effect[6] dat1=0
Effect[6] dat2=0

Effect[7] type=0
Effect[7] trig=0
Effect[7] dat0=0
Effect[7] dat1=0
Effect[7] dat2=0

sizeof itemdesc=71
wrote output file


Reading file:[DES00301.TXT]
Type=9
Sub=0
Numstackable=5
DestroyOn=0

Effect[0] type=19
Effect[0] trig=1
Effect[0] dat0=1
Effect[0] dat1=0
Effect[0] dat2=0

Effect[1] type=20
Effect[1] trig=5
Effect[1] dat0=1
Effect[1] dat1=0
Effect[1] dat2=0

Effect[2] type=0
Effect[2] trig=0
Effect[2] dat0=0
Effect[2] dat1=0
Effect[2] dat2=0

Effect[3] type=0
Effect[3] trig=0
Effect[3] dat0=0
Effect[3] dat1=0
Effect[3] dat2=0

Effect[4] type=0
Effect[4] trig=0
Effect[4] dat0=0
Effect[4] dat1=0
Effect[4] dat2=0

Effect[5] type=0
Effect[5] trig=0
Effect[5] dat0=0
Effect[5] dat1=0
Effect[5] dat2=0

Effect[6] type=0
Effect[6] trig=0
Effect[6] dat0=0
Effect[6] dat1=0
Effect[6] dat2=0

Effect[7] type=0
Effect[7] trig=0
Effect[7] dat0=0
Effect[7] dat1=0
Effect[7] dat2=0

sizeof itemdesc=71
wrote output file


Reading file:[DES00302.TXT]
Type=9
Sub=0
Numstackable=5
DestroyOn=0

Effect[0] type=19
Effect[0] trig=1
Effect[0] dat0=2
Effect[0] dat1=0
Effect[0] dat2=0

Effect[1] type=20
Effect[1] trig=5
Effect[1] dat0=2
Effect[1] dat1=0
Effect[1] dat2=0

Effect[2] type=0
Effect[2] trig=0
Effect[2] dat0=0
Effect[2] dat1=0
Effect[2] dat2=0

Effect[3] type=0
Effect[3] trig=0
Effect[3] dat0=0
Effect[3] dat1=0
Effect[3] dat2=0

Effect[4] type=0
Effect[4] trig=0
Effect[4] dat0=0
Effect[4] dat1=0
Effect[4] dat2=0

Effect[5] type=0
Effect[5] trig=0
Effect[5] dat0=0
Effect[5] dat1=0
Effect[5] dat2=0

Effect[6] type=0
Effect[6] trig=0
Effect[6] dat0=0
Effect[6] dat1=0
Effect[6] dat2=0

Effect[7] type=0
Effect[7] trig=0
Effect[7] dat0=0
Effect[7] dat1=0
Effect[7] dat2=0

sizeof itemdesc=71
wrote output file


Reading file:[DES00303.TXT]
Type=9
Sub=0
Numstackable=5
DestroyOn=0

Effect[0] type=19
Effect[0] trig=1
Effect[0] dat0=3
Effect[0] dat1=0
Effect[0] dat2=0

Effect[1] type=20
Effect[1] trig=5
Effect[1] dat0=3
Effect[1] dat1=0
Effect[1] dat2=0

Effect[2] type=0
Effect[2] trig=0
Effect[2] dat0=0
Effect[2] dat1=0
Effect[2] dat2=0

Effect[3] type=0
Effect[3] trig=0
Effect[3] dat0=0
Effect[3] dat1=0
Effect[3] dat2=0

Effect[4] type=0
Effect[4] trig=0
Effect[4] dat0=0
Effect[4] dat1=0
Effect[4] dat2=0

Effect[5] type=0
Effect[5] trig=0
Effect[5] dat0=0
Effect[5] dat1=0
Effect[5] dat2=0

Effect[6] type=0
Effect[6] trig=0
Effect[6] dat0=0
Effect[6] dat1=0
Effect[6] dat2=0

Effect[7] type=0
Effect[7] trig=0
Effect[7] dat0=0
Effect[7] dat1=0
Effect[7] dat2=0

sizeof itemdesc=71
wrote output file


Reading file:[DES00304.TXT]
Type=9
Sub=0
Numstackable=5
DestroyOn=0

Effect[0] type=19
Effect[0] trig=1
Effect[0] dat0=4
Effect[0] dat1=0
Effect[0] dat2=0

Effect[1] type=20
Effect[1] trig=5
Effect[1] dat0=4
Effect[1] dat1=0
Effect[1] dat2=0

Effect[2] type=0
Effect[2] trig=0
Effect[2] dat0=0
Effect[2] dat1=0
Effect[2] dat2=0

Effect[3] type=0
Effect[3] trig=0
Effect[3] dat0=0
Effect[3] dat1=0
Effect[3] dat2=0

Effect[4] type=0
Effect[4] trig=0
Effect[4] dat0=0
Effect[4] dat1=0
Effect[4] dat2=0

Effect[5] type=0
Effect[5] trig=0
Effect[5] dat0=0
Effect[5] dat1=0
Effect[5] dat2=0

Effect[6] type=0
Effect[6] trig=0
Effect[6] dat0=0
Effect[6] dat1=0
Effect[6] dat2=0

Effect[7] type=0
Effect[7] trig=0
Effect[7] dat0=0
Effect[7] dat1=0
Effect[7] dat2=0

sizeof itemdesc=71
wrote output file


Reading file:[DES00305.TXT]
Type=9
Sub=0
Numstackable=5
DestroyOn=0

Effect[0] type=19
Effect[0] trig=1
Effect[0] dat0=5
Effect[0] dat1=0
Effect[0] dat2=0

Effect[1] type=20
Effect[1] trig=5
Effect[1] dat0=5
Effect[1] dat1=0
Effect[1] dat2=0

Effect[2] type=0
Effect[2] trig=0
Effect[2] dat0=0
Effect[2] dat1=0
Effect[2] dat2=0

Effect[3] type=0
Effect[3] trig=0
Effect[3] dat0=0
Effect[3] dat1=0
Effect[3] dat2=0

Effect[4] type=0
Effect[4] trig=0
Effect[4] dat0=0
Effect[4] dat1=0
Effect[4] dat2=0

Effect[5] type=0
Effect[5] trig=0
Effect[5] dat0=0
Effect[5] dat1=0
Effect[5] dat2=0

Effect[6] type=0
Effect[6] trig=0
Effect[6] dat0=0
Effect[6] dat1=0
Effect[6] dat2=0

Effect[7] type=0
Effect[7] trig=0
Effect[7] dat0=0
Effect[7] dat1=0
Effect[7] dat2=0

sizeof itemdesc=71
wrote output file


Reading file:[DES00306.TXT]
Type=9
Sub=0
Numstackable=5
DestroyOn=0

Effect[0] type=19
Effect[0] trig=1
Effect[0] dat0=6
Effect[0] dat1=0
Effect[0] dat2=0

Effect[1] type=20
Effect[1] trig=5
Effect[1] dat0=6
Effect[1] dat1=0
Effect[1] dat2=0

Effect[2] type=0
Effect[2] trig=0
Effect[2] dat0=0
Effect[2] dat1=0
Effect[2] dat2=0

Effect[3] type=0
Effect[3] trig=0
Effect[3] dat0=0
Effect[3] dat1=0
Effect[3] dat2=0

Effect[4] type=0
Effect[4] trig=0
Effect[4] dat0=0
Effect[4] dat1=0
Effect[4] dat2=0

Effect[5] type=0
Effect[5] trig=0
Effect[5] dat0=0
Effect[5] dat1=0
Effect[5] dat2=0

Effect[6] type=0
Effect[6] trig=0
Effect[6] dat0=0
Effect[6] dat1=0
Effect[6] dat2=0

Effect[7] type=0
Effect[7] trig=0
Effect[7] dat0=0
Effect[7] dat1=0
Effect[7] dat2=0

sizeof itemdesc=71
wrote output file


Reading file:[DES00307.TXT]
Type=9
Sub=0
Numstackable=5
DestroyOn=0

Effect[0] type=19
Effect[0] trig=1
Effect[0] dat0=7
Effect[0] dat1=0
Effect[0] dat2=0

Effect[1] type=20
Effect[1] trig=5
Effect[1] dat0=7
Effect[1] dat1=0
Effect[1] dat2=0

Effect[2] type=0
Effect[2] trig=0
Effect[2] dat0=0
Effect[2] dat1=0
Effect[2] dat2=0

Effect[3] type=0
Effect[3] trig=0
Effect[3] dat0=0
Effect[3] dat1=0
Effect[3] dat2=0

Effect[4] type=0
Effect[4] trig=0
Effect[4] dat0=0
Effect[4] dat1=0
Effect[4] dat2=0

Effect[5] type=0
Effect[5] trig=0
Effect[5] dat0=0
Effect[5] dat1=0
Effect[5] dat2=0

Effect[6] type=0
Effect[6] trig=0
Effect[6] dat0=0
Effect[6] dat1=0
Effect[6] dat2=0

Effect[7] type=0
Effect[7] trig=0
Effect[7] dat0=0
Effect[7] dat1=0
Effect[7] dat2=0

sizeof itemdesc=71
wrote output file


Reading file:[DES00308.TXT]
Type=9
Sub=0
Numstackable=5
DestroyOn=0

Effect[0] type=19
Effect[0] trig=1
Effect[0] dat0=8
Effect[0] dat1=0
Effect[0] dat2=0

Effect[1] type=20
Effect[1] trig=5
Effect[1] dat0=8
Effect[1] dat1=0
Effect[1] dat2=0

Effect[2] type=0
Effect[2] trig=0
Effect[2] dat0=0
Effect[2] dat1=0
Effect[2] dat2=0

Effect[3] type=0
Effect[3] trig=0
Effect[3] dat0=0
Effect[3] dat1=0
Effect[3] dat2=0

Effect[4] type=0
Effect[4] trig=0
Effect[4] dat0=0
Effect[4] dat1=0
Effect[4] dat2=0

Effect[5] type=0
Effect[5] trig=0
Effect[5] dat0=0
Effect[5] dat1=0
Effect[5] dat2=0

Effect[6] type=0
Effect[6] trig=0
Effect[6] dat0=0
Effect[6] dat1=0
Effect[6] dat2=0

Effect[7] type=0
Effect[7] trig=0
Effect[7] dat0=0
Effect[7] dat1=0
Effect[7] dat2=0

sizeof itemdesc=71
wrote output file


Reading file:[DES00309.TXT]
Type=9
Sub=0
Numstackable=5
DestroyOn=0

Effect[0] type=19
Effect[0] trig=1
Effect[0] dat0=9
Effect[0] dat1=0
Effect[0] dat2=0

Effect[1] type=20
Effect[1] trig=5
Effect[1] dat0=9
Effect[1] dat1=0
Effect[1] dat2=0

Effect[2] type=0
Effect[2] trig=0
Effect[2] dat0=0
Effect[2] dat1=0
Effect[2] dat2=0

Effect[3] type=0
Effect[3] trig=0
Effect[3] dat0=0
Effect[3] dat1=0
Effect[3] dat2=0

Effect[4] type=0
Effect[4] trig=0
Effect[4] dat0=0
Effect[4] dat1=0
Effect[4] dat2=0

Effect[5] type=0
Effect[5] trig=0
Effect[5] dat0=0
Effect[5] dat1=0
Effect[5] dat2=0

Effect[6] type=0
Effect[6] trig=0
Effect[6] dat0=0
Effect[6] dat1=0
Effect[6] dat2=0

Effect[7] type=0
Effect[7] trig=0
Effect[7] dat0=0
Effect[7] dat1=0
Effect[7] dat2=0

sizeof itemdesc=71
wrote output file


Reading file:[DES00310.TXT]
Type=9
Sub=0
Numstackable=5
DestroyOn=0

Effect[0] type=19
Effect[0] trig=1
Effect[0] dat0=10
Effect[0] dat1=0
Effect[0] dat2=0

Effect[1] type=20
Effect[1] trig=5
Effect[1] dat0=10
Effect[1] dat1=0
Effect[1] dat2=0

Effect[2] type=0
Effect[2] trig=0
Effect[2] dat0=0
Effect[2] dat1=0
Effect[2] dat2=0

Effect[3] type=0
Effect[3] trig=0
Effect[3] dat0=0
Effect[3] dat1=0
Effect[3] dat2=0

Effect[4] type=0
Effect[4] trig=0
Effect[4] dat0=0
Effect[4] dat1=0
Effect[4] dat2=0

Effect[5] type=0
Effect[5] trig=0
Effect[5] dat0=0
Effect[5] dat1=0
Effect[5] dat2=0

Effect[6] type=0
Effect[6] trig=0
Effect[6] dat0=0
Effect[6] dat1=0
Effect[6] dat2=0

Effect[7] type=0
Effect[7] trig=0
Effect[7] dat0=0
Effect[7] dat1=0
Effect[7] dat2=0

sizeof itemdesc=71
wrote output file


Reading file:[DES00311.TXT]
Type=9
Sub=0
Numstackable=5
DestroyOn=0

Effect[0] type=19
Effect[0] trig=1
Effect[0] dat0=11
Effect[0] dat1=0
Effect[0] dat2=0

Effect[1] type=20
Effect[1] trig=5
Effect[1] dat0=11
Effect[1] dat1=0
Effect[1] dat2=0

Effect[2] type=0
Effect[2] trig=0
Effect[2] dat0=0
Effect[2] dat1=0
Effect[2] dat2=0

Effect[3] type=0
Effect[3] trig=0
Effect[3] dat0=0
Effect[3] dat1=0
Effect[3] dat2=0

Effect[4] type=0
Effect[4] trig=0
Effect[4] dat0=0
Effect[4] dat1=0
Effect[4] dat2=0

Effect[5] type=0
Effect[5] trig=0
Effect[5] dat0=0
Effect[5] dat1=0
Effect[5] dat2=0

Effect[6] type=0
Effect[6] trig=0
Effect[6] dat0=0
Effect[6] dat1=0
Effect[6] dat2=0

Effect[7] type=0
Effect[7] trig=0
Effect[7] dat0=0
Effect[7] dat1=0
Effect[7] dat2=0

sizeof itemdesc=71
wrote output file


Reading file:[DES00312.TXT]
Type=9
Sub=0
Numstackable=5
DestroyOn=0

Effect[0] type=19
Effect[0] trig=1
Effect[0] dat0=12
Effect[0] dat1=0
Effect[0] dat2=0

Effect[1] type=20
Effect[1] trig=5
Effect[1] dat0=12
Effect[1] dat1=0
Effect[1] dat2=0

Effect[2] type=0
Effect[2] trig=0
Effect[2] dat0=0
Effect[2] dat1=0
Effect[2] dat2=0

Effect[3] type=0
Effect[3] trig=0
Effect[3] dat0=0
Effect[3] dat1=0
Effect[3] dat2=0

Effect[4] type=0
Effect[4] trig=0
Effect[4] dat0=0
Effect[4] dat1=0
Effect[4] dat2=0

Effect[5] type=0
Effect[5] trig=0
Effect[5] dat0=0
Effect[5] dat1=0
Effect[5] dat2=0

Effect[6] type=0
Effect[6] trig=0
Effect[6] dat0=0
Effect[6] dat1=0
Effect[6] dat2=0

Effect[7] type=0
Effect[7] trig=0
Effect[7] dat0=0
Effect[7] dat1=0
Effect[7] dat2=0

sizeof itemdesc=71
wrote output file


Reading file:[DES00313.TXT]
Type=9
Sub=0
Numstackable=5
DestroyOn=0

Effect[0] type=19
Effect[0] trig=1
Effect[0] dat0=13
Effect[0] dat1=0
Effect[0] dat2=0

Effect[1] type=20
Effect[1] trig=5
Effect[1] dat0=13
Effect[1] dat1=0
Effect[1] dat2=0

Effect[2] type=0
Effect[2] trig=0
Effect[2] dat0=0
Effect[2] dat1=0
Effect[2] dat2=0

Effect[3] type=0
Effect[3] trig=0
Effect[3] dat0=0
Effect[3] dat1=0
Effect[3] dat2=0

Effect[4] type=0
Effect[4] trig=0
Effect[4] dat0=0
Effect[4] dat1=0
Effect[4] dat2=0

Effect[5] type=0
Effect[5] trig=0
Effect[5] dat0=0
Effect[5] dat1=0
Effect[5] dat2=0

Effect[6] type=0
Effect[6] trig=0
Effect[6] dat0=0
Effect[6] dat1=0
Effect[6] dat2=0

Effect[7] type=0
Effect[7] trig=0
Effect[7] dat0=0
Effect[7] dat1=0
Effect[7] dat2=0

sizeof itemdesc=71
wrote output file


Reading file:[DES00314.TXT]
Type=9
Sub=0
Numstackable=5
DestroyOn=0

Effect[0] type=19
Effect[0] trig=1
Effect[0] dat0=14
Effect[0] dat1=0
Effect[0] dat2=0

Effect[1] type=20
Effect[1] trig=5
Effect[1] dat0=14
Effect[1] dat1=0
Effect[1] dat2=0

Effect[2] type=0
Effect[2] trig=0
Effect[2] dat0=0
Effect[2] dat1=0
Effect[2] dat2=0

Effect[3] type=0
Effect[3] trig=0
Effect[3] dat0=0
Effect[3] dat1=0
Effect[3] dat2=0

Effect[4] type=0
Effect[4] trig=0
Effect[4] dat0=0
Effect[4] dat1=0
Effect[4] dat2=0

Effect[5] type=0
Effect[5] trig=0
Effect[5] dat0=0
Effect[5] dat1=0
Effect[5] dat2=0

Effect[6] type=0
Effect[6] trig=0
Effect[6] dat0=0
Effect[6] dat1=0
Effect[6] dat2=0

Effect[7] type=0
Effect[7] trig=0
Effect[7] dat0=0
Effect[7] dat1=0
Effect[7] dat2=0

sizeof itemdesc=71
wrote output file


Reading file:[DES00315.TXT]
Type=9
Sub=0
Numstackable=5
DestroyOn=0

Effect[0] type=19
Effect[0] trig=1
Effect[0] dat0=15
Effect[0] dat1=0
Effect[0] dat2=0

Effect[1] type=20
Effect[1] trig=5
Effect[1] dat0=15
Effect[1] dat1=0
Effect[1] dat2=0

Effect[2] type=0
Effect[2] trig=0
Effect[2] dat0=0
Effect[2] dat1=0
Effect[2] dat2=0

Effect[3] type=0
Effect[3] trig=0
Effect[3] dat0=0
Effect[3] dat1=0
Effect[3] dat2=0

Effect[4] type=0
Effect[4] trig=0
Effect[4] dat0=0
Effect[4] dat1=0
Effect[4] dat2=0

Effect[5] type=0
Effect[5] trig=0
Effect[5] dat0=0
Effect[5] dat1=0
Effect[5] dat2=0

Effect[6] type=0
Effect[6] trig=0
Effect[6] dat0=0
Effect[6] dat1=0
Effect[6] dat2=0

Effect[7] type=0
Effect[7] trig=0
Effect[7] dat0=0
Effect[7] dat1=0
Effect[7] dat2=0

sizeof itemdesc=71
wrote output file


Reading file:[DES00316.TXT]
Type=9
Sub=0
Numstackable=5
DestroyOn=0

Effect[0] type=19
Effect[0] trig=1
Effect[0] dat0=16
Effect[0] dat1=0
Effect[0] dat2=0

Effect[1] type=20
Effect[1] trig=5
Effect[1] dat0=16
Effect[1] dat1=0
Effect[1] dat2=0

Effect[2] type=0
Effect[2] trig=0
Effect[2] dat0=0
Effect[2] dat1=0
Effect[2] dat2=0

Effect[3] type=0
Effect[3] trig=0
Effect[3] dat0=0
Effect[3] dat1=0
Effect[3] dat2=0

Effect[4] type=0
Effect[4] trig=0
Effect[4] dat0=0
Effect[4] dat1=0
Effect[4] dat2=0

Effect[5] type=0
Effect[5] trig=0
Effect[5] dat0=0
Effect[5] dat1=0
Effect[5] dat2=0

Effect[6] type=0
Effect[6] trig=0
Effect[6] dat0=0
Effect[6] dat1=0
Effect[6] dat2=0

Effect[7] type=0
Effect[7] trig=0
Effect[7] dat0=0
Effect[7] dat1=0
Effect[7] dat2=0

sizeof itemdesc=71
wrote output file


Reading file:[DES00317.TXT]
Type=9
Sub=0
Numstackable=5
DestroyOn=0

Effect[0] type=19
Effect[0] trig=1
Effect[0] dat0=17
Effect[0] dat1=0
Effect[0] dat2=0

Effect[1] type=20
Effect[1] trig=5
Effect[1] dat0=17
Effect[1] dat1=0
Effect[1] dat2=0

Effect[2] type=0
Effect[2] trig=0
Effect[2] dat0=0
Effect[2] dat1=0
Effect[2] dat2=0

Effect[3] type=0
Effect[3] trig=0
Effect[3] dat0=0
Effect[3] dat1=0
Effect[3] dat2=0

Effect[4] type=0
Effect[4] trig=0
Effect[4] dat0=0
Effect[4] dat1=0
Effect[4] dat2=0

Effect[5] type=0
Effect[5] trig=0
Effect[5] dat0=0
Effect[5] dat1=0
Effect[5] dat2=0

Effect[6] type=0
Effect[6] trig=0
Effect[6] dat0=0
Effect[6] dat1=0
Effect[6] dat2=0

Effect[7] type=0
Effect[7] trig=0
Effect[7] dat0=0
Effect[7] dat1=0
Effect[7] dat2=0

sizeof itemdesc=71
wrote output file


Reading file:[DES00350.TXT]
Type=6
Sub=255
Numstackable=5
DestroyOn=2

Effect[0] type=56
Effect[0] trig=2
Effect[0] dat0=0
Effect[0] dat1=0
Effect[0] dat2=0

Effect[1] type=0
Effect[1] trig=0
Effect[1] dat0=0
Effect[1] dat1=0
Effect[1] dat2=0

Effect[2] type=0
Effect[2] trig=0
Effect[2] dat0=0
Effect[2] dat1=0
Effect[2] dat2=0

Effect[3] type=0
Effect[3] trig=0
Effect[3] dat0=0
Effect[3] dat1=0
Effect[3] dat2=0

Effect[4] type=0
Effect[4] trig=0
Effect[4] dat0=0
Effect[4] dat1=0
Effect[4] dat2=0

Effect[5] type=0
Effect[5] trig=0
Effect[5] dat0=0
Effect[5] dat1=0
Effect[5] dat2=0

Effect[6] type=0
Effect[6] trig=0
Effect[6] dat0=0
Effect[6] dat1=0
Effect[6] dat2=0

Effect[7] type=0
Effect[7] trig=0
Effect[7] dat0=0
Effect[7] dat1=0
Effect[7] dat2=0

sizeof itemdesc=71
wrote output file


Reading file:[DES00351.TXT]
Type=6
Sub=255
Numstackable=5
DestroyOn=2

Effect[0] type=57
Effect[0] trig=2
Effect[0] dat0=0
Effect[0] dat1=0
Effect[0] dat2=0

Effect[1] type=0
Effect[1] trig=0
Effect[1] dat0=0
Effect[1] dat1=0
Effect[1] dat2=0

Effect[2] type=0
Effect[2] trig=0
Effect[2] dat0=0
Effect[2] dat1=0
Effect[2] dat2=0

Effect[3] type=0
Effect[3] trig=0
Effect[3] dat0=0
Effect[3] dat1=0
Effect[3] dat2=0

Effect[4] type=0
Effect[4] trig=0
Effect[4] dat0=0
Effect[4] dat1=0
Effect[4] dat2=0

Effect[5] type=0
Effect[5] trig=0
Effect[5] dat0=0
Effect[5] dat1=0
Effect[5] dat2=0

Effect[6] type=0
Effect[6] trig=0
Effect[6] dat0=0
Effect[6] dat1=0
Effect[6] dat2=0

Effect[7] type=0
Effect[7] trig=0
Effect[7] dat0=0
Effect[7] dat1=0
Effect[7] dat2=0

sizeof itemdesc=71
wrote output file


Reading file:[DES00352.TXT]
Type=6
Sub=255
Numstackable=5
DestroyOn=2

Effect[0] type=5
Effect[0] trig=2
Effect[0] dat0=10
Effect[0] dat1=15000
Effect[0] dat2=0

Effect[1] type=0
Effect[1] trig=0
Effect[1] dat0=0
Effect[1] dat1=0
Effect[1] dat2=0

Effect[2] type=0
Effect[2] trig=0
Effect[2] dat0=0
Effect[2] dat1=0
Effect[2] dat2=0

Effect[3] type=0
Effect[3] trig=0
Effect[3] dat0=0
Effect[3] dat1=0
Effect[3] dat2=0

Effect[4] type=0
Effect[4] trig=0
Effect[4] dat0=0
Effect[4] dat1=0
Effect[4] dat2=0

Effect[5] type=0
Effect[5] trig=0
Effect[5] dat0=0
Effect[5] dat1=0
Effect[5] dat2=0

Effect[6] type=0
Effect[6] trig=0
Effect[6] dat0=0
Effect[6] dat1=0
Effect[6] dat2=0

Effect[7] type=0
Effect[7] trig=0
Effect[7] dat0=0
Effect[7] dat1=0
Effect[7] dat2=0

sizeof itemdesc=71
wrote output file


Reading file:[DES00353.TXT]
Type=6
Sub=255
Numstackable=5
DestroyOn=2

Effect[0] type=5
Effect[0] trig=2
Effect[0] dat0=11
Effect[0] dat1=15000
Effect[0] dat2=0

Effect[1] type=0
Effect[1] trig=0
Effect[1] dat0=0
Effect[1] dat1=0
Effect[1] dat2=0

Effect[2] type=0
Effect[2] trig=0
Effect[2] dat0=0
Effect[2] dat1=0
Effect[2] dat2=0

Effect[3] type=0
Effect[3] trig=0
Effect[3] dat0=0
Effect[3] dat1=0
Effect[3] dat2=0

Effect[4] type=0
Effect[4] trig=0
Effect[4] dat0=0
Effect[4] dat1=0
Effect[4] dat2=0

Effect[5] type=0
Effect[5] trig=0
Effect[5] dat0=0
Effect[5] dat1=0
Effect[5] dat2=0

Effect[6] type=0
Effect[6] trig=0
Effect[6] dat0=0
Effect[6] dat1=0
Effect[6] dat2=0

Effect[7] type=0
Effect[7] trig=0
Effect[7] dat0=0
Effect[7] dat1=0
Effect[7] dat2=0

sizeof itemdesc=71
wrote output file


Reading file:[DES00354.TXT]
Type=6
Sub=255
Numstackable=5
DestroyOn=2

Effect[0] type=9
Effect[0] trig=2
Effect[0] dat0=0
Effect[0] dat1=0
Effect[0] dat2=1000

Effect[1] type=0
Effect[1] trig=0
Effect[1] dat0=0
Effect[1] dat1=0
Effect[1] dat2=0

Effect[2] type=0
Effect[2] trig=0
Effect[2] dat0=0
Effect[2] dat1=0
Effect[2] dat2=0

Effect[3] type=0
Effect[3] trig=0
Effect[3] dat0=0
Effect[3] dat1=0
Effect[3] dat2=0

Effect[4] type=0
Effect[4] trig=0
Effect[4] dat0=0
Effect[4] dat1=0
Effect[4] dat2=0

Effect[5] type=0
Effect[5] trig=0
Effect[5] dat0=0
Effect[5] dat1=0
Effect[5] dat2=0

Effect[6] type=0
Effect[6] trig=0
Effect[6] dat0=0
Effect[6] dat1=0
Effect[6] dat2=0

Effect[7] type=0
Effect[7] trig=0
Effect[7] dat0=0
Effect[7] dat1=0
Effect[7] dat2=0

sizeof itemdesc=71
wrote output file


Reading file:[DES00355.TXT]
Type=6
Sub=255
Numstackable=5
DestroyOn=2

Effect[0] type=9
Effect[0] trig=2
Effect[0] dat0=0
Effect[0] dat1=0
Effect[0] dat2=3000

Effect[1] type=0
Effect[1] trig=0
Effect[1] dat0=0
Effect[1] dat1=0
Effect[1] dat2=0

Effect[2] type=0
Effect[2] trig=0
Effect[2] dat0=0
Effect[2] dat1=0
Effect[2] dat2=0

Effect[3] type=0
Effect[3] trig=0
Effect[3] dat0=0
Effect[3] dat1=0
Effect[3] dat2=0

Effect[4] type=0
Effect[4] trig=0
Effect[4] dat0=0
Effect[4] dat1=0
Effect[4] dat2=0

Effect[5] type=0
Effect[5] trig=0
Effect[5] dat0=0
Effect[5] dat1=0
Effect[5] dat2=0

Effect[6] type=0
Effect[6] trig=0
Effect[6] dat0=0
Effect[6] dat1=0
Effect[6] dat2=0

Effect[7] type=0
Effect[7] trig=0
Effect[7] dat0=0
Effect[7] dat1=0
Effect[7] dat2=0

sizeof itemdesc=71
wrote output file


Reading file:[DES00356.TXT]
Type=6
Sub=255
Numstackable=5
DestroyOn=2

Effect[0] type=9
Effect[0] trig=2
Effect[0] dat0=0
Effect[0] dat1=0
Effect[0] dat2=10000

Effect[1] type=0
Effect[1] trig=0
Effect[1] dat0=0
Effect[1] dat1=0
Effect[1] dat2=0

Effect[2] type=0
Effect[2] trig=0
Effect[2] dat0=0
Effect[2] dat1=0
Effect[2] dat2=0

Effect[3] type=0
Effect[3] trig=0
Effect[3] dat0=0
Effect[3] dat1=0
Effect[3] dat2=0

Effect[4] type=0
Effect[4] trig=0
Effect[4] dat0=0
Effect[4] dat1=0
Effect[4] dat2=0

Effect[5] type=0
Effect[5] trig=0
Effect[5] dat0=0
Effect[5] dat1=0
Effect[5] dat2=0

Effect[6] type=0
Effect[6] trig=0
Effect[6] dat0=0
Effect[6] dat1=0
Effect[6] dat2=0

Effect[7] type=0
Effect[7] trig=0
Effect[7] dat0=0
Effect[7] dat1=0
Effect[7] dat2=0

sizeof itemdesc=71
wrote output file


Reading file:[DES00357.TXT]
Type=6
Sub=255
Numstackable=5
DestroyOn=2

Effect[0] type=5
Effect[0] trig=2
Effect[0] dat0=19
Effect[0] dat1=3000
Effect[0] dat2=500

Effect[1] type=0
Effect[1] trig=0
Effect[1] dat0=0
Effect[1] dat1=0
Effect[1] dat2=0

Effect[2] type=0
Effect[2] trig=0
Effect[2] dat0=0
Effect[2] dat1=0
Effect[2] dat2=0

Effect[3] type=0
Effect[3] trig=0
Effect[3] dat0=0
Effect[3] dat1=0
Effect[3] dat2=0

Effect[4] type=0
Effect[4] trig=0
Effect[4] dat0=0
Effect[4] dat1=0
Effect[4] dat2=0

Effect[5] type=0
Effect[5] trig=0
Effect[5] dat0=0
Effect[5] dat1=0
Effect[5] dat2=0

Effect[6] type=0
Effect[6] trig=0
Effect[6] dat0=0
Effect[6] dat1=0
Effect[6] dat2=0

Effect[7] type=0
Effect[7] trig=0
Effect[7] dat0=0
Effect[7] dat1=0
Effect[7] dat2=0

sizeof itemdesc=71
wrote output file


Reading file:[DES00358.TXT]
Type=6
Sub=255
Numstackable=5
DestroyOn=2

Effect[0] type=5
Effect[0] trig=2
Effect[0] dat0=9
Effect[0] dat1=15000
Effect[0] dat2=40

Effect[1] type=0
Effect[1] trig=0
Effect[1] dat0=0
Effect[1] dat1=0
Effect[1] dat2=0

Effect[2] type=0
Effect[2] trig=0
Effect[2] dat0=0
Effect[2] dat1=0
Effect[2] dat2=0

Effect[3] type=0
Effect[3] trig=0
Effect[3] dat0=0
Effect[3] dat1=0
Effect[3] dat2=0

Effect[4] type=0
Effect[4] trig=0
Effect[4] dat0=0
Effect[4] dat1=0
Effect[4] dat2=0

Effect[5] type=0
Effect[5] trig=0
Effect[5] dat0=0
Effect[5] dat1=0
Effect[5] dat2=0

Effect[6] type=0
Effect[6] trig=0
Effect[6] dat0=0
Effect[6] dat1=0
Effect[6] dat2=0

Effect[7] type=0
Effect[7] trig=0
Effect[7] dat0=0
Effect[7] dat1=0
Effect[7] dat2=0

sizeof itemdesc=71
wrote output file


Reading file:[DES00359.TXT]
Type=6
Sub=255
Numstackable=5
DestroyOn=2

Effect[0] type=29
Effect[0] trig=2
Effect[0] dat0=0
Effect[0] dat1=300
Effect[0] dat2=0

Effect[1] type=0
Effect[1] trig=0
Effect[1] dat0=0
Effect[1] dat1=0
Effect[1] dat2=0

Effect[2] type=0
Effect[2] trig=0
Effect[2] dat0=0
Effect[2] dat1=0
Effect[2] dat2=0

Effect[3] type=0
Effect[3] trig=0
Effect[3] dat0=0
Effect[3] dat1=0
Effect[3] dat2=0

Effect[4] type=0
Effect[4] trig=0
Effect[4] dat0=0
Effect[4] dat1=0
Effect[4] dat2=0

Effect[5] type=0
Effect[5] trig=0
Effect[5] dat0=0
Effect[5] dat1=0
Effect[5] dat2=0

Effect[6] type=0
Effect[6] trig=0
Effect[6] dat0=0
Effect[6] dat1=0
Effect[6] dat2=0

Effect[7] type=0
Effect[7] trig=0
Effect[7] dat0=0
Effect[7] dat1=0
Effect[7] dat2=0

sizeof itemdesc=71
wrote output file


Reading file:[DES00360.TXT]
Type=6
Sub=255
Numstackable=5
DestroyOn=2

Effect[0] type=5
Effect[0] trig=2
Effect[0] dat0=2
Effect[0] dat1=5000
Effect[0] dat2=0

Effect[1] type=0
Effect[1] trig=0
Effect[1] dat0=0
Effect[1] dat1=0
Effect[1] dat2=0

Effect[2] type=0
Effect[2] trig=0
Effect[2] dat0=0
Effect[2] dat1=0
Effect[2] dat2=0

Effect[3] type=0
Effect[3] trig=0
Effect[3] dat0=0
Effect[3] dat1=0
Effect[3] dat2=0

Effect[4] type=0
Effect[4] trig=0
Effect[4] dat0=0
Effect[4] dat1=0
Effect[4] dat2=0

Effect[5] type=0
Effect[5] trig=0
Effect[5] dat0=0
Effect[5] dat1=0
Effect[5] dat2=0

Effect[6] type=0
Effect[6] trig=0
Effect[6] dat0=0
Effect[6] dat1=0
Effect[6] dat2=0

Effect[7] type=0
Effect[7] trig=0
Effect[7] dat0=0
Effect[7] dat1=0
Effect[7] dat2=0

sizeof itemdesc=71
wrote output file


Reading file:[DES00361.TXT]
Type=6
Sub=255
Numstackable=5
DestroyOn=2

Effect[0] type=5
Effect[0] trig=2
Effect[0] dat0=23
Effect[0] dat1=5000
Effect[0] dat2=0

Effect[1] type=0
Effect[1] trig=0
Effect[1] dat0=0
Effect[1] dat1=0
Effect[1] dat2=0

Effect[2] type=0
Effect[2] trig=0
Effect[2] dat0=0
Effect[2] dat1=0
Effect[2] dat2=0

Effect[3] type=0
Effect[3] trig=0
Effect[3] dat0=0
Effect[3] dat1=0
Effect[3] dat2=0

Effect[4] type=0
Effect[4] trig=0
Effect[4] dat0=0
Effect[4] dat1=0
Effect[4] dat2=0

Effect[5] type=0
Effect[5] trig=0
Effect[5] dat0=0
Effect[5] dat1=0
Effect[5] dat2=0

Effect[6] type=0
Effect[6] trig=0
Effect[6] dat0=0
Effect[6] dat1=0
Effect[6] dat2=0

Effect[7] type=0
Effect[7] trig=0
Effect[7] dat0=0
Effect[7] dat1=0
Effect[7] dat2=0

sizeof itemdesc=71
wrote output file


Reading file:[DES00362.TXT]
Type=6
Sub=255
Numstackable=5
DestroyOn=2

Effect[0] type=10
Effect[0] trig=2
Effect[0] dat0=0
Effect[0] dat1=0
Effect[0] dat2=2000

Effect[1] type=0
Effect[1] trig=0
Effect[1] dat0=0
Effect[1] dat1=0
Effect[1] dat2=0

Effect[2] type=0
Effect[2] trig=0
Effect[2] dat0=0
Effect[2] dat1=0
Effect[2] dat2=0

Effect[3] type=0
Effect[3] trig=0
Effect[3] dat0=0
Effect[3] dat1=0
Effect[3] dat2=0

Effect[4] type=0
Effect[4] trig=0
Effect[4] dat0=0
Effect[4] dat1=0
Effect[4] dat2=0

Effect[5] type=0
Effect[5] trig=0
Effect[5] dat0=0
Effect[5] dat1=0
Effect[5] dat2=0

Effect[6] type=0
Effect[6] trig=0
Effect[6] dat0=0
Effect[6] dat1=0
Effect[6] dat2=0

Effect[7] type=0
Effect[7] trig=0
Effect[7] dat0=0
Effect[7] dat1=0
Effect[7] dat2=0

sizeof itemdesc=71
wrote output file


Reading file:[DES00363.TXT]
Type=6
Sub=255
Numstackable=5
DestroyOn=2

Effect[0] type=10
Effect[0] trig=2
Effect[0] dat0=0
Effect[0] dat1=0
Effect[0] dat2=10000

Effect[1] type=0
Effect[1] trig=0
Effect[1] dat0=0
Effect[1] dat1=0
Effect[1] dat2=0

Effect[2] type=0
Effect[2] trig=0
Effect[2] dat0=0
Effect[2] dat1=0
Effect[2] dat2=0

Effect[3] type=0
Effect[3] trig=0
Effect[3] dat0=0
Effect[3] dat1=0
Effect[3] dat2=0

Effect[4] type=0
Effect[4] trig=0
Effect[4] dat0=0
Effect[4] dat1=0
Effect[4] dat2=0

Effect[5] type=0
Effect[5] trig=0
Effect[5] dat0=0
Effect[5] dat1=0
Effect[5] dat2=0

Effect[6] type=0
Effect[6] trig=0
Effect[6] dat0=0
Effect[6] dat1=0
Effect[6] dat2=0

Effect[7] type=0
Effect[7] trig=0
Effect[7] dat0=0
Effect[7] dat1=0
Effect[7] dat2=0

sizeof itemdesc=71
wrote output file


Reading file:[DES00364.TXT]
Type=6
Sub=255
Numstackable=5
DestroyOn=2

Effect[0] type=5
Effect[0] trig=2
Effect[0] dat0=13
Effect[0] dat1=8000
Effect[0] dat2=25

Effect[1] type=0
Effect[1] trig=0
Effect[1] dat0=0
Effect[1] dat1=0
Effect[1] dat2=0

Effect[2] type=0
Effect[2] trig=0
Effect[2] dat0=0
Effect[2] dat1=0
Effect[2] dat2=0

Effect[3] type=0
Effect[3] trig=0
Effect[3] dat0=0
Effect[3] dat1=0
Effect[3] dat2=0

Effect[4] type=0
Effect[4] trig=0
Effect[4] dat0=0
Effect[4] dat1=0
Effect[4] dat2=0

Effect[5] type=0
Effect[5] trig=0
Effect[5] dat0=0
Effect[5] dat1=0
Effect[5] dat2=0

Effect[6] type=0
Effect[6] trig=0
Effect[6] dat0=0
Effect[6] dat1=0
Effect[6] dat2=0

Effect[7] type=0
Effect[7] trig=0
Effect[7] dat0=0
Effect[7] dat1=0
Effect[7] dat2=0

sizeof itemdesc=71
wrote output file


Reading file:[DES00365.TXT]
Type=6
Sub=255
Numstackable=5
DestroyOn=2

Effect[0] type=5
Effect[0] trig=2
Effect[0] dat0=14
Effect[0] dat1=8000
Effect[0] dat2=25

Effect[1] type=0
Effect[1] trig=0
Effect[1] dat0=0
Effect[1] dat1=0
Effect[1] dat2=0

Effect[2] type=0
Effect[2] trig=0
Effect[2] dat0=0
Effect[2] dat1=0
Effect[2] dat2=0

Effect[3] type=0
Effect[3] trig=0
Effect[3] dat0=0
Effect[3] dat1=0
Effect[3] dat2=0

Effect[4] type=0
Effect[4] trig=0
Effect[4] dat0=0
Effect[4] dat1=0
Effect[4] dat2=0

Effect[5] type=0
Effect[5] trig=0
Effect[5] dat0=0
Effect[5] dat1=0
Effect[5] dat2=0

Effect[6] type=0
Effect[6] trig=0
Effect[6] dat0=0
Effect[6] dat1=0
Effect[6] dat2=0

Effect[7] type=0
Effect[7] trig=0
Effect[7] dat0=0
Effect[7] dat1=0
Effect[7] dat2=0

sizeof itemdesc=71
wrote output file


Reading file:[DES00366.TXT]
Type=6
Sub=255
Numstackable=5
DestroyOn=2

Effect[0] type=5
Effect[0] trig=2
Effect[0] dat0=18
Effect[0] dat1=8000
Effect[0] dat2=25

Effect[1] type=0
Effect[1] trig=0
Effect[1] dat0=0
Effect[1] dat1=0
Effect[1] dat2=0

Effect[2] type=0
Effect[2] trig=0
Effect[2] dat0=0
Effect[2] dat1=0
Effect[2] dat2=0

Effect[3] type=0
Effect[3] trig=0
Effect[3] dat0=0
Effect[3] dat1=0
Effect[3] dat2=0

Effect[4] type=0
Effect[4] trig=0
Effect[4] dat0=0
Effect[4] dat1=0
Effect[4] dat2=0

Effect[5] type=0
Effect[5] trig=0
Effect[5] dat0=0
Effect[5] dat1=0
Effect[5] dat2=0

Effect[6] type=0
Effect[6] trig=0
Effect[6] dat0=0
Effect[6] dat1=0
Effect[6] dat2=0

Effect[7] type=0
Effect[7] trig=0
Effect[7] dat0=0
Effect[7] dat1=0
Effect[7] dat2=0

sizeof itemdesc=71
wrote output file


Reading file:[DES00367.TXT]
Type=6
Sub=255
Numstackable=5
DestroyOn=2

Effect[0] type=5
Effect[0] trig=2
Effect[0] dat0=17
Effect[0] dat1=8000
Effect[0] dat2=25

Effect[1] type=0
Effect[1] trig=0
Effect[1] dat0=0
Effect[1] dat1=0
Effect[1] dat2=0

Effect[2] type=0
Effect[2] trig=0
Effect[2] dat0=0
Effect[2] dat1=0
Effect[2] dat2=0

Effect[3] type=0
Effect[3] trig=0
Effect[3] dat0=0
Effect[3] dat1=0
Effect[3] dat2=0

Effect[4] type=0
Effect[4] trig=0
Effect[4] dat0=0
Effect[4] dat1=0
Effect[4] dat2=0

Effect[5] type=0
Effect[5] trig=0
Effect[5] dat0=0
Effect[5] dat1=0
Effect[5] dat2=0

Effect[6] type=0
Effect[6] trig=0
Effect[6] dat0=0
Effect[6] dat1=0
Effect[6] dat2=0

Effect[7] type=0
Effect[7] trig=0
Effect[7] dat0=0
Effect[7] dat1=0
Effect[7] dat2=0

sizeof itemdesc=71
wrote output file


Reading file:[DES00368.TXT]
Type=6
Sub=255
Numstackable=5
DestroyOn=2

Effect[0] type=5
Effect[0] trig=2
Effect[0] dat0=15
Effect[0] dat1=8000
Effect[0] dat2=25

Effect[1] type=0
Effect[1] trig=0
Effect[1] dat0=0
Effect[1] dat1=0
Effect[1] dat2=0

Effect[2] type=0
Effect[2] trig=0
Effect[2] dat0=0
Effect[2] dat1=0
Effect[2] dat2=0

Effect[3] type=0
Effect[3] trig=0
Effect[3] dat0=0
Effect[3] dat1=0
Effect[3] dat2=0

Effect[4] type=0
Effect[4] trig=0
Effect[4] dat0=0
Effect[4] dat1=0
Effect[4] dat2=0

Effect[5] type=0
Effect[5] trig=0
Effect[5] dat0=0
Effect[5] dat1=0
Effect[5] dat2=0

Effect[6] type=0
Effect[6] trig=0
Effect[6] dat0=0
Effect[6] dat1=0
Effect[6] dat2=0

Effect[7] type=0
Effect[7] trig=0
Effect[7] dat0=0
Effect[7] dat1=0
Effect[7] dat2=0

sizeof itemdesc=71
wrote output file


Reading file:[DES00369.TXT]
Type=6
Sub=255
Numstackable=5
DestroyOn=2

Effect[0] type=23
Effect[0] trig=2
Effect[0] dat0=369
Effect[0] dat1=0
Effect[0] dat2=0

Effect[1] type=37
Effect[1] trig=2
Effect[1] dat0=0
Effect[1] dat1=0
Effect[1] dat2=1500

Effect[2] type=25
Effect[2] trig=2
Effect[2] dat0=2014
Effect[2] dat1=255
Effect[2] dat2=0

Effect[3] type=52
Effect[3] trig=2
Effect[3] dat0=40
Effect[3] dat1=40
Effect[3] dat2=40

Effect[4] type=0
Effect[4] trig=0
Effect[4] dat0=0
Effect[4] dat1=0
Effect[4] dat2=0

Effect[5] type=0
Effect[5] trig=0
Effect[5] dat0=0
Effect[5] dat1=0
Effect[5] dat2=0

Effect[6] type=0
Effect[6] trig=0
Effect[6] dat0=0
Effect[6] dat1=0
Effect[6] dat2=0

Effect[7] type=0
Effect[7] trig=0
Effect[7] dat0=0
Effect[7] dat1=0
Effect[7] dat2=0

sizeof itemdesc=71
wrote output file


Reading file:[DES00370.TXT]
Type=6
Sub=255
Numstackable=5
DestroyOn=2

Effect[0] type=5
Effect[0] trig=2
Effect[0] dat0=32
Effect[0] dat1=8000
Effect[0] dat2=0

Effect[1] type=0
Effect[1] trig=0
Effect[1] dat0=0
Effect[1] dat1=0
Effect[1] dat2=0

Effect[2] type=0
Effect[2] trig=0
Effect[2] dat0=0
Effect[2] dat1=0
Effect[2] dat2=0

Effect[3] type=0
Effect[3] trig=0
Effect[3] dat0=0
Effect[3] dat1=0
Effect[3] dat2=0

Effect[4] type=0
Effect[4] trig=0
Effect[4] dat0=0
Effect[4] dat1=0
Effect[4] dat2=0

Effect[5] type=0
Effect[5] trig=0
Effect[5] dat0=0
Effect[5] dat1=0
Effect[5] dat2=0

Effect[6] type=0
Effect[6] trig=0
Effect[6] dat0=0
Effect[6] dat1=0
Effect[6] dat2=0

Effect[7] type=0
Effect[7] trig=0
Effect[7] dat0=0
Effect[7] dat1=0
Effect[7] dat2=0

sizeof itemdesc=71
wrote output file


Reading file:[DES00371.TXT]
Type=6
Sub=255
Numstackable=5
DestroyOn=2

Effect[0] type=5
Effect[0] trig=2
Effect[0] dat0=35
Effect[0] dat1=8000
Effect[0] dat2=0

Effect[1] type=0
Effect[1] trig=0
Effect[1] dat0=0
Effect[1] dat1=0
Effect[1] dat2=0

Effect[2] type=0
Effect[2] trig=0
Effect[2] dat0=0
Effect[2] dat1=0
Effect[2] dat2=0

Effect[3] type=0
Effect[3] trig=0
Effect[3] dat0=0
Effect[3] dat1=0
Effect[3] dat2=0

Effect[4] type=0
Effect[4] trig=0
Effect[4] dat0=0
Effect[4] dat1=0
Effect[4] dat2=0

Effect[5] type=0
Effect[5] trig=0
Effect[5] dat0=0
Effect[5] dat1=0
Effect[5] dat2=0

Effect[6] type=0
Effect[6] trig=0
Effect[6] dat0=0
Effect[6] dat1=0
Effect[6] dat2=0

Effect[7] type=0
Effect[7] trig=0
Effect[7] dat0=0
Effect[7] dat1=0
Effect[7] dat2=0

sizeof itemdesc=71
wrote output file


Reading file:[DES00372.TXT]
Type=6
Sub=255
Numstackable=5
DestroyOn=2

Effect[0] type=5
Effect[0] trig=2
Effect[0] dat0=34
Effect[0] dat1=8000
Effect[0] dat2=0

Effect[1] type=0
Effect[1] trig=0
Effect[1] dat0=0
Effect[1] dat1=0
Effect[1] dat2=0

Effect[2] type=0
Effect[2] trig=0
Effect[2] dat0=0
Effect[2] dat1=0
Effect[2] dat2=0

Effect[3] type=0
Effect[3] trig=0
Effect[3] dat0=0
Effect[3] dat1=0
Effect[3] dat2=0

Effect[4] type=0
Effect[4] trig=0
Effect[4] dat0=0
Effect[4] dat1=0
Effect[4] dat2=0

Effect[5] type=0
Effect[5] trig=0
Effect[5] dat0=0
Effect[5] dat1=0
Effect[5] dat2=0

Effect[6] type=0
Effect[6] trig=0
Effect[6] dat0=0
Effect[6] dat1=0
Effect[6] dat2=0

Effect[7] type=0
Effect[7] trig=0
Effect[7] dat0=0
Effect[7] dat1=0
Effect[7] dat2=0

sizeof itemdesc=71
wrote output file


Reading file:[DES00373.TXT]
Type=6
Sub=255
Numstackable=3
DestroyOn=1

Effect[0] type=53
Effect[0] trig=1
Effect[0] dat0=0
Effect[0] dat1=0
Effect[0] dat2=0

Effect[1] type=0
Effect[1] trig=0
Effect[1] dat0=0
Effect[1] dat1=0
Effect[1] dat2=0

Effect[2] type=0
Effect[2] trig=0
Effect[2] dat0=0
Effect[2] dat1=0
Effect[2] dat2=0

Effect[3] type=0
Effect[3] trig=0
Effect[3] dat0=0
Effect[3] dat1=0
Effect[3] dat2=0

Effect[4] type=0
Effect[4] trig=0
Effect[4] dat0=0
Effect[4] dat1=0
Effect[4] dat2=0

Effect[5] type=0
Effect[5] trig=0
Effect[5] dat0=0
Effect[5] dat1=0
Effect[5] dat2=0

Effect[6] type=0
Effect[6] trig=0
Effect[6] dat0=0
Effect[6] dat1=0
Effect[6] dat2=0

Effect[7] type=0
Effect[7] trig=0
Effect[7] dat0=0
Effect[7] dat1=0
Effect[7] dat2=0

sizeof itemdesc=71
wrote output file


Reading file:[DES00374.TXT]
Type=6
Sub=255
Numstackable=3
DestroyOn=2

Effect[0] type=0
Effect[0] trig=0
Effect[0] dat0=0
Effect[0] dat1=0
Effect[0] dat2=0

Effect[1] type=0
Effect[1] trig=0
Effect[1] dat0=0
Effect[1] dat1=0
Effect[1] dat2=0

Effect[2] type=0
Effect[2] trig=0
Effect[2] dat0=0
Effect[2] dat1=0
Effect[2] dat2=0

Effect[3] type=0
Effect[3] trig=0
Effect[3] dat0=0
Effect[3] dat1=0
Effect[3] dat2=0

Effect[4] type=0
Effect[4] trig=0
Effect[4] dat0=0
Effect[4] dat1=0
Effect[4] dat2=0

Effect[5] type=0
Effect[5] trig=0
Effect[5] dat0=0
Effect[5] dat1=0
Effect[5] dat2=0

Effect[6] type=0
Effect[6] trig=0
Effect[6] dat0=0
Effect[6] dat1=0
Effect[6] dat2=0

Effect[7] type=0
Effect[7] trig=0
Effect[7] dat0=0
Effect[7] dat1=0
Effect[7] dat2=0

sizeof itemdesc=71
wrote output file


Reading file:[DES00375.TXT]
Type=6
Sub=255
Numstackable=3
DestroyOn=2

Effect[0] type=0
Effect[0] trig=0
Effect[0] dat0=0
Effect[0] dat1=0
Effect[0] dat2=0

Effect[1] type=0
Effect[1] trig=0
Effect[1] dat0=0
Effect[1] dat1=0
Effect[1] dat2=0

Effect[2] type=0
Effect[2] trig=0
Effect[2] dat0=0
Effect[2] dat1=0
Effect[2] dat2=0

Effect[3] type=0
Effect[3] trig=0
Effect[3] dat0=0
Effect[3] dat1=0
Effect[3] dat2=0

Effect[4] type=0
Effect[4] trig=0
Effect[4] dat0=0
Effect[4] dat1=0
Effect[4] dat2=0

Effect[5] type=0
Effect[5] trig=0
Effect[5] dat0=0
Effect[5] dat1=0
Effect[5] dat2=0

Effect[6] type=0
Effect[6] trig=0
Effect[6] dat0=0
Effect[6] dat1=0
Effect[6] dat2=0

Effect[7] type=0
Effect[7] trig=0
Effect[7] dat0=0
Effect[7] dat1=0
Effect[7] dat2=0

sizeof itemdesc=71
wrote output file


Reading file:[DES00376.TXT]
Type=6
Sub=255
Numstackable=3
DestroyOn=2

Effect[0] type=0
Effect[0] trig=0
Effect[0] dat0=0
Effect[0] dat1=0
Effect[0] dat2=0

Effect[1] type=0
Effect[1] trig=0
Effect[1] dat0=0
Effect[1] dat1=0
Effect[1] dat2=0

Effect[2] type=0
Effect[2] trig=0
Effect[2] dat0=0
Effect[2] dat1=0
Effect[2] dat2=0

Effect[3] type=0
Effect[3] trig=0
Effect[3] dat0=0
Effect[3] dat1=0
Effect[3] dat2=0

Effect[4] type=0
Effect[4] trig=0
Effect[4] dat0=0
Effect[4] dat1=0
Effect[4] dat2=0

Effect[5] type=0
Effect[5] trig=0
Effect[5] dat0=0
Effect[5] dat1=0
Effect[5] dat2=0

Effect[6] type=0
Effect[6] trig=0
Effect[6] dat0=0
Effect[6] dat1=0
Effect[6] dat2=0

Effect[7] type=0
Effect[7] trig=0
Effect[7] dat0=0
Effect[7] dat1=0
Effect[7] dat2=0

sizeof itemdesc=71
wrote output file


Reading file:[DES00377.TXT]
Type=6
Sub=255
Numstackable=3
DestroyOn=2

Effect[0] type=0
Effect[0] trig=0
Effect[0] dat0=0
Effect[0] dat1=0
Effect[0] dat2=0

Effect[1] type=0
Effect[1] trig=0
Effect[1] dat0=0
Effect[1] dat1=0
Effect[1] dat2=0

Effect[2] type=0
Effect[2] trig=0
Effect[2] dat0=0
Effect[2] dat1=0
Effect[2] dat2=0

Effect[3] type=0
Effect[3] trig=0
Effect[3] dat0=0
Effect[3] dat1=0
Effect[3] dat2=0

Effect[4] type=0
Effect[4] trig=0
Effect[4] dat0=0
Effect[4] dat1=0
Effect[4] dat2=0

Effect[5] type=0
Effect[5] trig=0
Effect[5] dat0=0
Effect[5] dat1=0
Effect[5] dat2=0

Effect[6] type=0
Effect[6] trig=0
Effect[6] dat0=0
Effect[6] dat1=0
Effect[6] dat2=0

Effect[7] type=0
Effect[7] trig=0
Effect[7] dat0=0
Effect[7] dat1=0
Effect[7] dat2=0

sizeof itemdesc=71
wrote output file


Reading file:[DES00378.TXT]
Type=6
Sub=255
Numstackable=3
DestroyOn=1

Effect[0] type=53
Effect[0] trig=1
Effect[0] dat0=0
Effect[0] dat1=0
Effect[0] dat2=0

Effect[1] type=0
Effect[1] trig=0
Effect[1] dat0=0
Effect[1] dat1=0
Effect[1] dat2=0

Effect[2] type=0
Effect[2] trig=0
Effect[2] dat0=0
Effect[2] dat1=0
Effect[2] dat2=0

Effect[3] type=0
Effect[3] trig=0
Effect[3] dat0=0
Effect[3] dat1=0
Effect[3] dat2=0

Effect[4] type=0
Effect[4] trig=0
Effect[4] dat0=0
Effect[4] dat1=0
Effect[4] dat2=0

Effect[5] type=0
Effect[5] trig=0
Effect[5] dat0=0
Effect[5] dat1=0
Effect[5] dat2=0

Effect[6] type=0
Effect[6] trig=0
Effect[6] dat0=0
Effect[6] dat1=0
Effect[6] dat2=0

Effect[7] type=0
Effect[7] trig=0
Effect[7] dat0=0
Effect[7] dat1=0
Effect[7] dat2=0

sizeof itemdesc=71
wrote output file


Reading file:[DES00379.TXT]
Type=6
Sub=255
Numstackable=3
DestroyOn=2

Effect[0] type=0
Effect[0] trig=0
Effect[0] dat0=0
Effect[0] dat1=0
Effect[0] dat2=0

Effect[1] type=0
Effect[1] trig=0
Effect[1] dat0=0
Effect[1] dat1=0
Effect[1] dat2=0

Effect[2] type=0
Effect[2] trig=0
Effect[2] dat0=0
Effect[2] dat1=0
Effect[2] dat2=0

Effect[3] type=0
Effect[3] trig=0
Effect[3] dat0=0
Effect[3] dat1=0
Effect[3] dat2=0

Effect[4] type=0
Effect[4] trig=0
Effect[4] dat0=0
Effect[4] dat1=0
Effect[4] dat2=0

Effect[5] type=0
Effect[5] trig=0
Effect[5] dat0=0
Effect[5] dat1=0
Effect[5] dat2=0

Effect[6] type=0
Effect[6] trig=0
Effect[6] dat0=0
Effect[6] dat1=0
Effect[6] dat2=0

Effect[7] type=0
Effect[7] trig=0
Effect[7] dat0=0
Effect[7] dat1=0
Effect[7] dat2=0

sizeof itemdesc=71
wrote output file


Reading file:[DES00380.TXT]
Type=9
Sub=2
Numstackable=1
DestroyOn=0

Effect[0] type=23
Effect[0] trig=2
Effect[0] dat0=380
Effect[0] dat1=0
Effect[0] dat2=0

Effect[1] type=0
Effect[1] trig=0
Effect[1] dat0=0
Effect[1] dat1=0
Effect[1] dat2=0

Effect[2] type=0
Effect[2] trig=0
Effect[2] dat0=0
Effect[2] dat1=0
Effect[2] dat2=0

Effect[3] type=0
Effect[3] trig=0
Effect[3] dat0=0
Effect[3] dat1=0
Effect[3] dat2=0

Effect[4] type=0
Effect[4] trig=0
Effect[4] dat0=0
Effect[4] dat1=0
Effect[4] dat2=0

Effect[5] type=0
Effect[5] trig=0
Effect[5] dat0=0
Effect[5] dat1=0
Effect[5] dat2=0

Effect[6] type=0
Effect[6] trig=0
Effect[6] dat0=0
Effect[6] dat1=0
Effect[6] dat2=0

Effect[7] type=0
Effect[7] trig=0
Effect[7] dat0=0
Effect[7] dat1=0
Effect[7] dat2=0

sizeof itemdesc=71
wrote output file


Reading file:[DES00381.TXT]
Type=6
Sub=255
Numstackable=3
DestroyOn=2

Effect[0] type=0
Effect[0] trig=0
Effect[0] dat0=0
Effect[0] dat1=0
Effect[0] dat2=0

Effect[1] type=0
Effect[1] trig=0
Effect[1] dat0=0
Effect[1] dat1=0
Effect[1] dat2=0

Effect[2] type=0
Effect[2] trig=0
Effect[2] dat0=0
Effect[2] dat1=0
Effect[2] dat2=0

Effect[3] type=0
Effect[3] trig=0
Effect[3] dat0=0
Effect[3] dat1=0
Effect[3] dat2=0

Effect[4] type=0
Effect[4] trig=0
Effect[4] dat0=0
Effect[4] dat1=0
Effect[4] dat2=0

Effect[5] type=0
Effect[5] trig=0
Effect[5] dat0=0
Effect[5] dat1=0
Effect[5] dat2=0

Effect[6] type=0
Effect[6] trig=0
Effect[6] dat0=0
Effect[6] dat1=0
Effect[6] dat2=0

Effect[7] type=0
Effect[7] trig=0
Effect[7] dat0=0
Effect[7] dat1=0
Effect[7] dat2=0

sizeof itemdesc=71
wrote output file


Reading file:[DES00382.TXT]
Type=6
Sub=255
Numstackable=3
DestroyOn=2

Effect[0] type=0
Effect[0] trig=0
Effect[0] dat0=0
Effect[0] dat1=0
Effect[0] dat2=0

Effect[1] type=0
Effect[1] trig=0
Effect[1] dat0=0
Effect[1] dat1=0
Effect[1] dat2=0

Effect[2] type=0
Effect[2] trig=0
Effect[2] dat0=0
Effect[2] dat1=0
Effect[2] dat2=0

Effect[3] type=0
Effect[3] trig=0
Effect[3] dat0=0
Effect[3] dat1=0
Effect[3] dat2=0

Effect[4] type=0
Effect[4] trig=0
Effect[4] dat0=0
Effect[4] dat1=0
Effect[4] dat2=0

Effect[5] type=0
Effect[5] trig=0
Effect[5] dat0=0
Effect[5] dat1=0
Effect[5] dat2=0

Effect[6] type=0
Effect[6] trig=0
Effect[6] dat0=0
Effect[6] dat1=0
Effect[6] dat2=0

Effect[7] type=0
Effect[7] trig=0
Effect[7] dat0=0
Effect[7] dat1=0
Effect[7] dat2=0

sizeof itemdesc=71
wrote output file


Reading file:[DES00383.TXT]
Type=6
Sub=255
Numstackable=3
DestroyOn=2

Effect[0] type=0
Effect[0] trig=0
Effect[0] dat0=0
Effect[0] dat1=0
Effect[0] dat2=0

Effect[1] type=0
Effect[1] trig=0
Effect[1] dat0=0
Effect[1] dat1=0
Effect[1] dat2=0

Effect[2] type=0
Effect[2] trig=0
Effect[2] dat0=0
Effect[2] dat1=0
Effect[2] dat2=0

Effect[3] type=0
Effect[3] trig=0
Effect[3] dat0=0
Effect[3] dat1=0
Effect[3] dat2=0

Effect[4] type=0
Effect[4] trig=0
Effect[4] dat0=0
Effect[4] dat1=0
Effect[4] dat2=0

Effect[5] type=0
Effect[5] trig=0
Effect[5] dat0=0
Effect[5] dat1=0
Effect[5] dat2=0

Effect[6] type=0
Effect[6] trig=0
Effect[6] dat0=0
Effect[6] dat1=0
Effect[6] dat2=0

Effect[7] type=0
Effect[7] trig=0
Effect[7] dat0=0
Effect[7] dat1=0
Effect[7] dat2=0

sizeof itemdesc=71
wrote output file


Reading file:[DES00384.TXT]
Type=6
Sub=255
Numstackable=3
DestroyOn=2

Effect[0] type=46
Effect[0] trig=2
Effect[0] dat0=0
Effect[0] dat1=0
Effect[0] dat2=600

Effect[1] type=0
Effect[1] trig=0
Effect[1] dat0=0
Effect[1] dat1=0
Effect[1] dat2=0

Effect[2] type=0
Effect[2] trig=0
Effect[2] dat0=0
Effect[2] dat1=0
Effect[2] dat2=0

Effect[3] type=0
Effect[3] trig=0
Effect[3] dat0=0
Effect[3] dat1=0
Effect[3] dat2=0

Effect[4] type=0
Effect[4] trig=0
Effect[4] dat0=0
Effect[4] dat1=0
Effect[4] dat2=0

Effect[5] type=0
Effect[5] trig=0
Effect[5] dat0=0
Effect[5] dat1=0
Effect[5] dat2=0

Effect[6] type=0
Effect[6] trig=0
Effect[6] dat0=0
Effect[6] dat1=0
Effect[6] dat2=0

Effect[7] type=0
Effect[7] trig=0
Effect[7] dat0=0
Effect[7] dat1=0
Effect[7] dat2=0

sizeof itemdesc=71
wrote output file


Reading file:[DES00400.TXT]
Type=3
Sub=255
Numstackable=1
DestroyOn=0

Effect[0] type=5
Effect[0] trig=3
Effect[0] dat0=4
Effect[0] dat1=0
Effect[0] dat2=0

Effect[1] type=6
Effect[1] trig=4
Effect[1] dat0=0
Effect[1] dat1=0
Effect[1] dat2=0

Effect[2] type=0
Effect[2] trig=0
Effect[2] dat0=0
Effect[2] dat1=0
Effect[2] dat2=0

Effect[3] type=0
Effect[3] trig=0
Effect[3] dat0=0
Effect[3] dat1=0
Effect[3] dat2=0

Effect[4] type=0
Effect[4] trig=0
Effect[4] dat0=0
Effect[4] dat1=0
Effect[4] dat2=0

Effect[5] type=0
Effect[5] trig=0
Effect[5] dat0=0
Effect[5] dat1=0
Effect[5] dat2=0

Effect[6] type=0
Effect[6] trig=0
Effect[6] dat0=0
Effect[6] dat1=0
Effect[6] dat2=0

Effect[7] type=0
Effect[7] trig=0
Effect[7] dat0=0
Effect[7] dat1=0
Effect[7] dat2=0

sizeof itemdesc=71
wrote output file


Reading file:[DES00401.TXT]
Type=3
Sub=255
Numstackable=1
DestroyOn=0

Effect[0] type=5
Effect[0] trig=3
Effect[0] dat0=40
Effect[0] dat1=0
Effect[0] dat2=0

Effect[1] type=6
Effect[1] trig=4
Effect[1] dat0=0
Effect[1] dat1=0
Effect[1] dat2=0

Effect[2] type=0
Effect[2] trig=0
Effect[2] dat0=0
Effect[2] dat1=0
Effect[2] dat2=0

Effect[3] type=0
Effect[3] trig=0
Effect[3] dat0=0
Effect[3] dat1=0
Effect[3] dat2=0

Effect[4] type=0
Effect[4] trig=0
Effect[4] dat0=0
Effect[4] dat1=0
Effect[4] dat2=0

Effect[5] type=0
Effect[5] trig=0
Effect[5] dat0=0
Effect[5] dat1=0
Effect[5] dat2=0

Effect[6] type=0
Effect[6] trig=0
Effect[6] dat0=0
Effect[6] dat1=0
Effect[6] dat2=0

Effect[7] type=0
Effect[7] trig=0
Effect[7] dat0=0
Effect[7] dat1=0
Effect[7] dat2=0

sizeof itemdesc=71
wrote output file


Reading file:[DES00402.TXT]
Type=3
Sub=255
Numstackable=1
DestroyOn=0

Effect[0] type=5
Effect[0] trig=3
Effect[0] dat0=14
Effect[0] dat1=0
Effect[0] dat2=10

Effect[1] type=6
Effect[1] trig=4
Effect[1] dat0=14
Effect[1] dat1=0
Effect[1] dat2=10

Effect[2] type=0
Effect[2] trig=0
Effect[2] dat0=0
Effect[2] dat1=0
Effect[2] dat2=0

Effect[3] type=0
Effect[3] trig=0
Effect[3] dat0=0
Effect[3] dat1=0
Effect[3] dat2=0

Effect[4] type=0
Effect[4] trig=0
Effect[4] dat0=0
Effect[4] dat1=0
Effect[4] dat2=0

Effect[5] type=0
Effect[5] trig=0
Effect[5] dat0=0
Effect[5] dat1=0
Effect[5] dat2=0

Effect[6] type=0
Effect[6] trig=0
Effect[6] dat0=0
Effect[6] dat1=0
Effect[6] dat2=0

Effect[7] type=0
Effect[7] trig=0
Effect[7] dat0=0
Effect[7] dat1=0
Effect[7] dat2=0

sizeof itemdesc=71
wrote output file


Reading file:[DES00403.TXT]
Type=3
Sub=255
Numstackable=1
DestroyOn=0

Effect[0] type=5
Effect[0] trig=3
Effect[0] dat0=14
Effect[0] dat1=0
Effect[0] dat2=15

Effect[1] type=6
Effect[1] trig=4
Effect[1] dat0=14
Effect[1] dat1=0
Effect[1] dat2=15

Effect[2] type=0
Effect[2] trig=0
Effect[2] dat0=0
Effect[2] dat1=0
Effect[2] dat2=0

Effect[3] type=0
Effect[3] trig=0
Effect[3] dat0=0
Effect[3] dat1=0
Effect[3] dat2=0

Effect[4] type=0
Effect[4] trig=0
Effect[4] dat0=0
Effect[4] dat1=0
Effect[4] dat2=0

Effect[5] type=0
Effect[5] trig=0
Effect[5] dat0=0
Effect[5] dat1=0
Effect[5] dat2=0

Effect[6] type=0
Effect[6] trig=0
Effect[6] dat0=0
Effect[6] dat1=0
Effect[6] dat2=0

Effect[7] type=0
Effect[7] trig=0
Effect[7] dat0=0
Effect[7] dat1=0
Effect[7] dat2=0

sizeof itemdesc=71
wrote output file


Reading file:[DES00404.TXT]
Type=3
Sub=255
Numstackable=1
DestroyOn=0

Effect[0] type=5
Effect[0] trig=3
Effect[0] dat0=14
Effect[0] dat1=0
Effect[0] dat2=20

Effect[1] type=6
Effect[1] trig=4
Effect[1] dat0=14
Effect[1] dat1=0
Effect[1] dat2=20

Effect[2] type=0
Effect[2] trig=0
Effect[2] dat0=0
Effect[2] dat1=0
Effect[2] dat2=0

Effect[3] type=0
Effect[3] trig=0
Effect[3] dat0=0
Effect[3] dat1=0
Effect[3] dat2=0

Effect[4] type=0
Effect[4] trig=0
Effect[4] dat0=0
Effect[4] dat1=0
Effect[4] dat2=0

Effect[5] type=0
Effect[5] trig=0
Effect[5] dat0=0
Effect[5] dat1=0
Effect[5] dat2=0

Effect[6] type=0
Effect[6] trig=0
Effect[6] dat0=0
Effect[6] dat1=0
Effect[6] dat2=0

Effect[7] type=0
Effect[7] trig=0
Effect[7] dat0=0
Effect[7] dat1=0
Effect[7] dat2=0

sizeof itemdesc=71
wrote output file


Reading file:[DES00405.TXT]
Type=3
Sub=255
Numstackable=1
DestroyOn=0

Effect[0] type=5
Effect[0] trig=3
Effect[0] dat0=19
Effect[0] dat1=0
Effect[0] dat2=200

Effect[1] type=6
Effect[1] trig=4
Effect[1] dat0=19
Effect[1] dat1=0
Effect[1] dat2=200

Effect[2] type=0
Effect[2] trig=0
Effect[2] dat0=0
Effect[2] dat1=0
Effect[2] dat2=0

Effect[3] type=0
Effect[3] trig=0
Effect[3] dat0=0
Effect[3] dat1=0
Effect[3] dat2=0

Effect[4] type=0
Effect[4] trig=0
Effect[4] dat0=0
Effect[4] dat1=0
Effect[4] dat2=0

Effect[5] type=0
Effect[5] trig=0
Effect[5] dat0=0
Effect[5] dat1=0
Effect[5] dat2=0

Effect[6] type=0
Effect[6] trig=0
Effect[6] dat0=0
Effect[6] dat1=0
Effect[6] dat2=0

Effect[7] type=0
Effect[7] trig=0
Effect[7] dat0=0
Effect[7] dat1=0
Effect[7] dat2=0

sizeof itemdesc=71
wrote output file


Reading file:[DES00406.TXT]
Type=3
Sub=255
Numstackable=1
DestroyOn=0

Effect[0] type=5
Effect[0] trig=3
Effect[0] dat0=19
Effect[0] dat1=0
Effect[0] dat2=400

Effect[1] type=6
Effect[1] trig=4
Effect[1] dat0=19
Effect[1] dat1=0
Effect[1] dat2=400

Effect[2] type=0
Effect[2] trig=0
Effect[2] dat0=0
Effect[2] dat1=0
Effect[2] dat2=0

Effect[3] type=0
Effect[3] trig=0
Effect[3] dat0=0
Effect[3] dat1=0
Effect[3] dat2=0

Effect[4] type=0
Effect[4] trig=0
Effect[4] dat0=0
Effect[4] dat1=0
Effect[4] dat2=0

Effect[5] type=0
Effect[5] trig=0
Effect[5] dat0=0
Effect[5] dat1=0
Effect[5] dat2=0

Effect[6] type=0
Effect[6] trig=0
Effect[6] dat0=0
Effect[6] dat1=0
Effect[6] dat2=0

Effect[7] type=0
Effect[7] trig=0
Effect[7] dat0=0
Effect[7] dat1=0
Effect[7] dat2=0

sizeof itemdesc=71
wrote output file


Reading file:[DES00407.TXT]
Type=3
Sub=255
Numstackable=1
DestroyOn=0

Effect[0] type=5
Effect[0] trig=3
Effect[0] dat0=13
Effect[0] dat1=0
Effect[0] dat2=5

Effect[1] type=6
Effect[1] trig=4
Effect[1] dat0=13
Effect[1] dat1=0
Effect[1] dat2=5

Effect[2] type=0
Effect[2] trig=0
Effect[2] dat0=0
Effect[2] dat1=0
Effect[2] dat2=0

Effect[3] type=0
Effect[3] trig=0
Effect[3] dat0=0
Effect[3] dat1=0
Effect[3] dat2=0

Effect[4] type=0
Effect[4] trig=0
Effect[4] dat0=0
Effect[4] dat1=0
Effect[4] dat2=0

Effect[5] type=0
Effect[5] trig=0
Effect[5] dat0=0
Effect[5] dat1=0
Effect[5] dat2=0

Effect[6] type=0
Effect[6] trig=0
Effect[6] dat0=0
Effect[6] dat1=0
Effect[6] dat2=0

Effect[7] type=0
Effect[7] trig=0
Effect[7] dat0=0
Effect[7] dat1=0
Effect[7] dat2=0

sizeof itemdesc=71
wrote output file


Reading file:[DES00408.TXT]
Type=3
Sub=255
Numstackable=1
DestroyOn=0

Effect[0] type=5
Effect[0] trig=3
Effect[0] dat0=13
Effect[0] dat1=0
Effect[0] dat2=10

Effect[1] type=6
Effect[1] trig=4
Effect[1] dat0=13
Effect[1] dat1=0
Effect[1] dat2=10

Effect[2] type=0
Effect[2] trig=0
Effect[2] dat0=0
Effect[2] dat1=0
Effect[2] dat2=0

Effect[3] type=0
Effect[3] trig=0
Effect[3] dat0=0
Effect[3] dat1=0
Effect[3] dat2=0

Effect[4] type=0
Effect[4] trig=0
Effect[4] dat0=0
Effect[4] dat1=0
Effect[4] dat2=0

Effect[5] type=0
Effect[5] trig=0
Effect[5] dat0=0
Effect[5] dat1=0
Effect[5] dat2=0

Effect[6] type=0
Effect[6] trig=0
Effect[6] dat0=0
Effect[6] dat1=0
Effect[6] dat2=0

Effect[7] type=0
Effect[7] trig=0
Effect[7] dat0=0
Effect[7] dat1=0
Effect[7] dat2=0

sizeof itemdesc=71
wrote output file


Reading file:[DES00409.TXT]
Type=3
Sub=255
Numstackable=1
DestroyOn=0

Effect[0] type=5
Effect[0] trig=3
Effect[0] dat0=13
Effect[0] dat1=0
Effect[0] dat2=15

Effect[1] type=6
Effect[1] trig=4
Effect[1] dat0=13
Effect[1] dat1=0
Effect[1] dat2=15

Effect[2] type=0
Effect[2] trig=0
Effect[2] dat0=0
Effect[2] dat1=0
Effect[2] dat2=0

Effect[3] type=0
Effect[3] trig=0
Effect[3] dat0=0
Effect[3] dat1=0
Effect[3] dat2=0

Effect[4] type=0
Effect[4] trig=0
Effect[4] dat0=0
Effect[4] dat1=0
Effect[4] dat2=0

Effect[5] type=0
Effect[5] trig=0
Effect[5] dat0=0
Effect[5] dat1=0
Effect[5] dat2=0

Effect[6] type=0
Effect[6] trig=0
Effect[6] dat0=0
Effect[6] dat1=0
Effect[6] dat2=0

Effect[7] type=0
Effect[7] trig=0
Effect[7] dat0=0
Effect[7] dat1=0
Effect[7] dat2=0

sizeof itemdesc=71
wrote output file


Reading file:[DES00410.TXT]
Type=3
Sub=255
Numstackable=1
DestroyOn=0

Effect[0] type=5
Effect[0] trig=3
Effect[0] dat0=13
Effect[0] dat1=0
Effect[0] dat2=20

Effect[1] type=6
Effect[1] trig=4
Effect[1] dat0=13
Effect[1] dat1=0
Effect[1] dat2=20

Effect[2] type=0
Effect[2] trig=0
Effect[2] dat0=0
Effect[2] dat1=0
Effect[2] dat2=0

Effect[3] type=0
Effect[3] trig=0
Effect[3] dat0=0
Effect[3] dat1=0
Effect[3] dat2=0

Effect[4] type=0
Effect[4] trig=0
Effect[4] dat0=0
Effect[4] dat1=0
Effect[4] dat2=0

Effect[5] type=0
Effect[5] trig=0
Effect[5] dat0=0
Effect[5] dat1=0
Effect[5] dat2=0

Effect[6] type=0
Effect[6] trig=0
Effect[6] dat0=0
Effect[6] dat1=0
Effect[6] dat2=0

Effect[7] type=0
Effect[7] trig=0
Effect[7] dat0=0
Effect[7] dat1=0
Effect[7] dat2=0

sizeof itemdesc=71
wrote output file


Reading file:[DES00411.TXT]
Type=3
Sub=255
Numstackable=1
DestroyOn=0

Effect[0] type=5
Effect[0] trig=3
Effect[0] dat0=13
Effect[0] dat1=0
Effect[0] dat2=25

Effect[1] type=6
Effect[1] trig=4
Effect[1] dat0=13
Effect[1] dat1=0
Effect[1] dat2=25

Effect[2] type=0
Effect[2] trig=0
Effect[2] dat0=0
Effect[2] dat1=0
Effect[2] dat2=0

Effect[3] type=0
Effect[3] trig=0
Effect[3] dat0=0
Effect[3] dat1=0
Effect[3] dat2=0

Effect[4] type=0
Effect[4] trig=0
Effect[4] dat0=0
Effect[4] dat1=0
Effect[4] dat2=0

Effect[5] type=0
Effect[5] trig=0
Effect[5] dat0=0
Effect[5] dat1=0
Effect[5] dat2=0

Effect[6] type=0
Effect[6] trig=0
Effect[6] dat0=0
Effect[6] dat1=0
Effect[6] dat2=0

Effect[7] type=0
Effect[7] trig=0
Effect[7] dat0=0
Effect[7] dat1=0
Effect[7] dat2=0

sizeof itemdesc=71
wrote output file


Reading file:[DES00412.TXT]
Type=3
Sub=255
Numstackable=1
DestroyOn=0

Effect[0] type=0
Effect[0] trig=0
Effect[0] dat0=0
Effect[0] dat1=0
Effect[0] dat2=0

Effect[1] type=0
Effect[1] trig=0
Effect[1] dat0=0
Effect[1] dat1=0
Effect[1] dat2=0

Effect[2] type=0
Effect[2] trig=0
Effect[2] dat0=0
Effect[2] dat1=0
Effect[2] dat2=0

Effect[3] type=0
Effect[3] trig=0
Effect[3] dat0=0
Effect[3] dat1=0
Effect[3] dat2=0

Effect[4] type=0
Effect[4] trig=0
Effect[4] dat0=0
Effect[4] dat1=0
Effect[4] dat2=0

Effect[5] type=0
Effect[5] trig=0
Effect[5] dat0=0
Effect[5] dat1=0
Effect[5] dat2=0

Effect[6] type=0
Effect[6] trig=0
Effect[6] dat0=0
Effect[6] dat1=0
Effect[6] dat2=0

Effect[7] type=0
Effect[7] trig=0
Effect[7] dat0=0
Effect[7] dat1=0
Effect[7] dat2=0

sizeof itemdesc=71
wrote output file


Reading file:[DES00413.TXT]
Type=3
Sub=255
Numstackable=1
DestroyOn=0

Effect[0] type=0
Effect[0] trig=0
Effect[0] dat0=0
Effect[0] dat1=0
Effect[0] dat2=0

Effect[1] type=0
Effect[1] trig=0
Effect[1] dat0=0
Effect[1] dat1=0
Effect[1] dat2=0

Effect[2] type=0
Effect[2] trig=0
Effect[2] dat0=0
Effect[2] dat1=0
Effect[2] dat2=0

Effect[3] type=0
Effect[3] trig=0
Effect[3] dat0=0
Effect[3] dat1=0
Effect[3] dat2=0

Effect[4] type=0
Effect[4] trig=0
Effect[4] dat0=0
Effect[4] dat1=0
Effect[4] dat2=0

Effect[5] type=0
Effect[5] trig=0
Effect[5] dat0=0
Effect[5] dat1=0
Effect[5] dat2=0

Effect[6] type=0
Effect[6] trig=0
Effect[6] dat0=0
Effect[6] dat1=0
Effect[6] dat2=0

Effect[7] type=0
Effect[7] trig=0
Effect[7] dat0=0
Effect[7] dat1=0
Effect[7] dat2=0

sizeof itemdesc=71
wrote output file


Reading file:[DES00414.TXT]
Type=3
Sub=255
Numstackable=1
DestroyOn=0

Effect[0] type=0
Effect[0] trig=0
Effect[0] dat0=0
Effect[0] dat1=0
Effect[0] dat2=0

Effect[1] type=0
Effect[1] trig=0
Effect[1] dat0=0
Effect[1] dat1=0
Effect[1] dat2=0

Effect[2] type=0
Effect[2] trig=0
Effect[2] dat0=0
Effect[2] dat1=0
Effect[2] dat2=0

Effect[3] type=0
Effect[3] trig=0
Effect[3] dat0=0
Effect[3] dat1=0
Effect[3] dat2=0

Effect[4] type=0
Effect[4] trig=0
Effect[4] dat0=0
Effect[4] dat1=0
Effect[4] dat2=0

Effect[5] type=0
Effect[5] trig=0
Effect[5] dat0=0
Effect[5] dat1=0
Effect[5] dat2=0

Effect[6] type=0
Effect[6] trig=0
Effect[6] dat0=0
Effect[6] dat1=0
Effect[6] dat2=0

Effect[7] type=0
Effect[7] trig=0
Effect[7] dat0=0
Effect[7] dat1=0
Effect[7] dat2=0

sizeof itemdesc=71
wrote output file


Reading file:[DES00415.TXT]
Type=3
Sub=255
Numstackable=1
DestroyOn=0

Effect[0] type=5
Effect[0] trig=3
Effect[0] dat0=9
Effect[0] dat1=0
Effect[0] dat2=5

Effect[1] type=6
Effect[1] trig=4
Effect[1] dat0=9
Effect[1] dat1=0
Effect[1] dat2=5

Effect[2] type=0
Effect[2] trig=0
Effect[2] dat0=0
Effect[2] dat1=0
Effect[2] dat2=0

Effect[3] type=0
Effect[3] trig=0
Effect[3] dat0=0
Effect[3] dat1=0
Effect[3] dat2=0

Effect[4] type=0
Effect[4] trig=0
Effect[4] dat0=0
Effect[4] dat1=0
Effect[4] dat2=0

Effect[5] type=0
Effect[5] trig=0
Effect[5] dat0=0
Effect[5] dat1=0
Effect[5] dat2=0

Effect[6] type=0
Effect[6] trig=0
Effect[6] dat0=0
Effect[6] dat1=0
Effect[6] dat2=0

Effect[7] type=0
Effect[7] trig=0
Effect[7] dat0=0
Effect[7] dat1=0
Effect[7] dat2=0

sizeof itemdesc=71
wrote output file


Reading file:[DES00416.TXT]
Type=3
Sub=255
Numstackable=1
DestroyOn=0

Effect[0] type=5
Effect[0] trig=3
Effect[0] dat0=9
Effect[0] dat1=0
Effect[0] dat2=10

Effect[1] type=6
Effect[1] trig=4
Effect[1] dat0=9
Effect[1] dat1=0
Effect[1] dat2=10

Effect[2] type=0
Effect[2] trig=0
Effect[2] dat0=0
Effect[2] dat1=0
Effect[2] dat2=0

Effect[3] type=0
Effect[3] trig=0
Effect[3] dat0=0
Effect[3] dat1=0
Effect[3] dat2=0

Effect[4] type=0
Effect[4] trig=0
Effect[4] dat0=0
Effect[4] dat1=0
Effect[4] dat2=0

Effect[5] type=0
Effect[5] trig=0
Effect[5] dat0=0
Effect[5] dat1=0
Effect[5] dat2=0

Effect[6] type=0
Effect[6] trig=0
Effect[6] dat0=0
Effect[6] dat1=0
Effect[6] dat2=0

Effect[7] type=0
Effect[7] trig=0
Effect[7] dat0=0
Effect[7] dat1=0
Effect[7] dat2=0

sizeof itemdesc=71
wrote output file


Reading file:[DES00417.TXT]
Type=3
Sub=255
Numstackable=1
DestroyOn=0

Effect[0] type=5
Effect[0] trig=3
Effect[0] dat0=9
Effect[0] dat1=0
Effect[0] dat2=15

Effect[1] type=6
Effect[1] trig=4
Effect[1] dat0=9
Effect[1] dat1=0
Effect[1] dat2=15

Effect[2] type=0
Effect[2] trig=0
Effect[2] dat0=0
Effect[2] dat1=0
Effect[2] dat2=0

Effect[3] type=0
Effect[3] trig=0
Effect[3] dat0=0
Effect[3] dat1=0
Effect[3] dat2=0

Effect[4] type=0
Effect[4] trig=0
Effect[4] dat0=0
Effect[4] dat1=0
Effect[4] dat2=0

Effect[5] type=0
Effect[5] trig=0
Effect[5] dat0=0
Effect[5] dat1=0
Effect[5] dat2=0

Effect[6] type=0
Effect[6] trig=0
Effect[6] dat0=0
Effect[6] dat1=0
Effect[6] dat2=0

Effect[7] type=0
Effect[7] trig=0
Effect[7] dat0=0
Effect[7] dat1=0
Effect[7] dat2=0

sizeof itemdesc=71
wrote output file


Reading file:[DES00418.TXT]
Type=3
Sub=255
Numstackable=1
DestroyOn=0

Effect[0] type=5
Effect[0] trig=3
Effect[0] dat0=9
Effect[0] dat1=0
Effect[0] dat2=18

Effect[1] type=6
Effect[1] trig=4
Effect[1] dat0=9
Effect[1] dat1=0
Effect[1] dat2=18

Effect[2] type=0
Effect[2] trig=0
Effect[2] dat0=0
Effect[2] dat1=0
Effect[2] dat2=0

Effect[3] type=0
Effect[3] trig=0
Effect[3] dat0=0
Effect[3] dat1=0
Effect[3] dat2=0

Effect[4] type=0
Effect[4] trig=0
Effect[4] dat0=0
Effect[4] dat1=0
Effect[4] dat2=0

Effect[5] type=0
Effect[5] trig=0
Effect[5] dat0=0
Effect[5] dat1=0
Effect[5] dat2=0

Effect[6] type=0
Effect[6] trig=0
Effect[6] dat0=0
Effect[6] dat1=0
Effect[6] dat2=0

Effect[7] type=0
Effect[7] trig=0
Effect[7] dat0=0
Effect[7] dat1=0
Effect[7] dat2=0

sizeof itemdesc=71
wrote output file


Reading file:[DES00419.TXT]
Type=3
Sub=255
Numstackable=1
DestroyOn=0

Effect[0] type=5
Effect[0] trig=3
Effect[0] dat0=9
Effect[0] dat1=0
Effect[0] dat2=20

Effect[1] type=6
Effect[1] trig=4
Effect[1] dat0=9
Effect[1] dat1=0
Effect[1] dat2=20

Effect[2] type=0
Effect[2] trig=0
Effect[2] dat0=0
Effect[2] dat1=0
Effect[2] dat2=0

Effect[3] type=0
Effect[3] trig=0
Effect[3] dat0=0
Effect[3] dat1=0
Effect[3] dat2=0

Effect[4] type=0
Effect[4] trig=0
Effect[4] dat0=0
Effect[4] dat1=0
Effect[4] dat2=0

Effect[5] type=0
Effect[5] trig=0
Effect[5] dat0=0
Effect[5] dat1=0
Effect[5] dat2=0

Effect[6] type=0
Effect[6] trig=0
Effect[6] dat0=0
Effect[6] dat1=0
Effect[6] dat2=0

Effect[7] type=0
Effect[7] trig=0
Effect[7] dat0=0
Effect[7] dat1=0
Effect[7] dat2=0

sizeof itemdesc=71
wrote output file


Reading file:[DES00420.TXT]
Type=3
Sub=255
Numstackable=1
DestroyOn=0

Effect[0] type=5
Effect[0] trig=3
Effect[0] dat0=14
Effect[0] dat1=0
Effect[0] dat2=5

Effect[1] type=6
Effect[1] trig=4
Effect[1] dat0=14
Effect[1] dat1=0
Effect[1] dat2=5

Effect[2] type=0
Effect[2] trig=0
Effect[2] dat0=0
Effect[2] dat1=0
Effect[2] dat2=0

Effect[3] type=0
Effect[3] trig=0
Effect[3] dat0=0
Effect[3] dat1=0
Effect[3] dat2=0

Effect[4] type=0
Effect[4] trig=0
Effect[4] dat0=0
Effect[4] dat1=0
Effect[4] dat2=0

Effect[5] type=0
Effect[5] trig=0
Effect[5] dat0=0
Effect[5] dat1=0
Effect[5] dat2=0

Effect[6] type=0
Effect[6] trig=0
Effect[6] dat0=0
Effect[6] dat1=0
Effect[6] dat2=0

Effect[7] type=0
Effect[7] trig=0
Effect[7] dat0=0
Effect[7] dat1=0
Effect[7] dat2=0

sizeof itemdesc=71
wrote output file


Reading file:[DES00421.TXT]
Type=3
Sub=255
Numstackable=1
DestroyOn=0

Effect[0] type=5
Effect[0] trig=3
Effect[0] dat0=14
Effect[0] dat1=0
Effect[0] dat2=10

Effect[1] type=6
Effect[1] trig=4
Effect[1] dat0=14
Effect[1] dat1=0
Effect[1] dat2=10

Effect[2] type=0
Effect[2] trig=0
Effect[2] dat0=0
Effect[2] dat1=0
Effect[2] dat2=0

Effect[3] type=0
Effect[3] trig=0
Effect[3] dat0=0
Effect[3] dat1=0
Effect[3] dat2=0

Effect[4] type=0
Effect[4] trig=0
Effect[4] dat0=0
Effect[4] dat1=0
Effect[4] dat2=0

Effect[5] type=0
Effect[5] trig=0
Effect[5] dat0=0
Effect[5] dat1=0
Effect[5] dat2=0

Effect[6] type=0
Effect[6] trig=0
Effect[6] dat0=0
Effect[6] dat1=0
Effect[6] dat2=0

Effect[7] type=0
Effect[7] trig=0
Effect[7] dat0=0
Effect[7] dat1=0
Effect[7] dat2=0

sizeof itemdesc=71
wrote output file


Reading file:[DES00422.TXT]
Type=3
Sub=255
Numstackable=1
DestroyOn=0

Effect[0] type=5
Effect[0] trig=3
Effect[0] dat0=14
Effect[0] dat1=0
Effect[0] dat2=15

Effect[1] type=6
Effect[1] trig=4
Effect[1] dat0=14
Effect[1] dat1=0
Effect[1] dat2=15

Effect[2] type=0
Effect[2] trig=0
Effect[2] dat0=0
Effect[2] dat1=0
Effect[2] dat2=0

Effect[3] type=0
Effect[3] trig=0
Effect[3] dat0=0
Effect[3] dat1=0
Effect[3] dat2=0

Effect[4] type=0
Effect[4] trig=0
Effect[4] dat0=0
Effect[4] dat1=0
Effect[4] dat2=0

Effect[5] type=0
Effect[5] trig=0
Effect[5] dat0=0
Effect[5] dat1=0
Effect[5] dat2=0

Effect[6] type=0
Effect[6] trig=0
Effect[6] dat0=0
Effect[6] dat1=0
Effect[6] dat2=0

Effect[7] type=0
Effect[7] trig=0
Effect[7] dat0=0
Effect[7] dat1=0
Effect[7] dat2=0

sizeof itemdesc=71
wrote output file


Reading file:[DES00423.TXT]
Type=3
Sub=255
Numstackable=1
DestroyOn=0

Effect[0] type=5
Effect[0] trig=3
Effect[0] dat0=14
Effect[0] dat1=0
Effect[0] dat2=20

Effect[1] type=6
Effect[1] trig=4
Effect[1] dat0=14
Effect[1] dat1=0
Effect[1] dat2=20

Effect[2] type=0
Effect[2] trig=0
Effect[2] dat0=0
Effect[2] dat1=0
Effect[2] dat2=0

Effect[3] type=0
Effect[3] trig=0
Effect[3] dat0=0
Effect[3] dat1=0
Effect[3] dat2=0

Effect[4] type=0
Effect[4] trig=0
Effect[4] dat0=0
Effect[4] dat1=0
Effect[4] dat2=0

Effect[5] type=0
Effect[5] trig=0
Effect[5] dat0=0
Effect[5] dat1=0
Effect[5] dat2=0

Effect[6] type=0
Effect[6] trig=0
Effect[6] dat0=0
Effect[6] dat1=0
Effect[6] dat2=0

Effect[7] type=0
Effect[7] trig=0
Effect[7] dat0=0
Effect[7] dat1=0
Effect[7] dat2=0

sizeof itemdesc=71
wrote output file


Reading file:[DES00424.TXT]
Type=3
Sub=255
Numstackable=1
DestroyOn=0

Effect[0] type=5
Effect[0] trig=3
Effect[0] dat0=14
Effect[0] dat1=0
Effect[0] dat2=25

Effect[1] type=6
Effect[1] trig=4
Effect[1] dat0=14
Effect[1] dat1=0
Effect[1] dat2=25

Effect[2] type=0
Effect[2] trig=0
Effect[2] dat0=0
Effect[2] dat1=0
Effect[2] dat2=0

Effect[3] type=0
Effect[3] trig=0
Effect[3] dat0=0
Effect[3] dat1=0
Effect[3] dat2=0

Effect[4] type=0
Effect[4] trig=0
Effect[4] dat0=0
Effect[4] dat1=0
Effect[4] dat2=0

Effect[5] type=0
Effect[5] trig=0
Effect[5] dat0=0
Effect[5] dat1=0
Effect[5] dat2=0

Effect[6] type=0
Effect[6] trig=0
Effect[6] dat0=0
Effect[6] dat1=0
Effect[6] dat2=0

Effect[7] type=0
Effect[7] trig=0
Effect[7] dat0=0
Effect[7] dat1=0
Effect[7] dat2=0

sizeof itemdesc=71
wrote output file


Reading file:[DES00425.TXT]
Type=3
Sub=255
Numstackable=1
DestroyOn=0

Effect[0] type=0
Effect[0] trig=0
Effect[0] dat0=0
Effect[0] dat1=0
Effect[0] dat2=0

Effect[1] type=0
Effect[1] trig=0
Effect[1] dat0=0
Effect[1] dat1=0
Effect[1] dat2=0

Effect[2] type=0
Effect[2] trig=0
Effect[2] dat0=0
Effect[2] dat1=0
Effect[2] dat2=0

Effect[3] type=0
Effect[3] trig=0
Effect[3] dat0=0
Effect[3] dat1=0
Effect[3] dat2=0

Effect[4] type=0
Effect[4] trig=0
Effect[4] dat0=0
Effect[4] dat1=0
Effect[4] dat2=0

Effect[5] type=0
Effect[5] trig=0
Effect[5] dat0=0
Effect[5] dat1=0
Effect[5] dat2=0

Effect[6] type=0
Effect[6] trig=0
Effect[6] dat0=0
Effect[6] dat1=0
Effect[6] dat2=0

Effect[7] type=0
Effect[7] trig=0
Effect[7] dat0=0
Effect[7] dat1=0
Effect[7] dat2=0

sizeof itemdesc=71
wrote output file


Reading file:[DES00426.TXT]
Type=3
Sub=255
Numstackable=1
DestroyOn=0

Effect[0] type=5
Effect[0] trig=3
Effect[0] dat0=37
Effect[0] dat1=0
Effect[0] dat2=0

Effect[1] type=6
Effect[1] trig=4
Effect[1] dat0=37
Effect[1] dat1=0
Effect[1] dat2=0

Effect[2] type=0
Effect[2] trig=0
Effect[2] dat0=0
Effect[2] dat1=0
Effect[2] dat2=0

Effect[3] type=0
Effect[3] trig=0
Effect[3] dat0=0
Effect[3] dat1=0
Effect[3] dat2=0

Effect[4] type=0
Effect[4] trig=0
Effect[4] dat0=0
Effect[4] dat1=0
Effect[4] dat2=0

Effect[5] type=0
Effect[5] trig=0
Effect[5] dat0=0
Effect[5] dat1=0
Effect[5] dat2=0

Effect[6] type=0
Effect[6] trig=0
Effect[6] dat0=0
Effect[6] dat1=0
Effect[6] dat2=0

Effect[7] type=0
Effect[7] trig=0
Effect[7] dat0=0
Effect[7] dat1=0
Effect[7] dat2=0

sizeof itemdesc=71
wrote output file


Reading file:[DES00427.TXT]
Type=3
Sub=255
Numstackable=1
DestroyOn=0

Effect[0] type=5
Effect[0] trig=3
Effect[0] dat0=38
Effect[0] dat1=0
Effect[0] dat2=0

Effect[1] type=6
Effect[1] trig=4
Effect[1] dat0=38
Effect[1] dat1=0
Effect[1] dat2=0

Effect[2] type=0
Effect[2] trig=0
Effect[2] dat0=0
Effect[2] dat1=0
Effect[2] dat2=0

Effect[3] type=0
Effect[3] trig=0
Effect[3] dat0=0
Effect[3] dat1=0
Effect[3] dat2=0

Effect[4] type=0
Effect[4] trig=0
Effect[4] dat0=0
Effect[4] dat1=0
Effect[4] dat2=0

Effect[5] type=0
Effect[5] trig=0
Effect[5] dat0=0
Effect[5] dat1=0
Effect[5] dat2=0

Effect[6] type=0
Effect[6] trig=0
Effect[6] dat0=0
Effect[6] dat1=0
Effect[6] dat2=0

Effect[7] type=0
Effect[7] trig=0
Effect[7] dat0=0
Effect[7] dat1=0
Effect[7] dat2=0

sizeof itemdesc=71
wrote output file


Reading file:[DES00428.TXT]
Type=3
Sub=255
Numstackable=1
DestroyOn=0

Effect[0] type=5
Effect[0] trig=3
Effect[0] dat0=15
Effect[0] dat1=0
Effect[0] dat2=20

Effect[1] type=6
Effect[1] trig=4
Effect[1] dat0=15
Effect[1] dat1=0
Effect[1] dat2=20

Effect[2] type=0
Effect[2] trig=0
Effect[2] dat0=0
Effect[2] dat1=0
Effect[2] dat2=0

Effect[3] type=0
Effect[3] trig=0
Effect[3] dat0=0
Effect[3] dat1=0
Effect[3] dat2=0

Effect[4] type=0
Effect[4] trig=0
Effect[4] dat0=0
Effect[4] dat1=0
Effect[4] dat2=0

Effect[5] type=0
Effect[5] trig=0
Effect[5] dat0=0
Effect[5] dat1=0
Effect[5] dat2=0

Effect[6] type=0
Effect[6] trig=0
Effect[6] dat0=0
Effect[6] dat1=0
Effect[6] dat2=0

Effect[7] type=0
Effect[7] trig=0
Effect[7] dat0=0
Effect[7] dat1=0
Effect[7] dat2=0

sizeof itemdesc=71
wrote output file


Reading file:[DES00429.TXT]
Type=3
Sub=255
Numstackable=1
DestroyOn=0

Effect[0] type=5
Effect[0] trig=3
Effect[0] dat0=15
Effect[0] dat1=0
Effect[0] dat2=5

Effect[1] type=6
Effect[1] trig=4
Effect[1] dat0=15
Effect[1] dat1=0
Effect[1] dat2=5

Effect[2] type=0
Effect[2] trig=0
Effect[2] dat0=0
Effect[2] dat1=0
Effect[2] dat2=0

Effect[3] type=0
Effect[3] trig=0
Effect[3] dat0=0
Effect[3] dat1=0
Effect[3] dat2=0

Effect[4] type=0
Effect[4] trig=0
Effect[4] dat0=0
Effect[4] dat1=0
Effect[4] dat2=0

Effect[5] type=0
Effect[5] trig=0
Effect[5] dat0=0
Effect[5] dat1=0
Effect[5] dat2=0

Effect[6] type=0
Effect[6] trig=0
Effect[6] dat0=0
Effect[6] dat1=0
Effect[6] dat2=0

Effect[7] type=0
Effect[7] trig=0
Effect[7] dat0=0
Effect[7] dat1=0
Effect[7] dat2=0

sizeof itemdesc=71
wrote output file


Reading file:[DES00430.TXT]
Type=3
Sub=255
Numstackable=1
DestroyOn=0

Effect[0] type=5
Effect[0] trig=3
Effect[0] dat0=15
Effect[0] dat1=0
Effect[0] dat2=10

Effect[1] type=6
Effect[1] trig=4
Effect[1] dat0=15
Effect[1] dat1=0
Effect[1] dat2=10

Effect[2] type=0
Effect[2] trig=0
Effect[2] dat0=0
Effect[2] dat1=0
Effect[2] dat2=0

Effect[3] type=0
Effect[3] trig=0
Effect[3] dat0=0
Effect[3] dat1=0
Effect[3] dat2=0

Effect[4] type=0
Effect[4] trig=0
Effect[4] dat0=0
Effect[4] dat1=0
Effect[4] dat2=0

Effect[5] type=0
Effect[5] trig=0
Effect[5] dat0=0
Effect[5] dat1=0
Effect[5] dat2=0

Effect[6] type=0
Effect[6] trig=0
Effect[6] dat0=0
Effect[6] dat1=0
Effect[6] dat2=0

Effect[7] type=0
Effect[7] trig=0
Effect[7] dat0=0
Effect[7] dat1=0
Effect[7] dat2=0

sizeof itemdesc=71
wrote output file


Reading file:[DES00431.TXT]
Type=3
Sub=255
Numstackable=1
DestroyOn=0

Effect[0] type=5
Effect[0] trig=3
Effect[0] dat0=15
Effect[0] dat1=0
Effect[0] dat2=15

Effect[1] type=6
Effect[1] trig=4
Effect[1] dat0=15
Effect[1] dat1=0
Effect[1] dat2=15

Effect[2] type=0
Effect[2] trig=0
Effect[2] dat0=0
Effect[2] dat1=0
Effect[2] dat2=0

Effect[3] type=0
Effect[3] trig=0
Effect[3] dat0=0
Effect[3] dat1=0
Effect[3] dat2=0

Effect[4] type=0
Effect[4] trig=0
Effect[4] dat0=0
Effect[4] dat1=0
Effect[4] dat2=0

Effect[5] type=0
Effect[5] trig=0
Effect[5] dat0=0
Effect[5] dat1=0
Effect[5] dat2=0

Effect[6] type=0
Effect[6] trig=0
Effect[6] dat0=0
Effect[6] dat1=0
Effect[6] dat2=0

Effect[7] type=0
Effect[7] trig=0
Effect[7] dat0=0
Effect[7] dat1=0
Effect[7] dat2=0

sizeof itemdesc=71
wrote output file


Reading file:[DES00432.TXT]
Type=3
Sub=255
Numstackable=1
DestroyOn=0

Effect[0] type=5
Effect[0] trig=3
Effect[0] dat0=7
Effect[0] dat1=0
Effect[0] dat2=0

Effect[1] type=6
Effect[1] trig=4
Effect[1] dat0=15
Effect[1] dat1=0
Effect[1] dat2=0

Effect[2] type=0
Effect[2] trig=0
Effect[2] dat0=0
Effect[2] dat1=0
Effect[2] dat2=0

Effect[3] type=0
Effect[3] trig=0
Effect[3] dat0=0
Effect[3] dat1=0
Effect[3] dat2=0

Effect[4] type=0
Effect[4] trig=0
Effect[4] dat0=0
Effect[4] dat1=0
Effect[4] dat2=0

Effect[5] type=0
Effect[5] trig=0
Effect[5] dat0=0
Effect[5] dat1=0
Effect[5] dat2=0

Effect[6] type=0
Effect[6] trig=0
Effect[6] dat0=0
Effect[6] dat1=0
Effect[6] dat2=0

Effect[7] type=0
Effect[7] trig=0
Effect[7] dat0=0
Effect[7] dat1=0
Effect[7] dat2=0

sizeof itemdesc=71
wrote output file


Reading file:[DES00433.TXT]
Type=3
Sub=255
Numstackable=1
DestroyOn=0

Effect[0] type=0
Effect[0] trig=0
Effect[0] dat0=0
Effect[0] dat1=0
Effect[0] dat2=0

Effect[1] type=0
Effect[1] trig=0
Effect[1] dat0=0
Effect[1] dat1=0
Effect[1] dat2=0

Effect[2] type=0
Effect[2] trig=0
Effect[2] dat0=0
Effect[2] dat1=0
Effect[2] dat2=0

Effect[3] type=0
Effect[3] trig=0
Effect[3] dat0=0
Effect[3] dat1=0
Effect[3] dat2=0

Effect[4] type=0
Effect[4] trig=0
Effect[4] dat0=0
Effect[4] dat1=0
Effect[4] dat2=0

Effect[5] type=0
Effect[5] trig=0
Effect[5] dat0=0
Effect[5] dat1=0
Effect[5] dat2=0

Effect[6] type=0
Effect[6] trig=0
Effect[6] dat0=0
Effect[6] dat1=0
Effect[6] dat2=0

Effect[7] type=0
Effect[7] trig=0
Effect[7] dat0=0
Effect[7] dat1=0
Effect[7] dat2=0

sizeof itemdesc=71
wrote output file


Reading file:[DES00434.TXT]
Type=3
Sub=255
Numstackable=1
DestroyOn=0

Effect[0] type=5
Effect[0] trig=3
Effect[0] dat0=39
Effect[0] dat1=0
Effect[0] dat2=6000

Effect[1] type=6
Effect[1] trig=4
Effect[1] dat0=39
Effect[1] dat1=0
Effect[1] dat2=6000

Effect[2] type=0
Effect[2] trig=0
Effect[2] dat0=0
Effect[2] dat1=0
Effect[2] dat2=0

Effect[3] type=0
Effect[3] trig=0
Effect[3] dat0=0
Effect[3] dat1=0
Effect[3] dat2=0

Effect[4] type=0
Effect[4] trig=0
Effect[4] dat0=0
Effect[4] dat1=0
Effect[4] dat2=0

Effect[5] type=0
Effect[5] trig=0
Effect[5] dat0=0
Effect[5] dat1=0
Effect[5] dat2=0

Effect[6] type=0
Effect[6] trig=0
Effect[6] dat0=0
Effect[6] dat1=0
Effect[6] dat2=0

Effect[7] type=0
Effect[7] trig=0
Effect[7] dat0=0
Effect[7] dat1=0
Effect[7] dat2=0

sizeof itemdesc=71
wrote output file


Reading file:[DES00435.TXT]
Type=3
Sub=255
Numstackable=1
DestroyOn=0

Effect[0] type=5
Effect[0] trig=3
Effect[0] dat0=21
Effect[0] dat1=0
Effect[0] dat2=1

Effect[1] type=6
Effect[1] trig=4
Effect[1] dat0=21
Effect[1] dat1=0
Effect[1] dat2=1

Effect[2] type=0
Effect[2] trig=0
Effect[2] dat0=0
Effect[2] dat1=0
Effect[2] dat2=0

Effect[3] type=0
Effect[3] trig=0
Effect[3] dat0=0
Effect[3] dat1=0
Effect[3] dat2=0

Effect[4] type=0
Effect[4] trig=0
Effect[4] dat0=0
Effect[4] dat1=0
Effect[4] dat2=0

Effect[5] type=0
Effect[5] trig=0
Effect[5] dat0=0
Effect[5] dat1=0
Effect[5] dat2=0

Effect[6] type=0
Effect[6] trig=0
Effect[6] dat0=0
Effect[6] dat1=0
Effect[6] dat2=0

Effect[7] type=0
Effect[7] trig=0
Effect[7] dat0=0
Effect[7] dat1=0
Effect[7] dat2=0

sizeof itemdesc=71
wrote output file


Reading file:[DES00438.TXT]
Type=3
Sub=255
Numstackable=1
DestroyOn=0

Effect[0] type=5
Effect[0] trig=3
Effect[0] dat0=18
Effect[0] dat1=0
Effect[0] dat2=20

Effect[1] type=6
Effect[1] trig=4
Effect[1] dat0=18
Effect[1] dat1=0
Effect[1] dat2=20

Effect[2] type=0
Effect[2] trig=0
Effect[2] dat0=0
Effect[2] dat1=0
Effect[2] dat2=0

Effect[3] type=0
Effect[3] trig=0
Effect[3] dat0=0
Effect[3] dat1=0
Effect[3] dat2=0

Effect[4] type=0
Effect[4] trig=0
Effect[4] dat0=0
Effect[4] dat1=0
Effect[4] dat2=0

Effect[5] type=0
Effect[5] trig=0
Effect[5] dat0=0
Effect[5] dat1=0
Effect[5] dat2=0

Effect[6] type=0
Effect[6] trig=0
Effect[6] dat0=0
Effect[6] dat1=0
Effect[6] dat2=0

Effect[7] type=0
Effect[7] trig=0
Effect[7] dat0=0
Effect[7] dat1=0
Effect[7] dat2=0

sizeof itemdesc=71
wrote output file


Reading file:[DES00440.TXT]
Type=2
Sub=255
Numstackable=1
DestroyOn=0

Effect[0] type=0
Effect[0] trig=0
Effect[0] dat0=0
Effect[0] dat1=0
Effect[0] dat2=0

Effect[1] type=0
Effect[1] trig=0
Effect[1] dat0=0
Effect[1] dat1=0
Effect[1] dat2=0

Effect[2] type=0
Effect[2] trig=0
Effect[2] dat0=0
Effect[2] dat1=0
Effect[2] dat2=0

Effect[3] type=0
Effect[3] trig=0
Effect[3] dat0=0
Effect[3] dat1=0
Effect[3] dat2=0

Effect[4] type=0
Effect[4] trig=0
Effect[4] dat0=0
Effect[4] dat1=0
Effect[4] dat2=0

Effect[5] type=0
Effect[5] trig=0
Effect[5] dat0=0
Effect[5] dat1=0
Effect[5] dat2=0

Effect[6] type=0
Effect[6] trig=0
Effect[6] dat0=0
Effect[6] dat1=0
Effect[6] dat2=0

Effect[7] type=0
Effect[7] trig=0
Effect[7] dat0=0
Effect[7] dat1=0
Effect[7] dat2=0

sizeof itemdesc=71
wrote output file


Reading file:[DES00441.TXT]
Type=2
Sub=255
Numstackable=1
DestroyOn=0

Effect[0] type=0
Effect[0] trig=0
Effect[0] dat0=0
Effect[0] dat1=0
Effect[0] dat2=0

Effect[1] type=0
Effect[1] trig=0
Effect[1] dat0=0
Effect[1] dat1=0
Effect[1] dat2=0

Effect[2] type=0
Effect[2] trig=0
Effect[2] dat0=0
Effect[2] dat1=0
Effect[2] dat2=0

Effect[3] type=0
Effect[3] trig=0
Effect[3] dat0=0
Effect[3] dat1=0
Effect[3] dat2=0

Effect[4] type=0
Effect[4] trig=0
Effect[4] dat0=0
Effect[4] dat1=0
Effect[4] dat2=0

Effect[5] type=0
Effect[5] trig=0
Effect[5] dat0=0
Effect[5] dat1=0
Effect[5] dat2=0

Effect[6] type=0
Effect[6] trig=0
Effect[6] dat0=0
Effect[6] dat1=0
Effect[6] dat2=0

Effect[7] type=0
Effect[7] trig=0
Effect[7] dat0=0
Effect[7] dat1=0
Effect[7] dat2=0

sizeof itemdesc=71
wrote output file


Reading file:[DES00442.TXT]
Type=2
Sub=255
Numstackable=1
DestroyOn=0

Effect[0] type=0
Effect[0] trig=0
Effect[0] dat0=0
Effect[0] dat1=0
Effect[0] dat2=0

Effect[1] type=0
Effect[1] trig=0
Effect[1] dat0=0
Effect[1] dat1=0
Effect[1] dat2=0

Effect[2] type=0
Effect[2] trig=0
Effect[2] dat0=0
Effect[2] dat1=0
Effect[2] dat2=0

Effect[3] type=0
Effect[3] trig=0
Effect[3] dat0=0
Effect[3] dat1=0
Effect[3] dat2=0

Effect[4] type=0
Effect[4] trig=0
Effect[4] dat0=0
Effect[4] dat1=0
Effect[4] dat2=0

Effect[5] type=0
Effect[5] trig=0
Effect[5] dat0=0
Effect[5] dat1=0
Effect[5] dat2=0

Effect[6] type=0
Effect[6] trig=0
Effect[6] dat0=0
Effect[6] dat1=0
Effect[6] dat2=0

Effect[7] type=0
Effect[7] trig=0
Effect[7] dat0=0
Effect[7] dat1=0
Effect[7] dat2=0

sizeof itemdesc=71
wrote output file


Reading file:[DES00450.TXT]
Type=1
Sub=9
Numstackable=1
DestroyOn=0

Effect[0] type=2
Effect[0] trig=3
Effect[0] dat0=25
Effect[0] dat1=0
Effect[0] dat2=0

Effect[1] type=2
Effect[1] trig=4
Effect[1] dat0=0
Effect[1] dat1=0
Effect[1] dat2=0

Effect[2] type=0
Effect[2] trig=0
Effect[2] dat0=0
Effect[2] dat1=0
Effect[2] dat2=0

Effect[3] type=0
Effect[3] trig=0
Effect[3] dat0=0
Effect[3] dat1=0
Effect[3] dat2=0

Effect[4] type=0
Effect[4] trig=0
Effect[4] dat0=0
Effect[4] dat1=0
Effect[4] dat2=0

Effect[5] type=0
Effect[5] trig=0
Effect[5] dat0=0
Effect[5] dat1=0
Effect[5] dat2=0

Effect[6] type=0
Effect[6] trig=0
Effect[6] dat0=0
Effect[6] dat1=0
Effect[6] dat2=0

Effect[7] type=0
Effect[7] trig=0
Effect[7] dat0=0
Effect[7] dat1=0
Effect[7] dat2=0

sizeof itemdesc=71
wrote output file


Reading file:[DES00451.TXT]
Type=1
Sub=12
Numstackable=1
DestroyOn=0

Effect[0] type=2
Effect[0] trig=3
Effect[0] dat0=50
Effect[0] dat1=0
Effect[0] dat2=0

Effect[1] type=2
Effect[1] trig=4
Effect[1] dat0=0
Effect[1] dat1=0
Effect[1] dat2=0

Effect[2] type=0
Effect[2] trig=0
Effect[2] dat0=0
Effect[2] dat1=0
Effect[2] dat2=0

Effect[3] type=0
Effect[3] trig=0
Effect[3] dat0=0
Effect[3] dat1=0
Effect[3] dat2=0

Effect[4] type=0
Effect[4] trig=0
Effect[4] dat0=0
Effect[4] dat1=0
Effect[4] dat2=0

Effect[5] type=0
Effect[5] trig=0
Effect[5] dat0=0
Effect[5] dat1=0
Effect[5] dat2=0

Effect[6] type=0
Effect[6] trig=0
Effect[6] dat0=0
Effect[6] dat1=0
Effect[6] dat2=0

Effect[7] type=0
Effect[7] trig=0
Effect[7] dat0=0
Effect[7] dat1=0
Effect[7] dat2=0

sizeof itemdesc=71
wrote output file


Reading file:[DES00452.TXT]
Type=1
Sub=3
Numstackable=1
DestroyOn=0

Effect[0] type=2
Effect[0] trig=3
Effect[0] dat0=25
Effect[0] dat1=0
Effect[0] dat2=0

Effect[1] type=2
Effect[1] trig=4
Effect[1] dat0=0
Effect[1] dat1=0
Effect[1] dat2=0

Effect[2] type=0
Effect[2] trig=0
Effect[2] dat0=0
Effect[2] dat1=0
Effect[2] dat2=0

Effect[3] type=0
Effect[3] trig=0
Effect[3] dat0=0
Effect[3] dat1=0
Effect[3] dat2=0

Effect[4] type=0
Effect[4] trig=0
Effect[4] dat0=0
Effect[4] dat1=0
Effect[4] dat2=0

Effect[5] type=0
Effect[5] trig=0
Effect[5] dat0=0
Effect[5] dat1=0
Effect[5] dat2=0

Effect[6] type=0
Effect[6] trig=0
Effect[6] dat0=0
Effect[6] dat1=0
Effect[6] dat2=0

Effect[7] type=0
Effect[7] trig=0
Effect[7] dat0=0
Effect[7] dat1=0
Effect[7] dat2=0

sizeof itemdesc=71
wrote output file


Reading file:[DES00453.TXT]
Type=1
Sub=6
Numstackable=1
DestroyOn=0

Effect[0] type=2
Effect[0] trig=3
Effect[0] dat0=25
Effect[0] dat1=0
Effect[0] dat2=0

Effect[1] type=2
Effect[1] trig=4
Effect[1] dat0=0
Effect[1] dat1=0
Effect[1] dat2=0

Effect[2] type=0
Effect[2] trig=0
Effect[2] dat0=0
Effect[2] dat1=0
Effect[2] dat2=0

Effect[3] type=0
Effect[3] trig=0
Effect[3] dat0=0
Effect[3] dat1=0
Effect[3] dat2=0

Effect[4] type=0
Effect[4] trig=0
Effect[4] dat0=0
Effect[4] dat1=0
Effect[4] dat2=0

Effect[5] type=0
Effect[5] trig=0
Effect[5] dat0=0
Effect[5] dat1=0
Effect[5] dat2=0

Effect[6] type=0
Effect[6] trig=0
Effect[6] dat0=0
Effect[6] dat1=0
Effect[6] dat2=0

Effect[7] type=0
Effect[7] trig=0
Effect[7] dat0=0
Effect[7] dat1=0
Effect[7] dat2=0

sizeof itemdesc=71
wrote output file


Reading file:[DES00600.TXT]
Type=2
Sub=255
Numstackable=1
DestroyOn=0

Effect[0] type=5
Effect[0] trig=3
Effect[0] dat0=17
Effect[0] dat1=0
Effect[0] dat2=25

Effect[1] type=6
Effect[1] trig=4
Effect[1] dat0=17
Effect[1] dat1=0
Effect[1] dat2=25

Effect[2] type=0
Effect[2] trig=0
Effect[2] dat0=0
Effect[2] dat1=0
Effect[2] dat2=0

Effect[3] type=0
Effect[3] trig=0
Effect[3] dat0=0
Effect[3] dat1=0
Effect[3] dat2=0

Effect[4] type=0
Effect[4] trig=0
Effect[4] dat0=0
Effect[4] dat1=0
Effect[4] dat2=0

Effect[5] type=0
Effect[5] trig=0
Effect[5] dat0=0
Effect[5] dat1=0
Effect[5] dat2=0

Effect[6] type=0
Effect[6] trig=0
Effect[6] dat0=0
Effect[6] dat1=0
Effect[6] dat2=0

Effect[7] type=0
Effect[7] trig=0
Effect[7] dat0=0
Effect[7] dat1=0
Effect[7] dat2=0

sizeof itemdesc=71
wrote output file


Reading file:[DES00601.TXT]
Type=2
Sub=255
Numstackable=1
DestroyOn=0

Effect[0] type=5
Effect[0] trig=3
Effect[0] dat0=19
Effect[0] dat1=0
Effect[0] dat2=500

Effect[1] type=6
Effect[1] trig=4
Effect[1] dat0=19
Effect[1] dat1=0
Effect[1] dat2=500

Effect[2] type=0
Effect[2] trig=0
Effect[2] dat0=0
Effect[2] dat1=0
Effect[2] dat2=0

Effect[3] type=0
Effect[3] trig=0
Effect[3] dat0=0
Effect[3] dat1=0
Effect[3] dat2=0

Effect[4] type=0
Effect[4] trig=0
Effect[4] dat0=0
Effect[4] dat1=0
Effect[4] dat2=0

Effect[5] type=0
Effect[5] trig=0
Effect[5] dat0=0
Effect[5] dat1=0
Effect[5] dat2=0

Effect[6] type=0
Effect[6] trig=0
Effect[6] dat0=0
Effect[6] dat1=0
Effect[6] dat2=0

Effect[7] type=0
Effect[7] trig=0
Effect[7] dat0=0
Effect[7] dat1=0
Effect[7] dat2=0

sizeof itemdesc=71
wrote output file


Reading file:[DES00602.TXT]
Type=2
Sub=255
Numstackable=1
DestroyOn=0

Effect[0] type=5
Effect[0] trig=3
Effect[0] dat0=15
Effect[0] dat1=0
Effect[0] dat2=25

Effect[1] type=6
Effect[1] trig=4
Effect[1] dat0=15
Effect[1] dat1=0
Effect[1] dat2=25

Effect[2] type=0
Effect[2] trig=0
Effect[2] dat0=0
Effect[2] dat1=0
Effect[2] dat2=0

Effect[3] type=0
Effect[3] trig=0
Effect[3] dat0=0
Effect[3] dat1=0
Effect[3] dat2=0

Effect[4] type=0
Effect[4] trig=0
Effect[4] dat0=0
Effect[4] dat1=0
Effect[4] dat2=0

Effect[5] type=0
Effect[5] trig=0
Effect[5] dat0=0
Effect[5] dat1=0
Effect[5] dat2=0

Effect[6] type=0
Effect[6] trig=0
Effect[6] dat0=0
Effect[6] dat1=0
Effect[6] dat2=0

Effect[7] type=0
Effect[7] trig=0
Effect[7] dat0=0
Effect[7] dat1=0
Effect[7] dat2=0

sizeof itemdesc=71
wrote output file


Reading file:[DES00603.TXT]
Type=2
Sub=255
Numstackable=1
DestroyOn=0

Effect[0] type=5
Effect[0] trig=3
Effect[0] dat0=18
Effect[0] dat1=0
Effect[0] dat2=25

Effect[1] type=6
Effect[1] trig=4
Effect[1] dat0=18
Effect[1] dat1=0
Effect[1] dat2=25

Effect[2] type=0
Effect[2] trig=0
Effect[2] dat0=0
Effect[2] dat1=0
Effect[2] dat2=0

Effect[3] type=0
Effect[3] trig=0
Effect[3] dat0=0
Effect[3] dat1=0
Effect[3] dat2=0

Effect[4] type=0
Effect[4] trig=0
Effect[4] dat0=0
Effect[4] dat1=0
Effect[4] dat2=0

Effect[5] type=0
Effect[5] trig=0
Effect[5] dat0=0
Effect[5] dat1=0
Effect[5] dat2=0

Effect[6] type=0
Effect[6] trig=0
Effect[6] dat0=0
Effect[6] dat1=0
Effect[6] dat2=0

Effect[7] type=0
Effect[7] trig=0
Effect[7] dat0=0
Effect[7] dat1=0
Effect[7] dat2=0

sizeof itemdesc=71
wrote output file


Reading file:[DES00604.TXT]
Type=2
Sub=255
Numstackable=1
DestroyOn=0

Effect[0] type=5
Effect[0] trig=3
Effect[0] dat0=13
Effect[0] dat1=0
Effect[0] dat2=25

Effect[1] type=6
Effect[1] trig=4
Effect[1] dat0=13
Effect[1] dat1=0
Effect[1] dat2=25

Effect[2] type=0
Effect[2] trig=0
Effect[2] dat0=0
Effect[2] dat1=0
Effect[2] dat2=0

Effect[3] type=0
Effect[3] trig=0
Effect[3] dat0=0
Effect[3] dat1=0
Effect[3] dat2=0

Effect[4] type=0
Effect[4] trig=0
Effect[4] dat0=0
Effect[4] dat1=0
Effect[4] dat2=0

Effect[5] type=0
Effect[5] trig=0
Effect[5] dat0=0
Effect[5] dat1=0
Effect[5] dat2=0

Effect[6] type=0
Effect[6] trig=0
Effect[6] dat0=0
Effect[6] dat1=0
Effect[6] dat2=0

Effect[7] type=0
Effect[7] trig=0
Effect[7] dat0=0
Effect[7] dat1=0
Effect[7] dat2=0

sizeof itemdesc=71
wrote output file


Reading file:[DES00605.TXT]
Type=2
Sub=255
Numstackable=1
DestroyOn=0

Effect[0] type=5
Effect[0] trig=3
Effect[0] dat0=14
Effect[0] dat1=0
Effect[0] dat2=25

Effect[1] type=6
Effect[1] trig=4
Effect[1] dat0=14
Effect[1] dat1=0
Effect[1] dat2=25

Effect[2] type=0
Effect[2] trig=0
Effect[2] dat0=0
Effect[2] dat1=0
Effect[2] dat2=0

Effect[3] type=0
Effect[3] trig=0
Effect[3] dat0=0
Effect[3] dat1=0
Effect[3] dat2=0

Effect[4] type=0
Effect[4] trig=0
Effect[4] dat0=0
Effect[4] dat1=0
Effect[4] dat2=0

Effect[5] type=0
Effect[5] trig=0
Effect[5] dat0=0
Effect[5] dat1=0
Effect[5] dat2=0

Effect[6] type=0
Effect[6] trig=0
Effect[6] dat0=0
Effect[6] dat1=0
Effect[6] dat2=0

Effect[7] type=0
Effect[7] trig=0
Effect[7] dat0=0
Effect[7] dat1=0
Effect[7] dat2=0

sizeof itemdesc=71
wrote output file


Reading file:[DES00606.TXT]
Type=2
Sub=255
Numstackable=1
DestroyOn=0

Effect[0] type=5
Effect[0] trig=3
Effect[0] dat0=10
Effect[0] dat1=0
Effect[0] dat2=0

Effect[1] type=6
Effect[1] trig=4
Effect[1] dat0=10
Effect[1] dat1=0
Effect[1] dat2=0

Effect[2] type=0
Effect[2] trig=0
Effect[2] dat0=0
Effect[2] dat1=0
Effect[2] dat2=0

Effect[3] type=0
Effect[3] trig=0
Effect[3] dat0=0
Effect[3] dat1=0
Effect[3] dat2=0

Effect[4] type=0
Effect[4] trig=0
Effect[4] dat0=0
Effect[4] dat1=0
Effect[4] dat2=0

Effect[5] type=0
Effect[5] trig=0
Effect[5] dat0=0
Effect[5] dat1=0
Effect[5] dat2=0

Effect[6] type=0
Effect[6] trig=0
Effect[6] dat0=0
Effect[6] dat1=0
Effect[6] dat2=0

Effect[7] type=0
Effect[7] trig=0
Effect[7] dat0=0
Effect[7] dat1=0
Effect[7] dat2=0

sizeof itemdesc=71
wrote output file


Reading file:[DES00607.TXT]
Type=2
Sub=255
Numstackable=1
DestroyOn=0

Effect[0] type=5
Effect[0] trig=3
Effect[0] dat0=11
Effect[0] dat1=0
Effect[0] dat2=0

Effect[1] type=6
Effect[1] trig=4
Effect[1] dat0=11
Effect[1] dat1=0
Effect[1] dat2=0

Effect[2] type=0
Effect[2] trig=0
Effect[2] dat0=0
Effect[2] dat1=0
Effect[2] dat2=0

Effect[3] type=0
Effect[3] trig=0
Effect[3] dat0=0
Effect[3] dat1=0
Effect[3] dat2=0

Effect[4] type=0
Effect[4] trig=0
Effect[4] dat0=0
Effect[4] dat1=0
Effect[4] dat2=0

Effect[5] type=0
Effect[5] trig=0
Effect[5] dat0=0
Effect[5] dat1=0
Effect[5] dat2=0

Effect[6] type=0
Effect[6] trig=0
Effect[6] dat0=0
Effect[6] dat1=0
Effect[6] dat2=0

Effect[7] type=0
Effect[7] trig=0
Effect[7] dat0=0
Effect[7] dat1=0
Effect[7] dat2=0

sizeof itemdesc=71
wrote output file


Reading file:[DES00608.TXT]
Type=2
Sub=255
Numstackable=1
DestroyOn=0

Effect[0] type=5
Effect[0] trig=3
Effect[0] dat0=3
Effect[0] dat1=0
Effect[0] dat2=0

Effect[1] type=6
Effect[1] trig=4
Effect[1] dat0=3
Effect[1] dat1=0
Effect[1] dat2=0

Effect[2] type=0
Effect[2] trig=0
Effect[2] dat0=0
Effect[2] dat1=0
Effect[2] dat2=0

Effect[3] type=0
Effect[3] trig=0
Effect[3] dat0=0
Effect[3] dat1=0
Effect[3] dat2=0

Effect[4] type=0
Effect[4] trig=0
Effect[4] dat0=0
Effect[4] dat1=0
Effect[4] dat2=0

Effect[5] type=0
Effect[5] trig=0
Effect[5] dat0=0
Effect[5] dat1=0
Effect[5] dat2=0

Effect[6] type=0
Effect[6] trig=0
Effect[6] dat0=0
Effect[6] dat1=0
Effect[6] dat2=0

Effect[7] type=0
Effect[7] trig=0
Effect[7] dat0=0
Effect[7] dat1=0
Effect[7] dat2=0

sizeof itemdesc=71
wrote output file


Reading file:[DES00609.TXT]
Type=2
Sub=255
Numstackable=1
DestroyOn=0

Effect[0] type=5
Effect[0] trig=3
Effect[0] dat0=22
Effect[0] dat1=0
Effect[0] dat2=0

Effect[1] type=6
Effect[1] trig=4
Effect[1] dat0=22
Effect[1] dat1=0
Effect[1] dat2=0

Effect[2] type=0
Effect[2] trig=0
Effect[2] dat0=0
Effect[2] dat1=0
Effect[2] dat2=0

Effect[3] type=0
Effect[3] trig=0
Effect[3] dat0=0
Effect[3] dat1=0
Effect[3] dat2=0

Effect[4] type=0
Effect[4] trig=0
Effect[4] dat0=0
Effect[4] dat1=0
Effect[4] dat2=0

Effect[5] type=0
Effect[5] trig=0
Effect[5] dat0=0
Effect[5] dat1=0
Effect[5] dat2=0

Effect[6] type=0
Effect[6] trig=0
Effect[6] dat0=0
Effect[6] dat1=0
Effect[6] dat2=0

Effect[7] type=0
Effect[7] trig=0
Effect[7] dat0=0
Effect[7] dat1=0
Effect[7] dat2=0

sizeof itemdesc=71
wrote output file


Reading file:[DES00610.TXT]
Type=2
Sub=255
Numstackable=1
DestroyOn=0

Effect[0] type=5
Effect[0] trig=3
Effect[0] dat0=25
Effect[0] dat1=0
Effect[0] dat2=0

Effect[1] type=6
Effect[1] trig=4
Effect[1] dat0=25
Effect[1] dat1=0
Effect[1] dat2=0

Effect[2] type=0
Effect[2] trig=0
Effect[2] dat0=0
Effect[2] dat1=0
Effect[2] dat2=0

Effect[3] type=0
Effect[3] trig=0
Effect[3] dat0=0
Effect[3] dat1=0
Effect[3] dat2=0

Effect[4] type=0
Effect[4] trig=0
Effect[4] dat0=0
Effect[4] dat1=0
Effect[4] dat2=0

Effect[5] type=0
Effect[5] trig=0
Effect[5] dat0=0
Effect[5] dat1=0
Effect[5] dat2=0

Effect[6] type=0
Effect[6] trig=0
Effect[6] dat0=0
Effect[6] dat1=0
Effect[6] dat2=0

Effect[7] type=0
Effect[7] trig=0
Effect[7] dat0=0
Effect[7] dat1=0
Effect[7] dat2=0

sizeof itemdesc=71
wrote output file


Reading file:[DES00611.TXT]
Type=2
Sub=255
Numstackable=1
DestroyOn=0

Effect[0] type=5
Effect[0] trig=3
Effect[0] dat0=15
Effect[0] dat1=0
Effect[0] dat2=15

Effect[1] type=6
Effect[1] trig=4
Effect[1] dat0=15
Effect[1] dat1=0
Effect[1] dat2=15

Effect[2] type=0
Effect[2] trig=0
Effect[2] dat0=0
Effect[2] dat1=0
Effect[2] dat2=0

Effect[3] type=0
Effect[3] trig=0
Effect[3] dat0=0
Effect[3] dat1=0
Effect[3] dat2=0

Effect[4] type=0
Effect[4] trig=0
Effect[4] dat0=0
Effect[4] dat1=0
Effect[4] dat2=0

Effect[5] type=0
Effect[5] trig=0
Effect[5] dat0=0
Effect[5] dat1=0
Effect[5] dat2=0

Effect[6] type=0
Effect[6] trig=0
Effect[6] dat0=0
Effect[6] dat1=0
Effect[6] dat2=0

Effect[7] type=0
Effect[7] trig=0
Effect[7] dat0=0
Effect[7] dat1=0
Effect[7] dat2=0

sizeof itemdesc=71
wrote output file


Reading file:[DES00612.TXT]
Type=2
Sub=255
Numstackable=1
DestroyOn=0

Effect[0] type=5
Effect[0] trig=3
Effect[0] dat0=39
Effect[0] dat1=0
Effect[0] dat2=10000

Effect[1] type=6
Effect[1] trig=4
Effect[1] dat0=39
Effect[1] dat1=0
Effect[1] dat2=10000

Effect[2] type=0
Effect[2] trig=0
Effect[2] dat0=0
Effect[2] dat1=0
Effect[2] dat2=0

Effect[3] type=0
Effect[3] trig=0
Effect[3] dat0=0
Effect[3] dat1=0
Effect[3] dat2=0

Effect[4] type=0
Effect[4] trig=0
Effect[4] dat0=0
Effect[4] dat1=0
Effect[4] dat2=0

Effect[5] type=0
Effect[5] trig=0
Effect[5] dat0=0
Effect[5] dat1=0
Effect[5] dat2=0

Effect[6] type=0
Effect[6] trig=0
Effect[6] dat0=0
Effect[6] dat1=0
Effect[6] dat2=0

Effect[7] type=0
Effect[7] trig=0
Effect[7] dat0=0
Effect[7] dat1=0
Effect[7] dat2=0

sizeof itemdesc=71
wrote output file


Reading file:[DES00613.TXT]
Type=2
Sub=255
Numstackable=1
DestroyOn=0

Effect[0] type=5
Effect[0] trig=3
Effect[0] dat0=2
Effect[0] dat1=0
Effect[0] dat2=0

Effect[1] type=6
Effect[1] trig=4
Effect[1] dat0=2
Effect[1] dat1=0
Effect[1] dat2=0

Effect[2] type=0
Effect[2] trig=0
Effect[2] dat0=0
Effect[2] dat1=0
Effect[2] dat2=0

Effect[3] type=0
Effect[3] trig=0
Effect[3] dat0=0
Effect[3] dat1=0
Effect[3] dat2=0

Effect[4] type=0
Effect[4] trig=0
Effect[4] dat0=0
Effect[4] dat1=0
Effect[4] dat2=0

Effect[5] type=0
Effect[5] trig=0
Effect[5] dat0=0
Effect[5] dat1=0
Effect[5] dat2=0

Effect[6] type=0
Effect[6] trig=0
Effect[6] dat0=0
Effect[6] dat1=0
Effect[6] dat2=0

Effect[7] type=0
Effect[7] trig=0
Effect[7] dat0=0
Effect[7] dat1=0
Effect[7] dat2=0

sizeof itemdesc=71
wrote output file


Reading file:[DES00614.TXT]
Type=2
Sub=255
Numstackable=1
DestroyOn=0

Effect[0] type=5
Effect[0] trig=3
Effect[0] dat0=5
Effect[0] dat1=0
Effect[0] dat2=0

Effect[1] type=6
Effect[1] trig=4
Effect[1] dat0=5
Effect[1] dat1=0
Effect[1] dat2=0

Effect[2] type=0
Effect[2] trig=0
Effect[2] dat0=0
Effect[2] dat1=0
Effect[2] dat2=0

Effect[3] type=0
Effect[3] trig=0
Effect[3] dat0=0
Effect[3] dat1=0
Effect[3] dat2=0

Effect[4] type=0
Effect[4] trig=0
Effect[4] dat0=0
Effect[4] dat1=0
Effect[4] dat2=0

Effect[5] type=0
Effect[5] trig=0
Effect[5] dat0=0
Effect[5] dat1=0
Effect[5] dat2=0

Effect[6] type=0
Effect[6] trig=0
Effect[6] dat0=0
Effect[6] dat1=0
Effect[6] dat2=0

Effect[7] type=0
Effect[7] trig=0
Effect[7] dat0=0
Effect[7] dat1=0
Effect[7] dat2=0

sizeof itemdesc=71
wrote output file


Reading file:[DES00615.TXT]
Type=2
Sub=255
Numstackable=1
DestroyOn=0

Effect[0] type=5
Effect[0] trig=3
Effect[0] dat0=9
Effect[0] dat1=0
Effect[0] dat2=50

Effect[1] type=6
Effect[1] trig=4
Effect[1] dat0=9
Effect[1] dat1=0
Effect[1] dat2=50

Effect[2] type=0
Effect[2] trig=0
Effect[2] dat0=0
Effect[2] dat1=0
Effect[2] dat2=0

Effect[3] type=0
Effect[3] trig=0
Effect[3] dat0=0
Effect[3] dat1=0
Effect[3] dat2=0

Effect[4] type=0
Effect[4] trig=0
Effect[4] dat0=0
Effect[4] dat1=0
Effect[4] dat2=0

Effect[5] type=0
Effect[5] trig=0
Effect[5] dat0=0
Effect[5] dat1=0
Effect[5] dat2=0

Effect[6] type=0
Effect[6] trig=0
Effect[6] dat0=0
Effect[6] dat1=0
Effect[6] dat2=0

Effect[7] type=0
Effect[7] trig=0
Effect[7] dat0=0
Effect[7] dat1=0
Effect[7] dat2=0

sizeof itemdesc=71
wrote output file


Reading file:[DES00616.TXT]
Type=2
Sub=255
Numstackable=1
DestroyOn=0

Effect[0] type=5
Effect[0] trig=3
Effect[0] dat0=12
Effect[0] dat1=0
Effect[0] dat2=0

Effect[1] type=6
Effect[1] trig=4
Effect[1] dat0=12
Effect[1] dat1=0
Effect[1] dat2=0

Effect[2] type=0
Effect[2] trig=0
Effect[2] dat0=0
Effect[2] dat1=0
Effect[2] dat2=0

Effect[3] type=0
Effect[3] trig=0
Effect[3] dat0=0
Effect[3] dat1=0
Effect[3] dat2=0

Effect[4] type=0
Effect[4] trig=0
Effect[4] dat0=0
Effect[4] dat1=0
Effect[4] dat2=0

Effect[5] type=0
Effect[5] trig=0
Effect[5] dat0=0
Effect[5] dat1=0
Effect[5] dat2=0

Effect[6] type=0
Effect[6] trig=0
Effect[6] dat0=0
Effect[6] dat1=0
Effect[6] dat2=0

Effect[7] type=0
Effect[7] trig=0
Effect[7] dat0=0
Effect[7] dat1=0
Effect[7] dat2=0

sizeof itemdesc=71
wrote output file


Reading file:[DES00617.TXT]
Type=2
Sub=255
Numstackable=1
DestroyOn=0

Effect[0] type=5
Effect[0] trig=3
Effect[0] dat0=28
Effect[0] dat1=0
Effect[0] dat2=0

Effect[1] type=6
Effect[1] trig=4
Effect[1] dat0=28
Effect[1] dat1=0
Effect[1] dat2=0

Effect[2] type=0
Effect[2] trig=0
Effect[2] dat0=0
Effect[2] dat1=0
Effect[2] dat2=0

Effect[3] type=0
Effect[3] trig=0
Effect[3] dat0=0
Effect[3] dat1=0
Effect[3] dat2=0

Effect[4] type=0
Effect[4] trig=0
Effect[4] dat0=0
Effect[4] dat1=0
Effect[4] dat2=0

Effect[5] type=0
Effect[5] trig=0
Effect[5] dat0=0
Effect[5] dat1=0
Effect[5] dat2=0

Effect[6] type=0
Effect[6] trig=0
Effect[6] dat0=0
Effect[6] dat1=0
Effect[6] dat2=0

Effect[7] type=0
Effect[7] trig=0
Effect[7] dat0=0
Effect[7] dat1=0
Effect[7] dat2=0

sizeof itemdesc=71
wrote output file


Reading file:[DES00618.TXT]
Type=2
Sub=255
Numstackable=1
DestroyOn=0

Effect[0] type=5
Effect[0] trig=3
Effect[0] dat0=29
Effect[0] dat1=0
Effect[0] dat2=0

Effect[1] type=6
Effect[1] trig=4
Effect[1] dat0=29
Effect[1] dat1=0
Effect[1] dat2=0

Effect[2] type=0
Effect[2] trig=0
Effect[2] dat0=0
Effect[2] dat1=0
Effect[2] dat2=0

Effect[3] type=0
Effect[3] trig=0
Effect[3] dat0=0
Effect[3] dat1=0
Effect[3] dat2=0

Effect[4] type=0
Effect[4] trig=0
Effect[4] dat0=0
Effect[4] dat1=0
Effect[4] dat2=0

Effect[5] type=0
Effect[5] trig=0
Effect[5] dat0=0
Effect[5] dat1=0
Effect[5] dat2=0

Effect[6] type=0
Effect[6] trig=0
Effect[6] dat0=0
Effect[6] dat1=0
Effect[6] dat2=0

Effect[7] type=0
Effect[7] trig=0
Effect[7] dat0=0
Effect[7] dat1=0
Effect[7] dat2=0

sizeof itemdesc=71
wrote output file


Reading file:[DES00619.TXT]
Type=2
Sub=255
Numstackable=1
DestroyOn=0

Effect[0] type=5
Effect[0] trig=3
Effect[0] dat0=20
Effect[0] dat1=0
Effect[0] dat2=500

Effect[1] type=6
Effect[1] trig=4
Effect[1] dat0=20
Effect[1] dat1=0
Effect[1] dat2=500

Effect[2] type=0
Effect[2] trig=0
Effect[2] dat0=0
Effect[2] dat1=0
Effect[2] dat2=0

Effect[3] type=0
Effect[3] trig=0
Effect[3] dat0=0
Effect[3] dat1=0
Effect[3] dat2=0

Effect[4] type=0
Effect[4] trig=0
Effect[4] dat0=0
Effect[4] dat1=0
Effect[4] dat2=0

Effect[5] type=0
Effect[5] trig=0
Effect[5] dat0=0
Effect[5] dat1=0
Effect[5] dat2=0

Effect[6] type=0
Effect[6] trig=0
Effect[6] dat0=0
Effect[6] dat1=0
Effect[6] dat2=0

Effect[7] type=0
Effect[7] trig=0
Effect[7] dat0=0
Effect[7] dat1=0
Effect[7] dat2=0

sizeof itemdesc=71
wrote output file


Reading file:[DES00652.TXT]
Type=9
Sub=2
Numstackable=3
DestroyOn=0

Effect[0] type=0
Effect[0] trig=0
Effect[0] dat0=0
Effect[0] dat1=0
Effect[0] dat2=0

Effect[1] type=0
Effect[1] trig=0
Effect[1] dat0=0
Effect[1] dat1=0
Effect[1] dat2=0

Effect[2] type=0
Effect[2] trig=0
Effect[2] dat0=0
Effect[2] dat1=0
Effect[2] dat2=0

Effect[3] type=0
Effect[3] trig=0
Effect[3] dat0=0
Effect[3] dat1=0
Effect[3] dat2=0

Effect[4] type=0
Effect[4] trig=0
Effect[4] dat0=0
Effect[4] dat1=0
Effect[4] dat2=0

Effect[5] type=0
Effect[5] trig=0
Effect[5] dat0=0
Effect[5] dat1=0
Effect[5] dat2=0

Effect[6] type=0
Effect[6] trig=0
Effect[6] dat0=0
Effect[6] dat1=0
Effect[6] dat2=0

Effect[7] type=0
Effect[7] trig=0
Effect[7] dat0=0
Effect[7] dat1=0
Effect[7] dat2=0

sizeof itemdesc=71
wrote output file


Reading file:[DES00653.TXT]
Type=9
Sub=2
Numstackable=3
DestroyOn=0

Effect[0] type=0
Effect[0] trig=0
Effect[0] dat0=0
Effect[0] dat1=0
Effect[0] dat2=0

Effect[1] type=0
Effect[1] trig=0
Effect[1] dat0=0
Effect[1] dat1=0
Effect[1] dat2=0

Effect[2] type=0
Effect[2] trig=0
Effect[2] dat0=0
Effect[2] dat1=0
Effect[2] dat2=0

Effect[3] type=0
Effect[3] trig=0
Effect[3] dat0=0
Effect[3] dat1=0
Effect[3] dat2=0

Effect[4] type=0
Effect[4] trig=0
Effect[4] dat0=0
Effect[4] dat1=0
Effect[4] dat2=0

Effect[5] type=0
Effect[5] trig=0
Effect[5] dat0=0
Effect[5] dat1=0
Effect[5] dat2=0

Effect[6] type=0
Effect[6] trig=0
Effect[6] dat0=0
Effect[6] dat1=0
Effect[6] dat2=0

Effect[7] type=0
Effect[7] trig=0
Effect[7] dat0=0
Effect[7] dat1=0
Effect[7] dat2=0

sizeof itemdesc=71
wrote output file


Reading file:[DES00654.TXT]
Type=9
Sub=2
Numstackable=3
DestroyOn=0

Effect[0] type=0
Effect[0] trig=0
Effect[0] dat0=0
Effect[0] dat1=0
Effect[0] dat2=0

Effect[1] type=0
Effect[1] trig=0
Effect[1] dat0=0
Effect[1] dat1=0
Effect[1] dat2=0

Effect[2] type=0
Effect[2] trig=0
Effect[2] dat0=0
Effect[2] dat1=0
Effect[2] dat2=0

Effect[3] type=0
Effect[3] trig=0
Effect[3] dat0=0
Effect[3] dat1=0
Effect[3] dat2=0

Effect[4] type=0
Effect[4] trig=0
Effect[4] dat0=0
Effect[4] dat1=0
Effect[4] dat2=0

Effect[5] type=0
Effect[5] trig=0
Effect[5] dat0=0
Effect[5] dat1=0
Effect[5] dat2=0

Effect[6] type=0
Effect[6] trig=0
Effect[6] dat0=0
Effect[6] dat1=0
Effect[6] dat2=0

Effect[7] type=0
Effect[7] trig=0
Effect[7] dat0=0
Effect[7] dat1=0
Effect[7] dat2=0

sizeof itemdesc=71
wrote output file


Reading file:[DES00655.TXT]
Type=9
Sub=2
Numstackable=3
DestroyOn=0

Effect[0] type=0
Effect[0] trig=0
Effect[0] dat0=0
Effect[0] dat1=0
Effect[0] dat2=0

Effect[1] type=0
Effect[1] trig=0
Effect[1] dat0=0
Effect[1] dat1=0
Effect[1] dat2=0

Effect[2] type=0
Effect[2] trig=0
Effect[2] dat0=0
Effect[2] dat1=0
Effect[2] dat2=0

Effect[3] type=0
Effect[3] trig=0
Effect[3] dat0=0
Effect[3] dat1=0
Effect[3] dat2=0

Effect[4] type=0
Effect[4] trig=0
Effect[4] dat0=0
Effect[4] dat1=0
Effect[4] dat2=0

Effect[5] type=0
Effect[5] trig=0
Effect[5] dat0=0
Effect[5] dat1=0
Effect[5] dat2=0

Effect[6] type=0
Effect[6] trig=0
Effect[6] dat0=0
Effect[6] dat1=0
Effect[6] dat2=0

Effect[7] type=0
Effect[7] trig=0
Effect[7] dat0=0
Effect[7] dat1=0
Effect[7] dat2=0

sizeof itemdesc=71
wrote output file


Reading file:[DES00656.TXT]
Type=9
Sub=2
Numstackable=3
DestroyOn=0

Effect[0] type=0
Effect[0] trig=0
Effect[0] dat0=0
Effect[0] dat1=0
Effect[0] dat2=0

Effect[1] type=0
Effect[1] trig=0
Effect[1] dat0=0
Effect[1] dat1=0
Effect[1] dat2=0

Effect[2] type=0
Effect[2] trig=0
Effect[2] dat0=0
Effect[2] dat1=0
Effect[2] dat2=0

Effect[3] type=0
Effect[3] trig=0
Effect[3] dat0=0
Effect[3] dat1=0
Effect[3] dat2=0

Effect[4] type=0
Effect[4] trig=0
Effect[4] dat0=0
Effect[4] dat1=0
Effect[4] dat2=0

Effect[5] type=0
Effect[5] trig=0
Effect[5] dat0=0
Effect[5] dat1=0
Effect[5] dat2=0

Effect[6] type=0
Effect[6] trig=0
Effect[6] dat0=0
Effect[6] dat1=0
Effect[6] dat2=0

Effect[7] type=0
Effect[7] trig=0
Effect[7] dat0=0
Effect[7] dat1=0
Effect[7] dat2=0

sizeof itemdesc=71
wrote output file


Reading file:[DES00657.TXT]
Type=9
Sub=2
Numstackable=3
DestroyOn=0

Effect[0] type=0
Effect[0] trig=0
Effect[0] dat0=0
Effect[0] dat1=0
Effect[0] dat2=0

Effect[1] type=0
Effect[1] trig=0
Effect[1] dat0=0
Effect[1] dat1=0
Effect[1] dat2=0

Effect[2] type=0
Effect[2] trig=0
Effect[2] dat0=0
Effect[2] dat1=0
Effect[2] dat2=0

Effect[3] type=0
Effect[3] trig=0
Effect[3] dat0=0
Effect[3] dat1=0
Effect[3] dat2=0

Effect[4] type=0
Effect[4] trig=0
Effect[4] dat0=0
Effect[4] dat1=0
Effect[4] dat2=0

Effect[5] type=0
Effect[5] trig=0
Effect[5] dat0=0
Effect[5] dat1=0
Effect[5] dat2=0

Effect[6] type=0
Effect[6] trig=0
Effect[6] dat0=0
Effect[6] dat1=0
Effect[6] dat2=0

Effect[7] type=0
Effect[7] trig=0
Effect[7] dat0=0
Effect[7] dat1=0
Effect[7] dat2=0

sizeof itemdesc=71
wrote output file


Reading file:[DES00658.TXT]
Type=9
Sub=2
Numstackable=3
DestroyOn=0

Effect[0] type=0
Effect[0] trig=0
Effect[0] dat0=0
Effect[0] dat1=0
Effect[0] dat2=0

Effect[1] type=0
Effect[1] trig=0
Effect[1] dat0=0
Effect[1] dat1=0
Effect[1] dat2=0

Effect[2] type=0
Effect[2] trig=0
Effect[2] dat0=0
Effect[2] dat1=0
Effect[2] dat2=0

Effect[3] type=0
Effect[3] trig=0
Effect[3] dat0=0
Effect[3] dat1=0
Effect[3] dat2=0

Effect[4] type=0
Effect[4] trig=0
Effect[4] dat0=0
Effect[4] dat1=0
Effect[4] dat2=0

Effect[5] type=0
Effect[5] trig=0
Effect[5] dat0=0
Effect[5] dat1=0
Effect[5] dat2=0

Effect[6] type=0
Effect[6] trig=0
Effect[6] dat0=0
Effect[6] dat1=0
Effect[6] dat2=0

Effect[7] type=0
Effect[7] trig=0
Effect[7] dat0=0
Effect[7] dat1=0
Effect[7] dat2=0

sizeof itemdesc=71
wrote output file


Reading file:[DES00659.TXT]
Type=9
Sub=2
Numstackable=3
DestroyOn=0

Effect[0] type=0
Effect[0] trig=0
Effect[0] dat0=0
Effect[0] dat1=0
Effect[0] dat2=0

Effect[1] type=0
Effect[1] trig=0
Effect[1] dat0=0
Effect[1] dat1=0
Effect[1] dat2=0

Effect[2] type=0
Effect[2] trig=0
Effect[2] dat0=0
Effect[2] dat1=0
Effect[2] dat2=0

Effect[3] type=0
Effect[3] trig=0
Effect[3] dat0=0
Effect[3] dat1=0
Effect[3] dat2=0

Effect[4] type=0
Effect[4] trig=0
Effect[4] dat0=0
Effect[4] dat1=0
Effect[4] dat2=0

Effect[5] type=0
Effect[5] trig=0
Effect[5] dat0=0
Effect[5] dat1=0
Effect[5] dat2=0

Effect[6] type=0
Effect[6] trig=0
Effect[6] dat0=0
Effect[6] dat1=0
Effect[6] dat2=0

Effect[7] type=0
Effect[7] trig=0
Effect[7] dat0=0
Effect[7] dat1=0
Effect[7] dat2=0

sizeof itemdesc=71
wrote output file


Reading file:[DES00660.TXT]
Type=9
Sub=2
Numstackable=3
DestroyOn=0

Effect[0] type=0
Effect[0] trig=0
Effect[0] dat0=0
Effect[0] dat1=0
Effect[0] dat2=0

Effect[1] type=0
Effect[1] trig=0
Effect[1] dat0=0
Effect[1] dat1=0
Effect[1] dat2=0

Effect[2] type=0
Effect[2] trig=0
Effect[2] dat0=0
Effect[2] dat1=0
Effect[2] dat2=0

Effect[3] type=0
Effect[3] trig=0
Effect[3] dat0=0
Effect[3] dat1=0
Effect[3] dat2=0

Effect[4] type=0
Effect[4] trig=0
Effect[4] dat0=0
Effect[4] dat1=0
Effect[4] dat2=0

Effect[5] type=0
Effect[5] trig=0
Effect[5] dat0=0
Effect[5] dat1=0
Effect[5] dat2=0

Effect[6] type=0
Effect[6] trig=0
Effect[6] dat0=0
Effect[6] dat1=0
Effect[6] dat2=0

Effect[7] type=0
Effect[7] trig=0
Effect[7] dat0=0
Effect[7] dat1=0
Effect[7] dat2=0

sizeof itemdesc=71
wrote output file


Reading file:[DES00661.TXT]
Type=9
Sub=2
Numstackable=3
DestroyOn=0

Effect[0] type=0
Effect[0] trig=0
Effect[0] dat0=0
Effect[0] dat1=0
Effect[0] dat2=0

Effect[1] type=0
Effect[1] trig=0
Effect[1] dat0=0
Effect[1] dat1=0
Effect[1] dat2=0

Effect[2] type=0
Effect[2] trig=0
Effect[2] dat0=0
Effect[2] dat1=0
Effect[2] dat2=0

Effect[3] type=0
Effect[3] trig=0
Effect[3] dat0=0
Effect[3] dat1=0
Effect[3] dat2=0

Effect[4] type=0
Effect[4] trig=0
Effect[4] dat0=0
Effect[4] dat1=0
Effect[4] dat2=0

Effect[5] type=0
Effect[5] trig=0
Effect[5] dat0=0
Effect[5] dat1=0
Effect[5] dat2=0

Effect[6] type=0
Effect[6] trig=0
Effect[6] dat0=0
Effect[6] dat1=0
Effect[6] dat2=0

Effect[7] type=0
Effect[7] trig=0
Effect[7] dat0=0
Effect[7] dat1=0
Effect[7] dat2=0

sizeof itemdesc=71
wrote output file


Reading file:[DES00662.TXT]
Type=9
Sub=2
Numstackable=3
DestroyOn=0

Effect[0] type=0
Effect[0] trig=0
Effect[0] dat0=0
Effect[0] dat1=0
Effect[0] dat2=0

Effect[1] type=0
Effect[1] trig=0
Effect[1] dat0=0
Effect[1] dat1=0
Effect[1] dat2=0

Effect[2] type=0
Effect[2] trig=0
Effect[2] dat0=0
Effect[2] dat1=0
Effect[2] dat2=0

Effect[3] type=0
Effect[3] trig=0
Effect[3] dat0=0
Effect[3] dat1=0
Effect[3] dat2=0

Effect[4] type=0
Effect[4] trig=0
Effect[4] dat0=0
Effect[4] dat1=0
Effect[4] dat2=0

Effect[5] type=0
Effect[5] trig=0
Effect[5] dat0=0
Effect[5] dat1=0
Effect[5] dat2=0

Effect[6] type=0
Effect[6] trig=0
Effect[6] dat0=0
Effect[6] dat1=0
Effect[6] dat2=0

Effect[7] type=0
Effect[7] trig=0
Effect[7] dat0=0
Effect[7] dat1=0
Effect[7] dat2=0

sizeof itemdesc=71
wrote output file


Reading file:[DES00663.TXT]
Type=9
Sub=2
Numstackable=3
DestroyOn=0

Effect[0] type=0
Effect[0] trig=0
Effect[0] dat0=0
Effect[0] dat1=0
Effect[0] dat2=0

Effect[1] type=0
Effect[1] trig=0
Effect[1] dat0=0
Effect[1] dat1=0
Effect[1] dat2=0

Effect[2] type=0
Effect[2] trig=0
Effect[2] dat0=0
Effect[2] dat1=0
Effect[2] dat2=0

Effect[3] type=0
Effect[3] trig=0
Effect[3] dat0=0
Effect[3] dat1=0
Effect[3] dat2=0

Effect[4] type=0
Effect[4] trig=0
Effect[4] dat0=0
Effect[4] dat1=0
Effect[4] dat2=0

Effect[5] type=0
Effect[5] trig=0
Effect[5] dat0=0
Effect[5] dat1=0
Effect[5] dat2=0

Effect[6] type=0
Effect[6] trig=0
Effect[6] dat0=0
Effect[6] dat1=0
Effect[6] dat2=0

Effect[7] type=0
Effect[7] trig=0
Effect[7] dat0=0
Effect[7] dat1=0
Effect[7] dat2=0

sizeof itemdesc=71
wrote output file


Reading file:[DES00664.TXT]
Type=9
Sub=2
Numstackable=3
DestroyOn=0

Effect[0] type=0
Effect[0] trig=0
Effect[0] dat0=0
Effect[0] dat1=0
Effect[0] dat2=0

Effect[1] type=0
Effect[1] trig=0
Effect[1] dat0=0
Effect[1] dat1=0
Effect[1] dat2=0

Effect[2] type=0
Effect[2] trig=0
Effect[2] dat0=0
Effect[2] dat1=0
Effect[2] dat2=0

Effect[3] type=0
Effect[3] trig=0
Effect[3] dat0=0
Effect[3] dat1=0
Effect[3] dat2=0

Effect[4] type=0
Effect[4] trig=0
Effect[4] dat0=0
Effect[4] dat1=0
Effect[4] dat2=0

Effect[5] type=0
Effect[5] trig=0
Effect[5] dat0=0
Effect[5] dat1=0
Effect[5] dat2=0

Effect[6] type=0
Effect[6] trig=0
Effect[6] dat0=0
Effect[6] dat1=0
Effect[6] dat2=0

Effect[7] type=0
Effect[7] trig=0
Effect[7] dat0=0
Effect[7] dat1=0
Effect[7] dat2=0

sizeof itemdesc=71
wrote output file


Reading file:[DES00665.TXT]
Type=9
Sub=2
Numstackable=3
DestroyOn=0

Effect[0] type=0
Effect[0] trig=0
Effect[0] dat0=0
Effect[0] dat1=0
Effect[0] dat2=0

Effect[1] type=0
Effect[1] trig=0
Effect[1] dat0=0
Effect[1] dat1=0
Effect[1] dat2=0

Effect[2] type=0
Effect[2] trig=0
Effect[2] dat0=0
Effect[2] dat1=0
Effect[2] dat2=0

Effect[3] type=0
Effect[3] trig=0
Effect[3] dat0=0
Effect[3] dat1=0
Effect[3] dat2=0

Effect[4] type=0
Effect[4] trig=0
Effect[4] dat0=0
Effect[4] dat1=0
Effect[4] dat2=0

Effect[5] type=0
Effect[5] trig=0
Effect[5] dat0=0
Effect[5] dat1=0
Effect[5] dat2=0

Effect[6] type=0
Effect[6] trig=0
Effect[6] dat0=0
Effect[6] dat1=0
Effect[6] dat2=0

Effect[7] type=0
Effect[7] trig=0
Effect[7] dat0=0
Effect[7] dat1=0
Effect[7] dat2=0

sizeof itemdesc=71
wrote output file


Reading file:[DES00670.TXT]
Type=9
Sub=2
Numstackable=1
DestroyOn=0

Effect[0] type=0
Effect[0] trig=0
Effect[0] dat0=0
Effect[0] dat1=0
Effect[0] dat2=0

Effect[1] type=0
Effect[1] trig=0
Effect[1] dat0=0
Effect[1] dat1=0
Effect[1] dat2=0

Effect[2] type=0
Effect[2] trig=0
Effect[2] dat0=0
Effect[2] dat1=0
Effect[2] dat2=0

Effect[3] type=0
Effect[3] trig=0
Effect[3] dat0=0
Effect[3] dat1=0
Effect[3] dat2=0

Effect[4] type=0
Effect[4] trig=0
Effect[4] dat0=0
Effect[4] dat1=0
Effect[4] dat2=0

Effect[5] type=0
Effect[5] trig=0
Effect[5] dat0=0
Effect[5] dat1=0
Effect[5] dat2=0

Effect[6] type=0
Effect[6] trig=0
Effect[6] dat0=0
Effect[6] dat1=0
Effect[6] dat2=0

Effect[7] type=0
Effect[7] trig=0
Effect[7] dat0=0
Effect[7] dat1=0
Effect[7] dat2=0

sizeof itemdesc=71
wrote output file


Reading file:[DES00671.TXT]
Type=9
Sub=2
Numstackable=3
DestroyOn=0

Effect[0] type=0
Effect[0] trig=0
Effect[0] dat0=0
Effect[0] dat1=0
Effect[0] dat2=0

Effect[1] type=0
Effect[1] trig=0
Effect[1] dat0=0
Effect[1] dat1=0
Effect[1] dat2=0

Effect[2] type=0
Effect[2] trig=0
Effect[2] dat0=0
Effect[2] dat1=0
Effect[2] dat2=0

Effect[3] type=0
Effect[3] trig=0
Effect[3] dat0=0
Effect[3] dat1=0
Effect[3] dat2=0

Effect[4] type=0
Effect[4] trig=0
Effect[4] dat0=0
Effect[4] dat1=0
Effect[4] dat2=0

Effect[5] type=0
Effect[5] trig=0
Effect[5] dat0=0
Effect[5] dat1=0
Effect[5] dat2=0

Effect[6] type=0
Effect[6] trig=0
Effect[6] dat0=0
Effect[6] dat1=0
Effect[6] dat2=0

Effect[7] type=0
Effect[7] trig=0
Effect[7] dat0=0
Effect[7] dat1=0
Effect[7] dat2=0

sizeof itemdesc=71
wrote output file


Reading file:[DES00678.TXT]
Type=6
Sub=255
Numstackable=3
DestroyOn=2

Effect[0] type=0
Effect[0] trig=0
Effect[0] dat0=0
Effect[0] dat1=0
Effect[0] dat2=0

Effect[1] type=0
Effect[1] trig=0
Effect[1] dat0=0
Effect[1] dat1=0
Effect[1] dat2=0

Effect[2] type=0
Effect[2] trig=0
Effect[2] dat0=0
Effect[2] dat1=0
Effect[2] dat2=0

Effect[3] type=0
Effect[3] trig=0
Effect[3] dat0=0
Effect[3] dat1=0
Effect[3] dat2=0

Effect[4] type=0
Effect[4] trig=0
Effect[4] dat0=0
Effect[4] dat1=0
Effect[4] dat2=0

Effect[5] type=0
Effect[5] trig=0
Effect[5] dat0=0
Effect[5] dat1=0
Effect[5] dat2=0

Effect[6] type=0
Effect[6] trig=0
Effect[6] dat0=0
Effect[6] dat1=0
Effect[6] dat2=0

Effect[7] type=0
Effect[7] trig=0
Effect[7] dat0=0
Effect[7] dat1=0
Effect[7] dat2=0

sizeof itemdesc=71
wrote output file


Reading file:[DES00700.TXT]
Type=1
Sub=7
Numstackable=1
DestroyOn=0

Effect[0] type=2
Effect[0] trig=3
Effect[0] dat0=0
Effect[0] dat1=0
Effect[0] dat2=0

Effect[1] type=2
Effect[1] trig=4
Effect[1] dat0=0
Effect[1] dat1=0
Effect[1] dat2=0

Effect[2] type=0
Effect[2] trig=0
Effect[2] dat0=0
Effect[2] dat1=0
Effect[2] dat2=0

Effect[3] type=0
Effect[3] trig=0
Effect[3] dat0=0
Effect[3] dat1=0
Effect[3] dat2=0

Effect[4] type=0
Effect[4] trig=0
Effect[4] dat0=0
Effect[4] dat1=0
Effect[4] dat2=0

Effect[5] type=0
Effect[5] trig=0
Effect[5] dat0=0
Effect[5] dat1=0
Effect[5] dat2=0

Effect[6] type=0
Effect[6] trig=0
Effect[6] dat0=0
Effect[6] dat1=0
Effect[6] dat2=0

Effect[7] type=0
Effect[7] trig=0
Effect[7] dat0=0
Effect[7] dat1=0
Effect[7] dat2=0

sizeof itemdesc=71
wrote output file


Reading file:[DES00701.TXT]
Type=1
Sub=10
Numstackable=1
DestroyOn=0

Effect[0] type=2
Effect[0] trig=3
Effect[0] dat0=6
Effect[0] dat1=0
Effect[0] dat2=0

Effect[1] type=2
Effect[1] trig=4
Effect[1] dat0=0
Effect[1] dat1=0
Effect[1] dat2=0

Effect[2] type=0
Effect[2] trig=0
Effect[2] dat0=0
Effect[2] dat1=0
Effect[2] dat2=0

Effect[3] type=0
Effect[3] trig=0
Effect[3] dat0=0
Effect[3] dat1=0
Effect[3] dat2=0

Effect[4] type=0
Effect[4] trig=0
Effect[4] dat0=0
Effect[4] dat1=0
Effect[4] dat2=0

Effect[5] type=0
Effect[5] trig=0
Effect[5] dat0=0
Effect[5] dat1=0
Effect[5] dat2=0

Effect[6] type=0
Effect[6] trig=0
Effect[6] dat0=0
Effect[6] dat1=0
Effect[6] dat2=0

Effect[7] type=0
Effect[7] trig=0
Effect[7] dat0=0
Effect[7] dat1=0
Effect[7] dat2=0

sizeof itemdesc=71
wrote output file


Reading file:[DES00702.TXT]
Type=1
Sub=1
Numstackable=1
DestroyOn=0

Effect[0] type=2
Effect[0] trig=3
Effect[0] dat0=6
Effect[0] dat1=0
Effect[0] dat2=0

Effect[1] type=2
Effect[1] trig=4
Effect[1] dat0=0
Effect[1] dat1=0
Effect[1] dat2=0

Effect[2] type=0
Effect[2] trig=0
Effect[2] dat0=0
Effect[2] dat1=0
Effect[2] dat2=0

Effect[3] type=0
Effect[3] trig=0
Effect[3] dat0=0
Effect[3] dat1=0
Effect[3] dat2=0

Effect[4] type=0
Effect[4] trig=0
Effect[4] dat0=0
Effect[4] dat1=0
Effect[4] dat2=0

Effect[5] type=0
Effect[5] trig=0
Effect[5] dat0=0
Effect[5] dat1=0
Effect[5] dat2=0

Effect[6] type=0
Effect[6] trig=0
Effect[6] dat0=0
Effect[6] dat1=0
Effect[6] dat2=0

Effect[7] type=0
Effect[7] trig=0
Effect[7] dat0=0
Effect[7] dat1=0
Effect[7] dat2=0

sizeof itemdesc=71
wrote output file


Reading file:[DES00703.TXT]
Type=1
Sub=4
Numstackable=1
DestroyOn=0

Effect[0] type=2
Effect[0] trig=3
Effect[0] dat0=6
Effect[0] dat1=0
Effect[0] dat2=0

Effect[1] type=2
Effect[1] trig=4
Effect[1] dat0=0
Effect[1] dat1=0
Effect[1] dat2=0

Effect[2] type=0
Effect[2] trig=0
Effect[2] dat0=0
Effect[2] dat1=0
Effect[2] dat2=0

Effect[3] type=0
Effect[3] trig=0
Effect[3] dat0=0
Effect[3] dat1=0
Effect[3] dat2=0

Effect[4] type=0
Effect[4] trig=0
Effect[4] dat0=0
Effect[4] dat1=0
Effect[4] dat2=0

Effect[5] type=0
Effect[5] trig=0
Effect[5] dat0=0
Effect[5] dat1=0
Effect[5] dat2=0

Effect[6] type=0
Effect[6] trig=0
Effect[6] dat0=0
Effect[6] dat1=0
Effect[6] dat2=0

Effect[7] type=0
Effect[7] trig=0
Effect[7] dat0=0
Effect[7] dat1=0
Effect[7] dat2=0

sizeof itemdesc=71
wrote output file


Reading file:[DES00704.TXT]
Type=1
Sub=8
Numstackable=1
DestroyOn=0

Effect[0] type=2
Effect[0] trig=3
Effect[0] dat0=12
Effect[0] dat1=0
Effect[0] dat2=0

Effect[1] type=2
Effect[1] trig=4
Effect[1] dat0=0
Effect[1] dat1=0
Effect[1] dat2=0

Effect[2] type=0
Effect[2] trig=0
Effect[2] dat0=0
Effect[2] dat1=0
Effect[2] dat2=0

Effect[3] type=0
Effect[3] trig=0
Effect[3] dat0=0
Effect[3] dat1=0
Effect[3] dat2=0

Effect[4] type=0
Effect[4] trig=0
Effect[4] dat0=0
Effect[4] dat1=0
Effect[4] dat2=0

Effect[5] type=0
Effect[5] trig=0
Effect[5] dat0=0
Effect[5] dat1=0
Effect[5] dat2=0

Effect[6] type=0
Effect[6] trig=0
Effect[6] dat0=0
Effect[6] dat1=0
Effect[6] dat2=0

Effect[7] type=0
Effect[7] trig=0
Effect[7] dat0=0
Effect[7] dat1=0
Effect[7] dat2=0

sizeof itemdesc=71
wrote output file


Reading file:[DES00705.TXT]
Type=1
Sub=11
Numstackable=1
DestroyOn=0

Effect[0] type=2
Effect[0] trig=3
Effect[0] dat0=12
Effect[0] dat1=0
Effect[0] dat2=0

Effect[1] type=2
Effect[1] trig=4
Effect[1] dat0=0
Effect[1] dat1=0
Effect[1] dat2=0

Effect[2] type=0
Effect[2] trig=0
Effect[2] dat0=0
Effect[2] dat1=0
Effect[2] dat2=0

Effect[3] type=0
Effect[3] trig=0
Effect[3] dat0=0
Effect[3] dat1=0
Effect[3] dat2=0

Effect[4] type=0
Effect[4] trig=0
Effect[4] dat0=0
Effect[4] dat1=0
Effect[4] dat2=0

Effect[5] type=0
Effect[5] trig=0
Effect[5] dat0=0
Effect[5] dat1=0
Effect[5] dat2=0

Effect[6] type=0
Effect[6] trig=0
Effect[6] dat0=0
Effect[6] dat1=0
Effect[6] dat2=0

Effect[7] type=0
Effect[7] trig=0
Effect[7] dat0=0
Effect[7] dat1=0
Effect[7] dat2=0

sizeof itemdesc=71
wrote output file


Reading file:[DES00706.TXT]
Type=1
Sub=2
Numstackable=1
DestroyOn=0

Effect[0] type=2
Effect[0] trig=3
Effect[0] dat0=12
Effect[0] dat1=0
Effect[0] dat2=0

Effect[1] type=2
Effect[1] trig=4
Effect[1] dat0=0
Effect[1] dat1=0
Effect[1] dat2=0

Effect[2] type=0
Effect[2] trig=0
Effect[2] dat0=0
Effect[2] dat1=0
Effect[2] dat2=0

Effect[3] type=0
Effect[3] trig=0
Effect[3] dat0=0
Effect[3] dat1=0
Effect[3] dat2=0

Effect[4] type=0
Effect[4] trig=0
Effect[4] dat0=0
Effect[4] dat1=0
Effect[4] dat2=0

Effect[5] type=0
Effect[5] trig=0
Effect[5] dat0=0
Effect[5] dat1=0
Effect[5] dat2=0

Effect[6] type=0
Effect[6] trig=0
Effect[6] dat0=0
Effect[6] dat1=0
Effect[6] dat2=0

Effect[7] type=0
Effect[7] trig=0
Effect[7] dat0=0
Effect[7] dat1=0
Effect[7] dat2=0

sizeof itemdesc=71
wrote output file


Reading file:[DES00707.TXT]
Type=1
Sub=5
Numstackable=1
DestroyOn=0

Effect[0] type=2
Effect[0] trig=3
Effect[0] dat0=12
Effect[0] dat1=0
Effect[0] dat2=0

Effect[1] type=2
Effect[1] trig=4
Effect[1] dat0=0
Effect[1] dat1=0
Effect[1] dat2=0

Effect[2] type=0
Effect[2] trig=0
Effect[2] dat0=0
Effect[2] dat1=0
Effect[2] dat2=0

Effect[3] type=0
Effect[3] trig=0
Effect[3] dat0=0
Effect[3] dat1=0
Effect[3] dat2=0

Effect[4] type=0
Effect[4] trig=0
Effect[4] dat0=0
Effect[4] dat1=0
Effect[4] dat2=0

Effect[5] type=0
Effect[5] trig=0
Effect[5] dat0=0
Effect[5] dat1=0
Effect[5] dat2=0

Effect[6] type=0
Effect[6] trig=0
Effect[6] dat0=0
Effect[6] dat1=0
Effect[6] dat2=0

Effect[7] type=0
Effect[7] trig=0
Effect[7] dat0=0
Effect[7] dat1=0
Effect[7] dat2=0

sizeof itemdesc=71
wrote output file


Reading file:[DES00708.TXT]
Type=1
Sub=9
Numstackable=1
DestroyOn=0

Effect[0] type=2
Effect[0] trig=3
Effect[0] dat0=20
Effect[0] dat1=0
Effect[0] dat2=0

Effect[1] type=2
Effect[1] trig=4
Effect[1] dat0=0
Effect[1] dat1=0
Effect[1] dat2=0

Effect[2] type=0
Effect[2] trig=0
Effect[2] dat0=0
Effect[2] dat1=0
Effect[2] dat2=0

Effect[3] type=0
Effect[3] trig=0
Effect[3] dat0=0
Effect[3] dat1=0
Effect[3] dat2=0

Effect[4] type=0
Effect[4] trig=0
Effect[4] dat0=0
Effect[4] dat1=0
Effect[4] dat2=0

Effect[5] type=0
Effect[5] trig=0
Effect[5] dat0=0
Effect[5] dat1=0
Effect[5] dat2=0

Effect[6] type=0
Effect[6] trig=0
Effect[6] dat0=0
Effect[6] dat1=0
Effect[6] dat2=0

Effect[7] type=0
Effect[7] trig=0
Effect[7] dat0=0
Effect[7] dat1=0
Effect[7] dat2=0

sizeof itemdesc=71
wrote output file


Reading file:[DES00709.TXT]
Type=1
Sub=12
Numstackable=1
DestroyOn=0

Effect[0] type=2
Effect[0] trig=3
Effect[0] dat0=20
Effect[0] dat1=0
Effect[0] dat2=0

Effect[1] type=2
Effect[1] trig=4
Effect[1] dat0=0
Effect[1] dat1=0
Effect[1] dat2=0

Effect[2] type=0
Effect[2] trig=0
Effect[2] dat0=0
Effect[2] dat1=0
Effect[2] dat2=0

Effect[3] type=0
Effect[3] trig=0
Effect[3] dat0=0
Effect[3] dat1=0
Effect[3] dat2=0

Effect[4] type=0
Effect[4] trig=0
Effect[4] dat0=0
Effect[4] dat1=0
Effect[4] dat2=0

Effect[5] type=0
Effect[5] trig=0
Effect[5] dat0=0
Effect[5] dat1=0
Effect[5] dat2=0

Effect[6] type=0
Effect[6] trig=0
Effect[6] dat0=0
Effect[6] dat1=0
Effect[6] dat2=0

Effect[7] type=0
Effect[7] trig=0
Effect[7] dat0=0
Effect[7] dat1=0
Effect[7] dat2=0

sizeof itemdesc=71
wrote output file


Reading file:[DES00710.TXT]
Type=1
Sub=3
Numstackable=1
DestroyOn=0

Effect[0] type=2
Effect[0] trig=3
Effect[0] dat0=20
Effect[0] dat1=0
Effect[0] dat2=0

Effect[1] type=2
Effect[1] trig=4
Effect[1] dat0=0
Effect[1] dat1=0
Effect[1] dat2=0

Effect[2] type=0
Effect[2] trig=0
Effect[2] dat0=0
Effect[2] dat1=0
Effect[2] dat2=0

Effect[3] type=0
Effect[3] trig=0
Effect[3] dat0=0
Effect[3] dat1=0
Effect[3] dat2=0

Effect[4] type=0
Effect[4] trig=0
Effect[4] dat0=0
Effect[4] dat1=0
Effect[4] dat2=0

Effect[5] type=0
Effect[5] trig=0
Effect[5] dat0=0
Effect[5] dat1=0
Effect[5] dat2=0

Effect[6] type=0
Effect[6] trig=0
Effect[6] dat0=0
Effect[6] dat1=0
Effect[6] dat2=0

Effect[7] type=0
Effect[7] trig=0
Effect[7] dat0=0
Effect[7] dat1=0
Effect[7] dat2=0

sizeof itemdesc=71
wrote output file


Reading file:[DES00711.TXT]
Type=1
Sub=6
Numstackable=1
DestroyOn=0

Effect[0] type=2
Effect[0] trig=3
Effect[0] dat0=20
Effect[0] dat1=0
Effect[0] dat2=0

Effect[1] type=2
Effect[1] trig=4
Effect[1] dat0=0
Effect[1] dat1=0
Effect[1] dat2=0

Effect[2] type=0
Effect[2] trig=0
Effect[2] dat0=0
Effect[2] dat1=0
Effect[2] dat2=0

Effect[3] type=0
Effect[3] trig=0
Effect[3] dat0=0
Effect[3] dat1=0
Effect[3] dat2=0

Effect[4] type=0
Effect[4] trig=0
Effect[4] dat0=0
Effect[4] dat1=0
Effect[4] dat2=0

Effect[5] type=0
Effect[5] trig=0
Effect[5] dat0=0
Effect[5] dat1=0
Effect[5] dat2=0

Effect[6] type=0
Effect[6] trig=0
Effect[6] dat0=0
Effect[6] dat1=0
Effect[6] dat2=0

Effect[7] type=0
Effect[7] trig=0
Effect[7] dat0=0
Effect[7] dat1=0
Effect[7] dat2=0

sizeof itemdesc=71
wrote output file


Reading file:[DES00712.TXT]
Type=1
Sub=13
Numstackable=1
DestroyOn=0

Effect[0] type=2
Effect[0] trig=3
Effect[0] dat0=10
Effect[0] dat1=0
Effect[0] dat2=0

Effect[1] type=2
Effect[1] trig=4
Effect[1] dat0=0
Effect[1] dat1=0
Effect[1] dat2=0

Effect[2] type=0
Effect[2] trig=0
Effect[2] dat0=0
Effect[2] dat1=0
Effect[2] dat2=0

Effect[3] type=0
Effect[3] trig=0
Effect[3] dat0=0
Effect[3] dat1=0
Effect[3] dat2=0

Effect[4] type=0
Effect[4] trig=0
Effect[4] dat0=0
Effect[4] dat1=0
Effect[4] dat2=0

Effect[5] type=0
Effect[5] trig=0
Effect[5] dat0=0
Effect[5] dat1=0
Effect[5] dat2=0

Effect[6] type=0
Effect[6] trig=0
Effect[6] dat0=0
Effect[6] dat1=0
Effect[6] dat2=0

Effect[7] type=0
Effect[7] trig=0
Effect[7] dat0=0
Effect[7] dat1=0
Effect[7] dat2=0

sizeof itemdesc=71
wrote output file


Reading file:[DES00800.TXT]
Type=4
Sub=255
Numstackable=3
DestroyOn=2

Effect[0] type=23
Effect[0] trig=2
Effect[0] dat0=800
Effect[0] dat1=0
Effect[0] dat2=0

Effect[1] type=9
Effect[1] trig=2
Effect[1] dat0=0
Effect[1] dat1=0
Effect[1] dat2=1000

Effect[2] type=0
Effect[2] trig=0
Effect[2] dat0=0
Effect[2] dat1=0
Effect[2] dat2=0

Effect[3] type=0
Effect[3] trig=0
Effect[3] dat0=0
Effect[3] dat1=0
Effect[3] dat2=0

Effect[4] type=0
Effect[4] trig=0
Effect[4] dat0=0
Effect[4] dat1=0
Effect[4] dat2=0

Effect[5] type=0
Effect[5] trig=0
Effect[5] dat0=0
Effect[5] dat1=0
Effect[5] dat2=0

Effect[6] type=0
Effect[6] trig=0
Effect[6] dat0=0
Effect[6] dat1=0
Effect[6] dat2=0

Effect[7] type=0
Effect[7] trig=0
Effect[7] dat0=0
Effect[7] dat1=0
Effect[7] dat2=0

sizeof itemdesc=71
wrote output file


Reading file:[DES00801.TXT]
Type=4
Sub=255
Numstackable=3
DestroyOn=2

Effect[0] type=23
Effect[0] trig=2
Effect[0] dat0=801
Effect[0] dat1=0
Effect[0] dat2=0

Effect[1] type=9
Effect[1] trig=2
Effect[1] dat0=0
Effect[1] dat1=0
Effect[1] dat2=2500

Effect[2] type=0
Effect[2] trig=0
Effect[2] dat0=0
Effect[2] dat1=0
Effect[2] dat2=0

Effect[3] type=0
Effect[3] trig=0
Effect[3] dat0=0
Effect[3] dat1=0
Effect[3] dat2=0

Effect[4] type=0
Effect[4] trig=0
Effect[4] dat0=0
Effect[4] dat1=0
Effect[4] dat2=0

Effect[5] type=0
Effect[5] trig=0
Effect[5] dat0=0
Effect[5] dat1=0
Effect[5] dat2=0

Effect[6] type=0
Effect[6] trig=0
Effect[6] dat0=0
Effect[6] dat1=0
Effect[6] dat2=0

Effect[7] type=0
Effect[7] trig=0
Effect[7] dat0=0
Effect[7] dat1=0
Effect[7] dat2=0

sizeof itemdesc=71
wrote output file


Reading file:[DES00802.TXT]
Type=4
Sub=255
Numstackable=3
DestroyOn=2

Effect[0] type=23
Effect[0] trig=2
Effect[0] dat0=802
Effect[0] dat1=0
Effect[0] dat2=0

Effect[1] type=9
Effect[1] trig=2
Effect[1] dat0=0
Effect[1] dat1=0
Effect[1] dat2=5000

Effect[2] type=0
Effect[2] trig=0
Effect[2] dat0=0
Effect[2] dat1=0
Effect[2] dat2=0

Effect[3] type=0
Effect[3] trig=0
Effect[3] dat0=0
Effect[3] dat1=0
Effect[3] dat2=0

Effect[4] type=0
Effect[4] trig=0
Effect[4] dat0=0
Effect[4] dat1=0
Effect[4] dat2=0

Effect[5] type=0
Effect[5] trig=0
Effect[5] dat0=0
Effect[5] dat1=0
Effect[5] dat2=0

Effect[6] type=0
Effect[6] trig=0
Effect[6] dat0=0
Effect[6] dat1=0
Effect[6] dat2=0

Effect[7] type=0
Effect[7] trig=0
Effect[7] dat0=0
Effect[7] dat1=0
Effect[7] dat2=0

sizeof itemdesc=71
wrote output file


Reading file:[DES00803.TXT]
Type=4
Sub=255
Numstackable=3
DestroyOn=2

Effect[0] type=23
Effect[0] trig=2
Effect[0] dat0=803
Effect[0] dat1=0
Effect[0] dat2=0

Effect[1] type=5
Effect[1] trig=2
Effect[1] dat0=19
Effect[1] dat1=3000
Effect[1] dat2=300

Effect[2] type=8
Effect[2] trig=2
Effect[2] dat0=0
Effect[2] dat1=0
Effect[2] dat2=-200

Effect[3] type=7
Effect[3] trig=2
Effect[3] dat0=0
Effect[3] dat1=0
Effect[3] dat2=-200

Effect[4] type=0
Effect[4] trig=0
Effect[4] dat0=0
Effect[4] dat1=0
Effect[4] dat2=0

Effect[5] type=0
Effect[5] trig=0
Effect[5] dat0=0
Effect[5] dat1=0
Effect[5] dat2=0

Effect[6] type=0
Effect[6] trig=0
Effect[6] dat0=0
Effect[6] dat1=0
Effect[6] dat2=0

Effect[7] type=0
Effect[7] trig=0
Effect[7] dat0=0
Effect[7] dat1=0
Effect[7] dat2=0

sizeof itemdesc=71
wrote output file


Reading file:[DES00804.TXT]
Type=4
Sub=255
Numstackable=3
DestroyOn=2

Effect[0] type=23
Effect[0] trig=2
Effect[0] dat0=804
Effect[0] dat1=0
Effect[0] dat2=0

Effect[1] type=5
Effect[1] trig=2
Effect[1] dat0=19
Effect[1] dat1=4000
Effect[1] dat2=600

Effect[2] type=8
Effect[2] trig=2
Effect[2] dat0=0
Effect[2] dat1=0
Effect[2] dat2=-200

Effect[3] type=7
Effect[3] trig=2
Effect[3] dat0=0
Effect[3] dat1=0
Effect[3] dat2=-200

Effect[4] type=0
Effect[4] trig=0
Effect[4] dat0=0
Effect[4] dat1=0
Effect[4] dat2=0

Effect[5] type=0
Effect[5] trig=0
Effect[5] dat0=0
Effect[5] dat1=0
Effect[5] dat2=0

Effect[6] type=0
Effect[6] trig=0
Effect[6] dat0=0
Effect[6] dat1=0
Effect[6] dat2=0

Effect[7] type=0
Effect[7] trig=0
Effect[7] dat0=0
Effect[7] dat1=0
Effect[7] dat2=0

sizeof itemdesc=71
wrote output file


Reading file:[DES00805.TXT]
Type=4
Sub=255
Numstackable=3
DestroyOn=2

Effect[0] type=23
Effect[0] trig=2
Effect[0] dat0=805
Effect[0] dat1=0
Effect[0] dat2=0

Effect[1] type=5
Effect[1] trig=2
Effect[1] dat0=2
Effect[1] dat1=4000
Effect[1] dat2=0

Effect[2] type=0
Effect[2] trig=0
Effect[2] dat0=0
Effect[2] dat1=0
Effect[2] dat2=0

Effect[3] type=0
Effect[3] trig=0
Effect[3] dat0=0
Effect[3] dat1=0
Effect[3] dat2=0

Effect[4] type=0
Effect[4] trig=0
Effect[4] dat0=0
Effect[4] dat1=0
Effect[4] dat2=0

Effect[5] type=0
Effect[5] trig=0
Effect[5] dat0=0
Effect[5] dat1=0
Effect[5] dat2=0

Effect[6] type=0
Effect[6] trig=0
Effect[6] dat0=0
Effect[6] dat1=0
Effect[6] dat2=0

Effect[7] type=0
Effect[7] trig=0
Effect[7] dat0=0
Effect[7] dat1=0
Effect[7] dat2=0

sizeof itemdesc=71
wrote output file


Reading file:[DES00806.TXT]
Type=4
Sub=255
Numstackable=3
DestroyOn=2

Effect[0] type=23
Effect[0] trig=2
Effect[0] dat0=806
Effect[0] dat1=0
Effect[0] dat2=0

Effect[1] type=12
Effect[1] trig=2
Effect[1] dat0=0
Effect[1] dat1=0
Effect[1] dat2=0

Effect[2] type=8
Effect[2] trig=2
Effect[2] dat0=0
Effect[2] dat1=0
Effect[2] dat2=-200

Effect[3] type=0
Effect[3] trig=0
Effect[3] dat0=0
Effect[3] dat1=0
Effect[3] dat2=0

Effect[4] type=0
Effect[4] trig=0
Effect[4] dat0=0
Effect[4] dat1=0
Effect[4] dat2=0

Effect[5] type=0
Effect[5] trig=0
Effect[5] dat0=0
Effect[5] dat1=0
Effect[5] dat2=0

Effect[6] type=0
Effect[6] trig=0
Effect[6] dat0=0
Effect[6] dat1=0
Effect[6] dat2=0

Effect[7] type=0
Effect[7] trig=0
Effect[7] dat0=0
Effect[7] dat1=0
Effect[7] dat2=0

sizeof itemdesc=71
wrote output file


Reading file:[DES00807.TXT]
Type=4
Sub=255
Numstackable=3
DestroyOn=2

Effect[0] type=23
Effect[0] trig=2
Effect[0] dat0=807
Effect[0] dat1=0
Effect[0] dat2=0

Effect[1] type=13
Effect[1] trig=2
Effect[1] dat0=0
Effect[1] dat1=0
Effect[1] dat2=0

Effect[2] type=8
Effect[2] trig=2
Effect[2] dat0=0
Effect[2] dat1=0
Effect[2] dat2=-200

Effect[3] type=0
Effect[3] trig=0
Effect[3] dat0=0
Effect[3] dat1=0
Effect[3] dat2=0

Effect[4] type=0
Effect[4] trig=0
Effect[4] dat0=0
Effect[4] dat1=0
Effect[4] dat2=0

Effect[5] type=0
Effect[5] trig=0
Effect[5] dat0=0
Effect[5] dat1=0
Effect[5] dat2=0

Effect[6] type=0
Effect[6] trig=0
Effect[6] dat0=0
Effect[6] dat1=0
Effect[6] dat2=0

Effect[7] type=0
Effect[7] trig=0
Effect[7] dat0=0
Effect[7] dat1=0
Effect[7] dat2=0

sizeof itemdesc=71
wrote output file


Reading file:[DES00808.TXT]
Type=4
Sub=255
Numstackable=3
DestroyOn=2

Effect[0] type=23
Effect[0] trig=2
Effect[0] dat0=808
Effect[0] dat1=0
Effect[0] dat2=0

Effect[1] type=5
Effect[1] trig=2
Effect[1] dat0=9
Effect[1] dat1=10000
Effect[1] dat2=10

Effect[2] type=0
Effect[2] trig=0
Effect[2] dat0=0
Effect[2] dat1=0
Effect[2] dat2=0

Effect[3] type=0
Effect[3] trig=0
Effect[3] dat0=0
Effect[3] dat1=0
Effect[3] dat2=0

Effect[4] type=0
Effect[4] trig=0
Effect[4] dat0=0
Effect[4] dat1=0
Effect[4] dat2=0

Effect[5] type=0
Effect[5] trig=0
Effect[5] dat0=0
Effect[5] dat1=0
Effect[5] dat2=0

Effect[6] type=0
Effect[6] trig=0
Effect[6] dat0=0
Effect[6] dat1=0
Effect[6] dat2=0

Effect[7] type=0
Effect[7] trig=0
Effect[7] dat0=0
Effect[7] dat1=0
Effect[7] dat2=0

sizeof itemdesc=71
wrote output file


Reading file:[DES00809.TXT]
Type=4
Sub=255
Numstackable=3
DestroyOn=2

Effect[0] type=23
Effect[0] trig=2
Effect[0] dat0=809
Effect[0] dat1=0
Effect[0] dat2=0

Effect[1] type=5
Effect[1] trig=2
Effect[1] dat0=9
Effect[1] dat1=10000
Effect[1] dat2=15

Effect[2] type=0
Effect[2] trig=0
Effect[2] dat0=0
Effect[2] dat1=0
Effect[2] dat2=0

Effect[3] type=0
Effect[3] trig=0
Effect[3] dat0=0
Effect[3] dat1=0
Effect[3] dat2=0

Effect[4] type=0
Effect[4] trig=0
Effect[4] dat0=0
Effect[4] dat1=0
Effect[4] dat2=0

Effect[5] type=0
Effect[5] trig=0
Effect[5] dat0=0
Effect[5] dat1=0
Effect[5] dat2=0

Effect[6] type=0
Effect[6] trig=0
Effect[6] dat0=0
Effect[6] dat1=0
Effect[6] dat2=0

Effect[7] type=0
Effect[7] trig=0
Effect[7] dat0=0
Effect[7] dat1=0
Effect[7] dat2=0

sizeof itemdesc=71
wrote output file


Reading file:[DES00810.TXT]
Type=4
Sub=255
Numstackable=3
DestroyOn=2

Effect[0] type=23
Effect[0] trig=2
Effect[0] dat0=810
Effect[0] dat1=0
Effect[0] dat2=0

Effect[1] type=5
Effect[1] trig=2
Effect[1] dat0=9
Effect[1] dat1=10000
Effect[1] dat2=20

Effect[2] type=0
Effect[2] trig=0
Effect[2] dat0=0
Effect[2] dat1=0
Effect[2] dat2=0

Effect[3] type=0
Effect[3] trig=0
Effect[3] dat0=0
Effect[3] dat1=0
Effect[3] dat2=0

Effect[4] type=0
Effect[4] trig=0
Effect[4] dat0=0
Effect[4] dat1=0
Effect[4] dat2=0

Effect[5] type=0
Effect[5] trig=0
Effect[5] dat0=0
Effect[5] dat1=0
Effect[5] dat2=0

Effect[6] type=0
Effect[6] trig=0
Effect[6] dat0=0
Effect[6] dat1=0
Effect[6] dat2=0

Effect[7] type=0
Effect[7] trig=0
Effect[7] dat0=0
Effect[7] dat1=0
Effect[7] dat2=0

sizeof itemdesc=71
wrote output file


Reading file:[DES00811.TXT]
Type=4
Sub=255
Numstackable=3
DestroyOn=2

Effect[0] type=23
Effect[0] trig=2
Effect[0] dat0=811
Effect[0] dat1=0
Effect[0] dat2=0

Effect[1] type=5
Effect[1] trig=2
Effect[1] dat0=9
Effect[1] dat1=10000
Effect[1] dat2=25

Effect[2] type=0
Effect[2] trig=0
Effect[2] dat0=0
Effect[2] dat1=0
Effect[2] dat2=0

Effect[3] type=0
Effect[3] trig=0
Effect[3] dat0=0
Effect[3] dat1=0
Effect[3] dat2=0

Effect[4] type=0
Effect[4] trig=0
Effect[4] dat0=0
Effect[4] dat1=0
Effect[4] dat2=0

Effect[5] type=0
Effect[5] trig=0
Effect[5] dat0=0
Effect[5] dat1=0
Effect[5] dat2=0

Effect[6] type=0
Effect[6] trig=0
Effect[6] dat0=0
Effect[6] dat1=0
Effect[6] dat2=0

Effect[7] type=0
Effect[7] trig=0
Effect[7] dat0=0
Effect[7] dat1=0
Effect[7] dat2=0

sizeof itemdesc=71
wrote output file


Reading file:[DES00812.TXT]
Type=4
Sub=255
Numstackable=3
DestroyOn=2

Effect[0] type=23
Effect[0] trig=2
Effect[0] dat0=812
Effect[0] dat1=0
Effect[0] dat2=0

Effect[1] type=5
Effect[1] trig=2
Effect[1] dat0=4
Effect[1] dat1=5000
Effect[1] dat2=0

Effect[2] type=8
Effect[2] trig=2
Effect[2] dat0=0
Effect[2] dat1=0
Effect[2] dat2=200

Effect[3] type=0
Effect[3] trig=0
Effect[3] dat0=0
Effect[3] dat1=0
Effect[3] dat2=0

Effect[4] type=0
Effect[4] trig=0
Effect[4] dat0=0
Effect[4] dat1=0
Effect[4] dat2=0

Effect[5] type=0
Effect[5] trig=0
Effect[5] dat0=0
Effect[5] dat1=0
Effect[5] dat2=0

Effect[6] type=0
Effect[6] trig=0
Effect[6] dat0=0
Effect[6] dat1=0
Effect[6] dat2=0

Effect[7] type=0
Effect[7] trig=0
Effect[7] dat0=0
Effect[7] dat1=0
Effect[7] dat2=0

sizeof itemdesc=71
wrote output file


Reading file:[DES00813.TXT]
Type=4
Sub=255
Numstackable=3
DestroyOn=2

Effect[0] type=23
Effect[0] trig=2
Effect[0] dat0=813
Effect[0] dat1=0
Effect[0] dat2=0

Effect[1] type=5
Effect[1] trig=2
Effect[1] dat0=3
Effect[1] dat1=5000
Effect[1] dat2=0

Effect[2] type=8
Effect[2] trig=2
Effect[2] dat0=0
Effect[2] dat1=0
Effect[2] dat2=-400

Effect[3] type=0
Effect[3] trig=0
Effect[3] dat0=0
Effect[3] dat1=0
Effect[3] dat2=0

Effect[4] type=0
Effect[4] trig=0
Effect[4] dat0=0
Effect[4] dat1=0
Effect[4] dat2=0

Effect[5] type=0
Effect[5] trig=0
Effect[5] dat0=0
Effect[5] dat1=0
Effect[5] dat2=0

Effect[6] type=0
Effect[6] trig=0
Effect[6] dat0=0
Effect[6] dat1=0
Effect[6] dat2=0

Effect[7] type=0
Effect[7] trig=0
Effect[7] dat0=0
Effect[7] dat1=0
Effect[7] dat2=0

sizeof itemdesc=71
wrote output file


Reading file:[DES00814.TXT]
Type=4
Sub=255
Numstackable=3
DestroyOn=2

Effect[0] type=23
Effect[0] trig=2
Effect[0] dat0=814
Effect[0] dat1=0
Effect[0] dat2=0

Effect[1] type=5
Effect[1] trig=2
Effect[1] dat0=15
Effect[1] dat1=5000
Effect[1] dat2=15

Effect[2] type=0
Effect[2] trig=0
Effect[2] dat0=0
Effect[2] dat1=0
Effect[2] dat2=0

Effect[3] type=0
Effect[3] trig=0
Effect[3] dat0=0
Effect[3] dat1=0
Effect[3] dat2=0

Effect[4] type=0
Effect[4] trig=0
Effect[4] dat0=0
Effect[4] dat1=0
Effect[4] dat2=0

Effect[5] type=0
Effect[5] trig=0
Effect[5] dat0=0
Effect[5] dat1=0
Effect[5] dat2=0

Effect[6] type=0
Effect[6] trig=0
Effect[6] dat0=0
Effect[6] dat1=0
Effect[6] dat2=0

Effect[7] type=0
Effect[7] trig=0
Effect[7] dat0=0
Effect[7] dat1=0
Effect[7] dat2=0

sizeof itemdesc=71
wrote output file


Reading file:[DES00815.TXT]
Type=4
Sub=255
Numstackable=3
DestroyOn=2

Effect[0] type=23
Effect[0] trig=2
Effect[0] dat0=815
Effect[0] dat1=0
Effect[0] dat2=0

Effect[1] type=5
Effect[1] trig=2
Effect[1] dat0=23
Effect[1] dat1=5000
Effect[1] dat2=0

Effect[2] type=0
Effect[2] trig=0
Effect[2] dat0=0
Effect[2] dat1=0
Effect[2] dat2=0

Effect[3] type=0
Effect[3] trig=0
Effect[3] dat0=0
Effect[3] dat1=0
Effect[3] dat2=0

Effect[4] type=0
Effect[4] trig=0
Effect[4] dat0=0
Effect[4] dat1=0
Effect[4] dat2=0

Effect[5] type=0
Effect[5] trig=0
Effect[5] dat0=0
Effect[5] dat1=0
Effect[5] dat2=0

Effect[6] type=0
Effect[6] trig=0
Effect[6] dat0=0
Effect[6] dat1=0
Effect[6] dat2=0

Effect[7] type=0
Effect[7] trig=0
Effect[7] dat0=0
Effect[7] dat1=0
Effect[7] dat2=0

sizeof itemdesc=71
wrote output file


Reading file:[DES00816.TXT]
Type=4
Sub=255
Numstackable=3
DestroyOn=2

Effect[0] type=23
Effect[0] trig=2
Effect[0] dat0=816
Effect[0] dat1=0
Effect[0] dat2=0

Effect[1] type=5
Effect[1] trig=2
Effect[1] dat0=22
Effect[1] dat1=5000
Effect[1] dat2=0

Effect[2] type=0
Effect[2] trig=0
Effect[2] dat0=0
Effect[2] dat1=0
Effect[2] dat2=0

Effect[3] type=0
Effect[3] trig=0
Effect[3] dat0=0
Effect[3] dat1=0
Effect[3] dat2=0

Effect[4] type=0
Effect[4] trig=0
Effect[4] dat0=0
Effect[4] dat1=0
Effect[4] dat2=0

Effect[5] type=0
Effect[5] trig=0
Effect[5] dat0=0
Effect[5] dat1=0
Effect[5] dat2=0

Effect[6] type=0
Effect[6] trig=0
Effect[6] dat0=0
Effect[6] dat1=0
Effect[6] dat2=0

Effect[7] type=0
Effect[7] trig=0
Effect[7] dat0=0
Effect[7] dat1=0
Effect[7] dat2=0

sizeof itemdesc=71
wrote output file


Reading file:[DES00817.TXT]
Type=4
Sub=255
Numstackable=3
DestroyOn=2

Effect[0] type=23
Effect[0] trig=2
Effect[0] dat0=817
Effect[0] dat1=0
Effect[0] dat2=0

Effect[1] type=5
Effect[1] trig=2
Effect[1] dat0=5
Effect[1] dat1=5000
Effect[1] dat2=0

Effect[2] type=0
Effect[2] trig=0
Effect[2] dat0=0
Effect[2] dat1=0
Effect[2] dat2=0

Effect[3] type=0
Effect[3] trig=0
Effect[3] dat0=0
Effect[3] dat1=0
Effect[3] dat2=0

Effect[4] type=0
Effect[4] trig=0
Effect[4] dat0=0
Effect[4] dat1=0
Effect[4] dat2=0

Effect[5] type=0
Effect[5] trig=0
Effect[5] dat0=0
Effect[5] dat1=0
Effect[5] dat2=0

Effect[6] type=0
Effect[6] trig=0
Effect[6] dat0=0
Effect[6] dat1=0
Effect[6] dat2=0

Effect[7] type=0
Effect[7] trig=0
Effect[7] dat0=0
Effect[7] dat1=0
Effect[7] dat2=0

sizeof itemdesc=71
wrote output file


Reading file:[DES00818.TXT]
Type=4
Sub=255
Numstackable=3
DestroyOn=2

Effect[0] type=23
Effect[0] trig=2
Effect[0] dat0=818
Effect[0] dat1=0
Effect[0] dat2=0

Effect[1] type=5
Effect[1] trig=2
Effect[1] dat0=13
Effect[1] dat1=5000
Effect[1] dat2=10

Effect[2] type=0
Effect[2] trig=0
Effect[2] dat0=0
Effect[2] dat1=0
Effect[2] dat2=0

Effect[3] type=0
Effect[3] trig=0
Effect[3] dat0=0
Effect[3] dat1=0
Effect[3] dat2=0

Effect[4] type=0
Effect[4] trig=0
Effect[4] dat0=0
Effect[4] dat1=0
Effect[4] dat2=0

Effect[5] type=0
Effect[5] trig=0
Effect[5] dat0=0
Effect[5] dat1=0
Effect[5] dat2=0

Effect[6] type=0
Effect[6] trig=0
Effect[6] dat0=0
Effect[6] dat1=0
Effect[6] dat2=0

Effect[7] type=0
Effect[7] trig=0
Effect[7] dat0=0
Effect[7] dat1=0
Effect[7] dat2=0

sizeof itemdesc=71
wrote output file


Reading file:[DES00819.TXT]
Type=4
Sub=255
Numstackable=3
DestroyOn=2

Effect[0] type=23
Effect[0] trig=2
Effect[0] dat0=819
Effect[0] dat1=0
Effect[0] dat2=0

Effect[1] type=5
Effect[1] trig=2
Effect[1] dat0=13
Effect[1] dat1=5000
Effect[1] dat2=15

Effect[2] type=0
Effect[2] trig=0
Effect[2] dat0=0
Effect[2] dat1=0
Effect[2] dat2=0

Effect[3] type=0
Effect[3] trig=0
Effect[3] dat0=0
Effect[3] dat1=0
Effect[3] dat2=0

Effect[4] type=0
Effect[4] trig=0
Effect[4] dat0=0
Effect[4] dat1=0
Effect[4] dat2=0

Effect[5] type=0
Effect[5] trig=0
Effect[5] dat0=0
Effect[5] dat1=0
Effect[5] dat2=0

Effect[6] type=0
Effect[6] trig=0
Effect[6] dat0=0
Effect[6] dat1=0
Effect[6] dat2=0

Effect[7] type=0
Effect[7] trig=0
Effect[7] dat0=0
Effect[7] dat1=0
Effect[7] dat2=0

sizeof itemdesc=71
wrote output file


Reading file:[DES00820.TXT]
Type=4
Sub=255
Numstackable=3
DestroyOn=2

Effect[0] type=23
Effect[0] trig=2
Effect[0] dat0=820
Effect[0] dat1=0
Effect[0] dat2=0

Effect[1] type=5
Effect[1] trig=2
Effect[1] dat0=13
Effect[1] dat1=5000
Effect[1] dat2=20

Effect[2] type=0
Effect[2] trig=0
Effect[2] dat0=0
Effect[2] dat1=0
Effect[2] dat2=0

Effect[3] type=0
Effect[3] trig=0
Effect[3] dat0=0
Effect[3] dat1=0
Effect[3] dat2=0

Effect[4] type=0
Effect[4] trig=0
Effect[4] dat0=0
Effect[4] dat1=0
Effect[4] dat2=0

Effect[5] type=0
Effect[5] trig=0
Effect[5] dat0=0
Effect[5] dat1=0
Effect[5] dat2=0

Effect[6] type=0
Effect[6] trig=0
Effect[6] dat0=0
Effect[6] dat1=0
Effect[6] dat2=0

Effect[7] type=0
Effect[7] trig=0
Effect[7] dat0=0
Effect[7] dat1=0
Effect[7] dat2=0

sizeof itemdesc=71
wrote output file


Reading file:[DES00821.TXT]
Type=4
Sub=255
Numstackable=3
DestroyOn=2

Effect[0] type=23
Effect[0] trig=2
Effect[0] dat0=821
Effect[0] dat1=0
Effect[0] dat2=0

Effect[1] type=7
Effect[1] trig=2
Effect[1] dat0=0
Effect[1] dat1=0
Effect[1] dat2=2000

Effect[2] type=25
Effect[2] trig=2
Effect[2] dat0=6012
Effect[2] dat1=255
Effect[2] dat2=0

Effect[3] type=0
Effect[3] trig=0
Effect[3] dat0=0
Effect[3] dat1=0
Effect[3] dat2=0

Effect[4] type=0
Effect[4] trig=0
Effect[4] dat0=0
Effect[4] dat1=0
Effect[4] dat2=0

Effect[5] type=0
Effect[5] trig=0
Effect[5] dat0=0
Effect[5] dat1=0
Effect[5] dat2=0

Effect[6] type=0
Effect[6] trig=0
Effect[6] dat0=0
Effect[6] dat1=0
Effect[6] dat2=0

Effect[7] type=0
Effect[7] trig=0
Effect[7] dat0=0
Effect[7] dat1=0
Effect[7] dat2=0

sizeof itemdesc=71
wrote output file


Reading file:[DES00822.TXT]
Type=4
Sub=255
Numstackable=3
DestroyOn=2

Effect[0] type=23
Effect[0] trig=2
Effect[0] dat0=822
Effect[0] dat1=0
Effect[0] dat2=0

Effect[1] type=8
Effect[1] trig=2
Effect[1] dat0=0
Effect[1] dat1=0
Effect[1] dat2=2000

Effect[2] type=0
Effect[2] trig=0
Effect[2] dat0=0
Effect[2] dat1=0
Effect[2] dat2=0

Effect[3] type=0
Effect[3] trig=0
Effect[3] dat0=0
Effect[3] dat1=0
Effect[3] dat2=0

Effect[4] type=0
Effect[4] trig=0
Effect[4] dat0=0
Effect[4] dat1=0
Effect[4] dat2=0

Effect[5] type=0
Effect[5] trig=0
Effect[5] dat0=0
Effect[5] dat1=0
Effect[5] dat2=0

Effect[6] type=0
Effect[6] trig=0
Effect[6] dat0=0
Effect[6] dat1=0
Effect[6] dat2=0

Effect[7] type=0
Effect[7] trig=0
Effect[7] dat0=0
Effect[7] dat1=0
Effect[7] dat2=0

sizeof itemdesc=71
wrote output file


Reading file:[DES00823.TXT]
Type=4
Sub=255
Numstackable=3
DestroyOn=2

Effect[0] type=23
Effect[0] trig=2
Effect[0] dat0=823
Effect[0] dat1=0
Effect[0] dat2=0

Effect[1] type=5
Effect[1] trig=2
Effect[1] dat0=24
Effect[1] dat1=5000
Effect[1] dat2=70

Effect[2] type=0
Effect[2] trig=0
Effect[2] dat0=0
Effect[2] dat1=0
Effect[2] dat2=0

Effect[3] type=0
Effect[3] trig=0
Effect[3] dat0=0
Effect[3] dat1=0
Effect[3] dat2=0

Effect[4] type=0
Effect[4] trig=0
Effect[4] dat0=0
Effect[4] dat1=0
Effect[4] dat2=0

Effect[5] type=0
Effect[5] trig=0
Effect[5] dat0=0
Effect[5] dat1=0
Effect[5] dat2=0

Effect[6] type=0
Effect[6] trig=0
Effect[6] dat0=0
Effect[6] dat1=0
Effect[6] dat2=0

Effect[7] type=0
Effect[7] trig=0
Effect[7] dat0=0
Effect[7] dat1=0
Effect[7] dat2=0

sizeof itemdesc=71
wrote output file


Reading file:[DES00824.TXT]
Type=4
Sub=255
Numstackable=3
DestroyOn=2

Effect[0] type=23
Effect[0] trig=2
Effect[0] dat0=824
Effect[0] dat1=0
Effect[0] dat2=0

Effect[1] type=5
Effect[1] trig=2
Effect[1] dat0=7
Effect[1] dat1=5000
Effect[1] dat2=0

Effect[2] type=0
Effect[2] trig=0
Effect[2] dat0=0
Effect[2] dat1=0
Effect[2] dat2=0

Effect[3] type=0
Effect[3] trig=0
Effect[3] dat0=0
Effect[3] dat1=0
Effect[3] dat2=0

Effect[4] type=0
Effect[4] trig=0
Effect[4] dat0=0
Effect[4] dat1=0
Effect[4] dat2=0

Effect[5] type=0
Effect[5] trig=0
Effect[5] dat0=0
Effect[5] dat1=0
Effect[5] dat2=0

Effect[6] type=0
Effect[6] trig=0
Effect[6] dat0=0
Effect[6] dat1=0
Effect[6] dat2=0

Effect[7] type=0
Effect[7] trig=0
Effect[7] dat0=0
Effect[7] dat1=0
Effect[7] dat2=0

sizeof itemdesc=71
wrote output file


Reading file:[DES00825.TXT]
Type=4
Sub=255
Numstackable=3
DestroyOn=2

Effect[0] type=23
Effect[0] trig=2
Effect[0] dat0=825
Effect[0] dat1=0
Effect[0] dat2=0

Effect[1] type=41
Effect[1] trig=2
Effect[1] dat0=0
Effect[1] dat1=0
Effect[1] dat2=1000

Effect[2] type=0
Effect[2] trig=0
Effect[2] dat0=0
Effect[2] dat1=0
Effect[2] dat2=0

Effect[3] type=0
Effect[3] trig=0
Effect[3] dat0=0
Effect[3] dat1=0
Effect[3] dat2=0

Effect[4] type=0
Effect[4] trig=0
Effect[4] dat0=0
Effect[4] dat1=0
Effect[4] dat2=0

Effect[5] type=0
Effect[5] trig=0
Effect[5] dat0=0
Effect[5] dat1=0
Effect[5] dat2=0

Effect[6] type=0
Effect[6] trig=0
Effect[6] dat0=0
Effect[6] dat1=0
Effect[6] dat2=0

Effect[7] type=0
Effect[7] trig=0
Effect[7] dat0=0
Effect[7] dat1=0
Effect[7] dat2=0

sizeof itemdesc=71
wrote output file


Reading file:[DES00826.TXT]
Type=4
Sub=255
Numstackable=3
DestroyOn=2

Effect[0] type=23
Effect[0] trig=2
Effect[0] dat0=826
Effect[0] dat1=0
Effect[0] dat2=0

Effect[1] type=43
Effect[1] trig=2
Effect[1] dat0=0
Effect[1] dat1=0
Effect[1] dat2=1000

Effect[2] type=0
Effect[2] trig=0
Effect[2] dat0=0
Effect[2] dat1=0
Effect[2] dat2=0

Effect[3] type=0
Effect[3] trig=0
Effect[3] dat0=0
Effect[3] dat1=0
Effect[3] dat2=0

Effect[4] type=0
Effect[4] trig=0
Effect[4] dat0=0
Effect[4] dat1=0
Effect[4] dat2=0

Effect[5] type=0
Effect[5] trig=0
Effect[5] dat0=0
Effect[5] dat1=0
Effect[5] dat2=0

Effect[6] type=0
Effect[6] trig=0
Effect[6] dat0=0
Effect[6] dat1=0
Effect[6] dat2=0

Effect[7] type=0
Effect[7] trig=0
Effect[7] dat0=0
Effect[7] dat1=0
Effect[7] dat2=0

sizeof itemdesc=71
wrote output file


Reading file:[DES00827.TXT]
Type=4
Sub=255
Numstackable=3
DestroyOn=2

Effect[0] type=23
Effect[0] trig=2
Effect[0] dat0=827
Effect[0] dat1=0
Effect[0] dat2=0

Effect[1] type=38
Effect[1] trig=2
Effect[1] dat0=0
Effect[1] dat1=0
Effect[1] dat2=1000

Effect[2] type=0
Effect[2] trig=0
Effect[2] dat0=0
Effect[2] dat1=0
Effect[2] dat2=0

Effect[3] type=0
Effect[3] trig=0
Effect[3] dat0=0
Effect[3] dat1=0
Effect[3] dat2=0

Effect[4] type=0
Effect[4] trig=0
Effect[4] dat0=0
Effect[4] dat1=0
Effect[4] dat2=0

Effect[5] type=0
Effect[5] trig=0
Effect[5] dat0=0
Effect[5] dat1=0
Effect[5] dat2=0

Effect[6] type=0
Effect[6] trig=0
Effect[6] dat0=0
Effect[6] dat1=0
Effect[6] dat2=0

Effect[7] type=0
Effect[7] trig=0
Effect[7] dat0=0
Effect[7] dat1=0
Effect[7] dat2=0

sizeof itemdesc=71
wrote output file


Reading file:[DES00828.TXT]
Type=9
Sub=255
Numstackable=3
DestroyOn=0

Effect[0] type=0
Effect[0] trig=0
Effect[0] dat0=0
Effect[0] dat1=0
Effect[0] dat2=0

Effect[1] type=0
Effect[1] trig=0
Effect[1] dat0=0
Effect[1] dat1=0
Effect[1] dat2=0

Effect[2] type=0
Effect[2] trig=0
Effect[2] dat0=0
Effect[2] dat1=0
Effect[2] dat2=0

Effect[3] type=0
Effect[3] trig=0
Effect[3] dat0=0
Effect[3] dat1=0
Effect[3] dat2=0

Effect[4] type=0
Effect[4] trig=0
Effect[4] dat0=0
Effect[4] dat1=0
Effect[4] dat2=0

Effect[5] type=0
Effect[5] trig=0
Effect[5] dat0=0
Effect[5] dat1=0
Effect[5] dat2=0

Effect[6] type=0
Effect[6] trig=0
Effect[6] dat0=0
Effect[6] dat1=0
Effect[6] dat2=0

Effect[7] type=0
Effect[7] trig=0
Effect[7] dat0=0
Effect[7] dat1=0
Effect[7] dat2=0

sizeof itemdesc=71
wrote output file


Reading file:[DES00829.TXT]
Type=9
Sub=255
Numstackable=3
DestroyOn=0

Effect[0] type=0
Effect[0] trig=0
Effect[0] dat0=0
Effect[0] dat1=0
Effect[0] dat2=0

Effect[1] type=0
Effect[1] trig=0
Effect[1] dat0=0
Effect[1] dat1=0
Effect[1] dat2=0

Effect[2] type=0
Effect[2] trig=0
Effect[2] dat0=0
Effect[2] dat1=0
Effect[2] dat2=0

Effect[3] type=0
Effect[3] trig=0
Effect[3] dat0=0
Effect[3] dat1=0
Effect[3] dat2=0

Effect[4] type=0
Effect[4] trig=0
Effect[4] dat0=0
Effect[4] dat1=0
Effect[4] dat2=0

Effect[5] type=0
Effect[5] trig=0
Effect[5] dat0=0
Effect[5] dat1=0
Effect[5] dat2=0

Effect[6] type=0
Effect[6] trig=0
Effect[6] dat0=0
Effect[6] dat1=0
Effect[6] dat2=0

Effect[7] type=0
Effect[7] trig=0
Effect[7] dat0=0
Effect[7] dat1=0
Effect[7] dat2=0

sizeof itemdesc=71
wrote output file


Reading file:[DES00830.TXT]
Type=9
Sub=255
Numstackable=3
DestroyOn=0

Effect[0] type=0
Effect[0] trig=0
Effect[0] dat0=0
Effect[0] dat1=0
Effect[0] dat2=0

Effect[1] type=0
Effect[1] trig=0
Effect[1] dat0=0
Effect[1] dat1=0
Effect[1] dat2=0

Effect[2] type=0
Effect[2] trig=0
Effect[2] dat0=0
Effect[2] dat1=0
Effect[2] dat2=0

Effect[3] type=0
Effect[3] trig=0
Effect[3] dat0=0
Effect[3] dat1=0
Effect[3] dat2=0

Effect[4] type=0
Effect[4] trig=0
Effect[4] dat0=0
Effect[4] dat1=0
Effect[4] dat2=0

Effect[5] type=0
Effect[5] trig=0
Effect[5] dat0=0
Effect[5] dat1=0
Effect[5] dat2=0

Effect[6] type=0
Effect[6] trig=0
Effect[6] dat0=0
Effect[6] dat1=0
Effect[6] dat2=0

Effect[7] type=0
Effect[7] trig=0
Effect[7] dat0=0
Effect[7] dat1=0
Effect[7] dat2=0

sizeof itemdesc=71
wrote output file


Reading file:[DES00831.TXT]
Type=9
Sub=255
Numstackable=3
DestroyOn=0

Effect[0] type=0
Effect[0] trig=0
Effect[0] dat0=0
Effect[0] dat1=0
Effect[0] dat2=0

Effect[1] type=0
Effect[1] trig=0
Effect[1] dat0=0
Effect[1] dat1=0
Effect[1] dat2=0

Effect[2] type=0
Effect[2] trig=0
Effect[2] dat0=0
Effect[2] dat1=0
Effect[2] dat2=0

Effect[3] type=0
Effect[3] trig=0
Effect[3] dat0=0
Effect[3] dat1=0
Effect[3] dat2=0

Effect[4] type=0
Effect[4] trig=0
Effect[4] dat0=0
Effect[4] dat1=0
Effect[4] dat2=0

Effect[5] type=0
Effect[5] trig=0
Effect[5] dat0=0
Effect[5] dat1=0
Effect[5] dat2=0

Effect[6] type=0
Effect[6] trig=0
Effect[6] dat0=0
Effect[6] dat1=0
Effect[6] dat2=0

Effect[7] type=0
Effect[7] trig=0
Effect[7] dat0=0
Effect[7] dat1=0
Effect[7] dat2=0

sizeof itemdesc=71
wrote output file


Reading file:[DES00832.TXT]
Type=9
Sub=255
Numstackable=3
DestroyOn=0

Effect[0] type=0
Effect[0] trig=0
Effect[0] dat0=0
Effect[0] dat1=0
Effect[0] dat2=0

Effect[1] type=0
Effect[1] trig=0
Effect[1] dat0=0
Effect[1] dat1=0
Effect[1] dat2=0

Effect[2] type=0
Effect[2] trig=0
Effect[2] dat0=0
Effect[2] dat1=0
Effect[2] dat2=0

Effect[3] type=0
Effect[3] trig=0
Effect[3] dat0=0
Effect[3] dat1=0
Effect[3] dat2=0

Effect[4] type=0
Effect[4] trig=0
Effect[4] dat0=0
Effect[4] dat1=0
Effect[4] dat2=0

Effect[5] type=0
Effect[5] trig=0
Effect[5] dat0=0
Effect[5] dat1=0
Effect[5] dat2=0

Effect[6] type=0
Effect[6] trig=0
Effect[6] dat0=0
Effect[6] dat1=0
Effect[6] dat2=0

Effect[7] type=0
Effect[7] trig=0
Effect[7] dat0=0
Effect[7] dat1=0
Effect[7] dat2=0

sizeof itemdesc=71
wrote output file


Reading file:[DES00833.TXT]
Type=4
Sub=255
Numstackable=3
DestroyOn=2

Effect[0] type=23
Effect[0] trig=2
Effect[0] dat0=801
Effect[0] dat1=0
Effect[0] dat2=0

Effect[1] type=9
Effect[1] trig=2
Effect[1] dat0=0
Effect[1] dat1=0
Effect[1] dat2=1000

Effect[2] type=8
Effect[2] trig=2
Effect[2] dat0=0
Effect[2] dat1=0
Effect[2] dat2=100

Effect[3] type=0
Effect[3] trig=0
Effect[3] dat0=0
Effect[3] dat1=0
Effect[3] dat2=0

Effect[4] type=0
Effect[4] trig=0
Effect[4] dat0=0
Effect[4] dat1=0
Effect[4] dat2=0

Effect[5] type=0
Effect[5] trig=0
Effect[5] dat0=0
Effect[5] dat1=0
Effect[5] dat2=0

Effect[6] type=0
Effect[6] trig=0
Effect[6] dat0=0
Effect[6] dat1=0
Effect[6] dat2=0

Effect[7] type=0
Effect[7] trig=0
Effect[7] dat0=0
Effect[7] dat1=0
Effect[7] dat2=0

sizeof itemdesc=71
wrote output file


Reading file:[DES00900.TXT]
Type=5
Sub=255
Numstackable=3
DestroyOn=0

Effect[0] type=23
Effect[0] trig=3
Effect[0] dat0=900
Effect[0] dat1=0
Effect[0] dat2=0

Effect[1] type=50
Effect[1] trig=2
Effect[1] dat0=0
Effect[1] dat1=300
Effect[1] dat2=100

Effect[2] type=0
Effect[2] trig=0
Effect[2] dat0=0
Effect[2] dat1=0
Effect[2] dat2=0

Effect[3] type=0
Effect[3] trig=0
Effect[3] dat0=0
Effect[3] dat1=0
Effect[3] dat2=0

Effect[4] type=0
Effect[4] trig=0
Effect[4] dat0=0
Effect[4] dat1=0
Effect[4] dat2=0

Effect[5] type=0
Effect[5] trig=0
Effect[5] dat0=0
Effect[5] dat1=0
Effect[5] dat2=0

Effect[6] type=0
Effect[6] trig=0
Effect[6] dat0=0
Effect[6] dat1=0
Effect[6] dat2=0

Effect[7] type=0
Effect[7] trig=0
Effect[7] dat0=0
Effect[7] dat1=0
Effect[7] dat2=0

sizeof itemdesc=71
wrote output file


Reading file:[DES00901.TXT]
Type=5
Sub=255
Numstackable=3
DestroyOn=0

Effect[0] type=23
Effect[0] trig=3
Effect[0] dat0=901
Effect[0] dat1=0
Effect[0] dat2=0

Effect[1] type=50
Effect[1] trig=2
Effect[1] dat0=1
Effect[1] dat1=300
Effect[1] dat2=150

Effect[2] type=0
Effect[2] trig=0
Effect[2] dat0=0
Effect[2] dat1=0
Effect[2] dat2=0

Effect[3] type=0
Effect[3] trig=0
Effect[3] dat0=0
Effect[3] dat1=0
Effect[3] dat2=0

Effect[4] type=0
Effect[4] trig=0
Effect[4] dat0=0
Effect[4] dat1=0
Effect[4] dat2=0

Effect[5] type=0
Effect[5] trig=0
Effect[5] dat0=0
Effect[5] dat1=0
Effect[5] dat2=0

Effect[6] type=0
Effect[6] trig=0
Effect[6] dat0=0
Effect[6] dat1=0
Effect[6] dat2=0

Effect[7] type=0
Effect[7] trig=0
Effect[7] dat0=0
Effect[7] dat1=0
Effect[7] dat2=0

sizeof itemdesc=71
wrote output file


Reading file:[DES00902.TXT]
Type=5
Sub=255
Numstackable=3
DestroyOn=0

Effect[0] type=23
Effect[0] trig=3
Effect[0] dat0=902
Effect[0] dat1=0
Effect[0] dat2=0

Effect[1] type=50
Effect[1] trig=2
Effect[1] dat0=2
Effect[1] dat1=500
Effect[1] dat2=300

Effect[2] type=0
Effect[2] trig=0
Effect[2] dat0=0
Effect[2] dat1=0
Effect[2] dat2=0

Effect[3] type=0
Effect[3] trig=0
Effect[3] dat0=0
Effect[3] dat1=0
Effect[3] dat2=0

Effect[4] type=0
Effect[4] trig=0
Effect[4] dat0=0
Effect[4] dat1=0
Effect[4] dat2=0

Effect[5] type=0
Effect[5] trig=0
Effect[5] dat0=0
Effect[5] dat1=0
Effect[5] dat2=0

Effect[6] type=0
Effect[6] trig=0
Effect[6] dat0=0
Effect[6] dat1=0
Effect[6] dat2=0

Effect[7] type=0
Effect[7] trig=0
Effect[7] dat0=0
Effect[7] dat1=0
Effect[7] dat2=0

sizeof itemdesc=71
wrote output file


Reading file:[DES00903.TXT]
Type=5
Sub=255
Numstackable=3
DestroyOn=0

Effect[0] type=23
Effect[0] trig=3
Effect[0] dat0=903
Effect[0] dat1=0
Effect[0] dat2=0

Effect[1] type=50
Effect[1] trig=2
Effect[1] dat0=4
Effect[1] dat1=1000
Effect[1] dat2=800

Effect[2] type=0
Effect[2] trig=0
Effect[2] dat0=0
Effect[2] dat1=0
Effect[2] dat2=0

Effect[3] type=0
Effect[3] trig=0
Effect[3] dat0=0
Effect[3] dat1=0
Effect[3] dat2=0

Effect[4] type=0
Effect[4] trig=0
Effect[4] dat0=0
Effect[4] dat1=0
Effect[4] dat2=0

Effect[5] type=0
Effect[5] trig=0
Effect[5] dat0=0
Effect[5] dat1=0
Effect[5] dat2=0

Effect[6] type=0
Effect[6] trig=0
Effect[6] dat0=0
Effect[6] dat1=0
Effect[6] dat2=0

Effect[7] type=0
Effect[7] trig=0
Effect[7] dat0=0
Effect[7] dat1=0
Effect[7] dat2=0

sizeof itemdesc=71
wrote output file


Reading file:[DES00904.TXT]
Type=5
Sub=255
Numstackable=3
DestroyOn=0

Effect[0] type=23
Effect[0] trig=3
Effect[0] dat0=904
Effect[0] dat1=0
Effect[0] dat2=0

Effect[1] type=50
Effect[1] trig=2
Effect[1] dat0=5
Effect[1] dat1=800
Effect[1] dat2=800

Effect[2] type=0
Effect[2] trig=0
Effect[2] dat0=0
Effect[2] dat1=0
Effect[2] dat2=0

Effect[3] type=0
Effect[3] trig=0
Effect[3] dat0=0
Effect[3] dat1=0
Effect[3] dat2=0

Effect[4] type=0
Effect[4] trig=0
Effect[4] dat0=0
Effect[4] dat1=0
Effect[4] dat2=0

Effect[5] type=0
Effect[5] trig=0
Effect[5] dat0=0
Effect[5] dat1=0
Effect[5] dat2=0

Effect[6] type=0
Effect[6] trig=0
Effect[6] dat0=0
Effect[6] dat1=0
Effect[6] dat2=0

Effect[7] type=0
Effect[7] trig=0
Effect[7] dat0=0
Effect[7] dat1=0
Effect[7] dat2=0

sizeof itemdesc=71
wrote output file


Reading file:[DES00905.TXT]
Type=5
Sub=255
Numstackable=3
DestroyOn=0

Effect[0] type=23
Effect[0] trig=3
Effect[0] dat0=905
Effect[0] dat1=0
Effect[0] dat2=0

Effect[1] type=50
Effect[1] trig=2
Effect[1] dat0=6
Effect[1] dat1=1000
Effect[1] dat2=1500

Effect[2] type=0
Effect[2] trig=0
Effect[2] dat0=0
Effect[2] dat1=0
Effect[2] dat2=0

Effect[3] type=0
Effect[3] trig=0
Effect[3] dat0=0
Effect[3] dat1=0
Effect[3] dat2=0

Effect[4] type=0
Effect[4] trig=0
Effect[4] dat0=0
Effect[4] dat1=0
Effect[4] dat2=0

Effect[5] type=0
Effect[5] trig=0
Effect[5] dat0=0
Effect[5] dat1=0
Effect[5] dat2=0

Effect[6] type=0
Effect[6] trig=0
Effect[6] dat0=0
Effect[6] dat1=0
Effect[6] dat2=0

Effect[7] type=0
Effect[7] trig=0
Effect[7] dat0=0
Effect[7] dat1=0
Effect[7] dat2=0

sizeof itemdesc=71
wrote output file


Reading file:[DES00906.TXT]
Type=5
Sub=255
Numstackable=3
DestroyOn=0

Effect[0] type=23
Effect[0] trig=3
Effect[0] dat0=906
Effect[0] dat1=0
Effect[0] dat2=0

Effect[1] type=50
Effect[1] trig=2
Effect[1] dat0=7
Effect[1] dat1=500
Effect[1] dat2=300

Effect[2] type=0
Effect[2] trig=0
Effect[2] dat0=0
Effect[2] dat1=0
Effect[2] dat2=0

Effect[3] type=0
Effect[3] trig=0
Effect[3] dat0=0
Effect[3] dat1=0
Effect[3] dat2=0

Effect[4] type=0
Effect[4] trig=0
Effect[4] dat0=0
Effect[4] dat1=0
Effect[4] dat2=0

Effect[5] type=0
Effect[5] trig=0
Effect[5] dat0=0
Effect[5] dat1=0
Effect[5] dat2=0

Effect[6] type=0
Effect[6] trig=0
Effect[6] dat0=0
Effect[6] dat1=0
Effect[6] dat2=0

Effect[7] type=0
Effect[7] trig=0
Effect[7] dat0=0
Effect[7] dat1=0
Effect[7] dat2=0

sizeof itemdesc=71
wrote output file


Reading file:[DES00907.TXT]
Type=5
Sub=255
Numstackable=3
DestroyOn=0

Effect[0] type=23
Effect[0] trig=3
Effect[0] dat0=907
Effect[0] dat1=0
Effect[0] dat2=0

Effect[1] type=42
Effect[1] trig=3
Effect[1] dat0=0
Effect[1] dat1=0
Effect[1] dat2=200

Effect[2] type=50
Effect[2] trig=2
Effect[2] dat0=8
Effect[2] dat1=1500
Effect[2] dat2=1000

Effect[3] type=0
Effect[3] trig=0
Effect[3] dat0=0
Effect[3] dat1=0
Effect[3] dat2=0

Effect[4] type=0
Effect[4] trig=0
Effect[4] dat0=0
Effect[4] dat1=0
Effect[4] dat2=0

Effect[5] type=0
Effect[5] trig=0
Effect[5] dat0=0
Effect[5] dat1=0
Effect[5] dat2=0

Effect[6] type=0
Effect[6] trig=0
Effect[6] dat0=0
Effect[6] dat1=0
Effect[6] dat2=0

Effect[7] type=0
Effect[7] trig=0
Effect[7] dat0=0
Effect[7] dat1=0
Effect[7] dat2=0

sizeof itemdesc=71
wrote output file


Reading file:[DES00908.TXT]
Type=5
Sub=255
Numstackable=3
DestroyOn=0

Effect[0] type=23
Effect[0] trig=3
Effect[0] dat0=908
Effect[0] dat1=0
Effect[0] dat2=0

Effect[1] type=50
Effect[1] trig=2
Effect[1] dat0=12
Effect[1] dat1=500
Effect[1] dat2=800

Effect[2] type=0
Effect[2] trig=0
Effect[2] dat0=0
Effect[2] dat1=0
Effect[2] dat2=0

Effect[3] type=0
Effect[3] trig=0
Effect[3] dat0=0
Effect[3] dat1=0
Effect[3] dat2=0

Effect[4] type=0
Effect[4] trig=0
Effect[4] dat0=0
Effect[4] dat1=0
Effect[4] dat2=0

Effect[5] type=0
Effect[5] trig=0
Effect[5] dat0=0
Effect[5] dat1=0
Effect[5] dat2=0

Effect[6] type=0
Effect[6] trig=0
Effect[6] dat0=0
Effect[6] dat1=0
Effect[6] dat2=0

Effect[7] type=0
Effect[7] trig=0
Effect[7] dat0=0
Effect[7] dat1=0
Effect[7] dat2=0

sizeof itemdesc=71
wrote output file


Reading file:[DES00909.TXT]
Type=5
Sub=255
Numstackable=3
DestroyOn=0

Effect[0] type=23
Effect[0] trig=3
Effect[0] dat0=909
Effect[0] dat1=0
Effect[0] dat2=0

Effect[1] type=50
Effect[1] trig=2
Effect[1] dat0=11
Effect[1] dat1=500
Effect[1] dat2=500

Effect[2] type=0
Effect[2] trig=0
Effect[2] dat0=0
Effect[2] dat1=0
Effect[2] dat2=0

Effect[3] type=0
Effect[3] trig=0
Effect[3] dat0=0
Effect[3] dat1=0
Effect[3] dat2=0

Effect[4] type=0
Effect[4] trig=0
Effect[4] dat0=0
Effect[4] dat1=0
Effect[4] dat2=0

Effect[5] type=0
Effect[5] trig=0
Effect[5] dat0=0
Effect[5] dat1=0
Effect[5] dat2=0

Effect[6] type=0
Effect[6] trig=0
Effect[6] dat0=0
Effect[6] dat1=0
Effect[6] dat2=0

Effect[7] type=0
Effect[7] trig=0
Effect[7] dat0=0
Effect[7] dat1=0
Effect[7] dat2=0

sizeof itemdesc=71
wrote output file


Reading file:[DES00910.TXT]
Type=5
Sub=255
Numstackable=3
DestroyOn=0

Effect[0] type=23
Effect[0] trig=3
Effect[0] dat0=910
Effect[0] dat1=0
Effect[0] dat2=0

Effect[1] type=50
Effect[1] trig=2
Effect[1] dat0=11
Effect[1] dat1=1000
Effect[1] dat2=1000

Effect[2] type=0
Effect[2] trig=0
Effect[2] dat0=0
Effect[2] dat1=0
Effect[2] dat2=0

Effect[3] type=0
Effect[3] trig=0
Effect[3] dat0=0
Effect[3] dat1=0
Effect[3] dat2=0

Effect[4] type=0
Effect[4] trig=0
Effect[4] dat0=0
Effect[4] dat1=0
Effect[4] dat2=0

Effect[5] type=0
Effect[5] trig=0
Effect[5] dat0=0
Effect[5] dat1=0
Effect[5] dat2=0

Effect[6] type=0
Effect[6] trig=0
Effect[6] dat0=0
Effect[6] dat1=0
Effect[6] dat2=0

Effect[7] type=0
Effect[7] trig=0
Effect[7] dat0=0
Effect[7] dat1=0
Effect[7] dat2=0

sizeof itemdesc=71
wrote output file


Reading file:[DES00911.TXT]
Type=5
Sub=255
Numstackable=3
DestroyOn=0

Effect[0] type=23
Effect[0] trig=3
Effect[0] dat0=911
Effect[0] dat1=0
Effect[0] dat2=0

Effect[1] type=50
Effect[1] trig=2
Effect[1] dat0=15
Effect[1] dat1=500
Effect[1] dat2=300

Effect[2] type=0
Effect[2] trig=0
Effect[2] dat0=0
Effect[2] dat1=0
Effect[2] dat2=0

Effect[3] type=0
Effect[3] trig=0
Effect[3] dat0=0
Effect[3] dat1=0
Effect[3] dat2=0

Effect[4] type=0
Effect[4] trig=0
Effect[4] dat0=0
Effect[4] dat1=0
Effect[4] dat2=0

Effect[5] type=0
Effect[5] trig=0
Effect[5] dat0=0
Effect[5] dat1=0
Effect[5] dat2=0

Effect[6] type=0
Effect[6] trig=0
Effect[6] dat0=0
Effect[6] dat1=0
Effect[6] dat2=0

Effect[7] type=0
Effect[7] trig=0
Effect[7] dat0=0
Effect[7] dat1=0
Effect[7] dat2=0

sizeof itemdesc=71
wrote output file


Reading file:[DES00912.TXT]
Type=5
Sub=255
Numstackable=3
DestroyOn=0

Effect[0] type=23
Effect[0] trig=3
Effect[0] dat0=912
Effect[0] dat1=0
Effect[0] dat2=0

Effect[1] type=50
Effect[1] trig=2
Effect[1] dat0=16
Effect[1] dat1=800
Effect[1] dat2=300

Effect[2] type=0
Effect[2] trig=0
Effect[2] dat0=0
Effect[2] dat1=0
Effect[2] dat2=0

Effect[3] type=0
Effect[3] trig=0
Effect[3] dat0=0
Effect[3] dat1=0
Effect[3] dat2=0

Effect[4] type=0
Effect[4] trig=0
Effect[4] dat0=0
Effect[4] dat1=0
Effect[4] dat2=0

Effect[5] type=0
Effect[5] trig=0
Effect[5] dat0=0
Effect[5] dat1=0
Effect[5] dat2=0

Effect[6] type=0
Effect[6] trig=0
Effect[6] dat0=0
Effect[6] dat1=0
Effect[6] dat2=0

Effect[7] type=0
Effect[7] trig=0
Effect[7] dat0=0
Effect[7] dat1=0
Effect[7] dat2=0

sizeof itemdesc=71
wrote output file


Reading file:[DES00913.TXT]
Type=5
Sub=255
Numstackable=3
DestroyOn=0

Effect[0] type=23
Effect[0] trig=3
Effect[0] dat0=913
Effect[0] dat1=0
Effect[0] dat2=0

Effect[1] type=50
Effect[1] trig=2
Effect[1] dat0=17
Effect[1] dat1=1
Effect[1] dat2=200

Effect[2] type=0
Effect[2] trig=0
Effect[2] dat0=0
Effect[2] dat1=0
Effect[2] dat2=0

Effect[3] type=0
Effect[3] trig=0
Effect[3] dat0=0
Effect[3] dat1=0
Effect[3] dat2=0

Effect[4] type=0
Effect[4] trig=0
Effect[4] dat0=0
Effect[4] dat1=0
Effect[4] dat2=0

Effect[5] type=0
Effect[5] trig=0
Effect[5] dat0=0
Effect[5] dat1=0
Effect[5] dat2=0

Effect[6] type=0
Effect[6] trig=0
Effect[6] dat0=0
Effect[6] dat1=0
Effect[6] dat2=0

Effect[7] type=0
Effect[7] trig=0
Effect[7] dat0=0
Effect[7] dat1=0
Effect[7] dat2=0

sizeof itemdesc=71
wrote output file


Reading file:[DES00914.TXT]
Type=5
Sub=255
Numstackable=3
DestroyOn=0

Effect[0] type=23
Effect[0] trig=3
Effect[0] dat0=914
Effect[0] dat1=0
Effect[0] dat2=0

Effect[1] type=50
Effect[1] trig=2
Effect[1] dat0=18
Effect[1] dat1=300
Effect[1] dat2=350

Effect[2] type=0
Effect[2] trig=0
Effect[2] dat0=0
Effect[2] dat1=0
Effect[2] dat2=0

Effect[3] type=0
Effect[3] trig=0
Effect[3] dat0=0
Effect[3] dat1=0
Effect[3] dat2=0

Effect[4] type=0
Effect[4] trig=0
Effect[4] dat0=0
Effect[4] dat1=0
Effect[4] dat2=0

Effect[5] type=0
Effect[5] trig=0
Effect[5] dat0=0
Effect[5] dat1=0
Effect[5] dat2=0

Effect[6] type=0
Effect[6] trig=0
Effect[6] dat0=0
Effect[6] dat1=0
Effect[6] dat2=0

Effect[7] type=0
Effect[7] trig=0
Effect[7] dat0=0
Effect[7] dat1=0
Effect[7] dat2=0

sizeof itemdesc=71
wrote output file


Reading file:[DES00915.TXT]
Type=5
Sub=255
Numstackable=3
DestroyOn=0

Effect[0] type=23
Effect[0] trig=3
Effect[0] dat0=915
Effect[0] dat1=0
Effect[0] dat2=0

Effect[1] type=50
Effect[1] trig=2
Effect[1] dat0=13
Effect[1] dat1=300
Effect[1] dat2=200

Effect[2] type=0
Effect[2] trig=0
Effect[2] dat0=0
Effect[2] dat1=0
Effect[2] dat2=0

Effect[3] type=0
Effect[3] trig=0
Effect[3] dat0=0
Effect[3] dat1=0
Effect[3] dat2=0

Effect[4] type=0
Effect[4] trig=0
Effect[4] dat0=0
Effect[4] dat1=0
Effect[4] dat2=0

Effect[5] type=0
Effect[5] trig=0
Effect[5] dat0=0
Effect[5] dat1=0
Effect[5] dat2=0

Effect[6] type=0
Effect[6] trig=0
Effect[6] dat0=0
Effect[6] dat1=0
Effect[6] dat2=0

Effect[7] type=0
Effect[7] trig=0
Effect[7] dat0=0
Effect[7] dat1=0
Effect[7] dat2=0

sizeof itemdesc=71
wrote output file


Reading file:[DES00916.TXT]
Type=5
Sub=255
Numstackable=3
DestroyOn=0

Effect[0] type=23
Effect[0] trig=3
Effect[0] dat0=916
Effect[0] dat1=0
Effect[0] dat2=0

Effect[1] type=50
Effect[1] trig=2
Effect[1] dat0=14
Effect[1] dat1=300
Effect[1] dat2=200

Effect[2] type=0
Effect[2] trig=0
Effect[2] dat0=0
Effect[2] dat1=0
Effect[2] dat2=0

Effect[3] type=0
Effect[3] trig=0
Effect[3] dat0=0
Effect[3] dat1=0
Effect[3] dat2=0

Effect[4] type=0
Effect[4] trig=0
Effect[4] dat0=0
Effect[4] dat1=0
Effect[4] dat2=0

Effect[5] type=0
Effect[5] trig=0
Effect[5] dat0=0
Effect[5] dat1=0
Effect[5] dat2=0

Effect[6] type=0
Effect[6] trig=0
Effect[6] dat0=0
Effect[6] dat1=0
Effect[6] dat2=0

Effect[7] type=0
Effect[7] trig=0
Effect[7] dat0=0
Effect[7] dat1=0
Effect[7] dat2=0

sizeof itemdesc=71
wrote output file


Reading file:[DES00917.TXT]
Type=5
Sub=255
Numstackable=3
DestroyOn=0

Effect[0] type=23
Effect[0] trig=3
Effect[0] dat0=917
Effect[0] dat1=0
Effect[0] dat2=0

Effect[1] type=50
Effect[1] trig=2
Effect[1] dat0=19
Effect[1] dat1=500
Effect[1] dat2=500

Effect[2] type=0
Effect[2] trig=0
Effect[2] dat0=0
Effect[2] dat1=0
Effect[2] dat2=0

Effect[3] type=0
Effect[3] trig=0
Effect[3] dat0=0
Effect[3] dat1=0
Effect[3] dat2=0

Effect[4] type=0
Effect[4] trig=0
Effect[4] dat0=0
Effect[4] dat1=0
Effect[4] dat2=0

Effect[5] type=0
Effect[5] trig=0
Effect[5] dat0=0
Effect[5] dat1=0
Effect[5] dat2=0

Effect[6] type=0
Effect[6] trig=0
Effect[6] dat0=0
Effect[6] dat1=0
Effect[6] dat2=0

Effect[7] type=0
Effect[7] trig=0
Effect[7] dat0=0
Effect[7] dat1=0
Effect[7] dat2=0

sizeof itemdesc=71
wrote output file


Reading file:[DES00918.TXT]
Type=5
Sub=255
Numstackable=3
DestroyOn=0

Effect[0] type=23
Effect[0] trig=3
Effect[0] dat0=918
Effect[0] dat1=0
Effect[0] dat2=0

Effect[1] type=50
Effect[1] trig=2
Effect[1] dat0=28
Effect[1] dat1=500
Effect[1] dat2=1500

Effect[2] type=0
Effect[2] trig=0
Effect[2] dat0=0
Effect[2] dat1=0
Effect[2] dat2=0

Effect[3] type=0
Effect[3] trig=0
Effect[3] dat0=0
Effect[3] dat1=0
Effect[3] dat2=0

Effect[4] type=0
Effect[4] trig=0
Effect[4] dat0=0
Effect[4] dat1=0
Effect[4] dat2=0

Effect[5] type=0
Effect[5] trig=0
Effect[5] dat0=0
Effect[5] dat1=0
Effect[5] dat2=0

Effect[6] type=0
Effect[6] trig=0
Effect[6] dat0=0
Effect[6] dat1=0
Effect[6] dat2=0

Effect[7] type=0
Effect[7] trig=0
Effect[7] dat0=0
Effect[7] dat1=0
Effect[7] dat2=0

sizeof itemdesc=71
wrote output file


Reading file:[DES00919.TXT]
Type=5
Sub=255
Numstackable=3
DestroyOn=0

Effect[0] type=23
Effect[0] trig=3
Effect[0] dat0=919
Effect[0] dat1=0
Effect[0] dat2=0

Effect[1] type=50
Effect[1] trig=2
Effect[1] dat0=9
Effect[1] dat1=1
Effect[1] dat2=1000

Effect[2] type=0
Effect[2] trig=0
Effect[2] dat0=0
Effect[2] dat1=0
Effect[2] dat2=0

Effect[3] type=0
Effect[3] trig=0
Effect[3] dat0=0
Effect[3] dat1=0
Effect[3] dat2=0

Effect[4] type=0
Effect[4] trig=0
Effect[4] dat0=0
Effect[4] dat1=0
Effect[4] dat2=0

Effect[5] type=0
Effect[5] trig=0
Effect[5] dat0=0
Effect[5] dat1=0
Effect[5] dat2=0

Effect[6] type=0
Effect[6] trig=0
Effect[6] dat0=0
Effect[6] dat1=0
Effect[6] dat2=0

Effect[7] type=0
Effect[7] trig=0
Effect[7] dat0=0
Effect[7] dat1=0
Effect[7] dat2=0

sizeof itemdesc=71
wrote output file


Reading file:[DES00920.TXT]
Type=5
Sub=255
Numstackable=3
DestroyOn=0

Effect[0] type=23
Effect[0] trig=3
Effect[0] dat0=920
Effect[0] dat1=0
Effect[0] dat2=0

Effect[1] type=50
Effect[1] trig=2
Effect[1] dat0=10
Effect[1] dat1=1
Effect[1] dat2=600

Effect[2] type=0
Effect[2] trig=0
Effect[2] dat0=0
Effect[2] dat1=0
Effect[2] dat2=0

Effect[3] type=0
Effect[3] trig=0
Effect[3] dat0=0
Effect[3] dat1=0
Effect[3] dat2=0

Effect[4] type=0
Effect[4] trig=0
Effect[4] dat0=0
Effect[4] dat1=0
Effect[4] dat2=0

Effect[5] type=0
Effect[5] trig=0
Effect[5] dat0=0
Effect[5] dat1=0
Effect[5] dat2=0

Effect[6] type=0
Effect[6] trig=0
Effect[6] dat0=0
Effect[6] dat1=0
Effect[6] dat2=0

Effect[7] type=0
Effect[7] trig=0
Effect[7] dat0=0
Effect[7] dat1=0
Effect[7] dat2=0

sizeof itemdesc=71
wrote output file


Reading file:[DES00954.TXT]
Type=9
Sub=2
Numstackable=1
DestroyOn=0

Effect[0] type=23
Effect[0] trig=3
Effect[0] dat0=954
Effect[0] dat1=0
Effect[0] dat2=0

Effect[1] type=9
Effect[1] trig=3
Effect[1] dat0=0
Effect[1] dat1=0
Effect[1] dat2=-300

Effect[2] type=52
Effect[2] trig=3
Effect[2] dat0=40
Effect[2] dat1=40
Effect[2] dat2=0

Effect[3] type=5
Effect[3] trig=3
Effect[3] dat0=1
Effect[3] dat1=0
Effect[3] dat2=0

Effect[4] type=6
Effect[4] trig=4
Effect[4] dat0=1
Effect[4] dat1=0
Effect[4] dat2=0

Effect[5] type=0
Effect[5] trig=0
Effect[5] dat0=0
Effect[5] dat1=0
Effect[5] dat2=0

Effect[6] type=0
Effect[6] trig=0
Effect[6] dat0=0
Effect[6] dat1=0
Effect[6] dat2=0

Effect[7] type=0
Effect[7] trig=0
Effect[7] dat0=0
Effect[7] dat1=0
Effect[7] dat2=0

sizeof itemdesc=71
wrote output file


Reading file:[DES00955.TXT]
Type=9
Sub=2
Numstackable=1
DestroyOn=0

Effect[0] type=23
Effect[0] trig=1
Effect[0] dat0=955
Effect[0] dat1=0
Effect[0] dat2=0

Effect[1] type=23
Effect[1] trig=3
Effect[1] dat0=950
Effect[1] dat1=0
Effect[1] dat2=0

Effect[2] type=0
Effect[2] trig=0
Effect[2] dat0=0
Effect[2] dat1=0
Effect[2] dat2=0

Effect[3] type=0
Effect[3] trig=0
Effect[3] dat0=0
Effect[3] dat1=0
Effect[3] dat2=0

Effect[4] type=0
Effect[4] trig=0
Effect[4] dat0=0
Effect[4] dat1=0
Effect[4] dat2=0

Effect[5] type=0
Effect[5] trig=0
Effect[5] dat0=0
Effect[5] dat1=0
Effect[5] dat2=0

Effect[6] type=0
Effect[6] trig=0
Effect[6] dat0=0
Effect[6] dat1=0
Effect[6] dat2=0

Effect[7] type=0
Effect[7] trig=0
Effect[7] dat0=0
Effect[7] dat1=0
Effect[7] dat2=0

sizeof itemdesc=71
wrote output file


Reading file:[DES00956.TXT]
Type=9
Sub=2
Numstackable=1
DestroyOn=0

Effect[0] type=23
Effect[0] trig=3
Effect[0] dat0=956
Effect[0] dat1=0
Effect[0] dat2=0

Effect[1] type=9
Effect[1] trig=3
Effect[1] dat0=0
Effect[1] dat1=0
Effect[1] dat2=-500

Effect[2] type=52
Effect[2] trig=3
Effect[2] dat0=40
Effect[2] dat1=0
Effect[2] dat2=0

Effect[3] type=9
Effect[3] trig=2
Effect[3] dat0=0
Effect[3] dat1=0
Effect[3] dat2=-5000

Effect[4] type=52
Effect[4] trig=2
Effect[4] dat0=60
Effect[4] dat1=-60
Effect[4] dat2=-60

Effect[5] type=0
Effect[5] trig=0
Effect[5] dat0=0
Effect[5] dat1=0
Effect[5] dat2=0

Effect[6] type=0
Effect[6] trig=0
Effect[6] dat0=0
Effect[6] dat1=0
Effect[6] dat2=0

Effect[7] type=0
Effect[7] trig=0
Effect[7] dat0=0
Effect[7] dat1=0
Effect[7] dat2=0

sizeof itemdesc=71
wrote output file


Reading file:[DES00957.TXT]
Type=9
Sub=2
Numstackable=1
DestroyOn=0

Effect[0] type=23
Effect[0] trig=2
Effect[0] dat0=957
Effect[0] dat1=0
Effect[0] dat2=0

Effect[1] type=0
Effect[1] trig=0
Effect[1] dat0=0
Effect[1] dat1=0
Effect[1] dat2=0

Effect[2] type=0
Effect[2] trig=0
Effect[2] dat0=0
Effect[2] dat1=0
Effect[2] dat2=0

Effect[3] type=0
Effect[3] trig=0
Effect[3] dat0=0
Effect[3] dat1=0
Effect[3] dat2=0

Effect[4] type=0
Effect[4] trig=0
Effect[4] dat0=0
Effect[4] dat1=0
Effect[4] dat2=0

Effect[5] type=0
Effect[5] trig=0
Effect[5] dat0=0
Effect[5] dat1=0
Effect[5] dat2=0

Effect[6] type=0
Effect[6] trig=0
Effect[6] dat0=0
Effect[6] dat1=0
Effect[6] dat2=0

Effect[7] type=0
Effect[7] trig=0
Effect[7] dat0=0
Effect[7] dat1=0
Effect[7] dat2=0

sizeof itemdesc=71
wrote output file


Reading file:[DES00958.TXT]
Type=2
Sub=255
Numstackable=1
DestroyOn=0

Effect[0] type=23
Effect[0] trig=3
Effect[0] dat0=958
Effect[0] dat1=0
Effect[0] dat2=0

Effect[1] type=0
Effect[1] trig=0
Effect[1] dat0=0
Effect[1] dat1=0
Effect[1] dat2=0

Effect[2] type=0
Effect[2] trig=0
Effect[2] dat0=0
Effect[2] dat1=0
Effect[2] dat2=0

Effect[3] type=0
Effect[3] trig=0
Effect[3] dat0=0
Effect[3] dat1=0
Effect[3] dat2=0

Effect[4] type=0
Effect[4] trig=0
Effect[4] dat0=0
Effect[4] dat1=0
Effect[4] dat2=0

Effect[5] type=0
Effect[5] trig=0
Effect[5] dat0=0
Effect[5] dat1=0
Effect[5] dat2=0

Effect[6] type=0
Effect[6] trig=0
Effect[6] dat0=0
Effect[6] dat1=0
Effect[6] dat2=0

Effect[7] type=0
Effect[7] trig=0
Effect[7] dat0=0
Effect[7] dat1=0
Effect[7] dat2=0

sizeof itemdesc=71
wrote output file


Reading file:[DES04092.TXT]
Type=10
Sub=2
Numstackable=1
DestroyOn=1

Effect[0] type=3
Effect[0] trig=1
Effect[0] dat0=0
Effect[0] dat1=100
Effect[0] dat2=0

Effect[1] type=0
Effect[1] trig=0
Effect[1] dat0=0
Effect[1] dat1=0
Effect[1] dat2=0

Effect[2] type=0
Effect[2] trig=0
Effect[2] dat0=0
Effect[2] dat1=0
Effect[2] dat2=0

Effect[3] type=0
Effect[3] trig=0
Effect[3] dat0=0
Effect[3] dat1=0
Effect[3] dat2=0

Effect[4] type=0
Effect[4] trig=0
Effect[4] dat0=0
Effect[4] dat1=0
Effect[4] dat2=0

Effect[5] type=0
Effect[5] trig=0
Effect[5] dat0=0
Effect[5] dat1=0
Effect[5] dat2=0

Effect[6] type=0
Effect[6] trig=0
Effect[6] dat0=0
Effect[6] dat1=0
Effect[6] dat2=0

Effect[7] type=0
Effect[7] trig=0
Effect[7] dat0=0
Effect[7] dat1=0
Effect[7] dat2=0

sizeof itemdesc=71
wrote output file


Reading file:[DES04296.TXT]
Type=0
Sub=2
Numstackable=1
DestroyOn=0

Effect[0] type=1
Effect[0] trig=3
Effect[0] dat0=6
Effect[0] dat1=1
Effect[0] dat2=10

Effect[1] type=1
Effect[1] trig=4
Effect[1] dat0=0
Effect[1] dat1=0
Effect[1] dat2=0

Effect[2] type=0
Effect[2] trig=0
Effect[2] dat0=0
Effect[2] dat1=0
Effect[2] dat2=0

Effect[3] type=0
Effect[3] trig=0
Effect[3] dat0=0
Effect[3] dat1=0
Effect[3] dat2=0

Effect[4] type=0
Effect[4] trig=0
Effect[4] dat0=0
Effect[4] dat1=0
Effect[4] dat2=0

Effect[5] type=0
Effect[5] trig=0
Effect[5] dat0=0
Effect[5] dat1=0
Effect[5] dat2=0

Effect[6] type=0
Effect[6] trig=0
Effect[6] dat0=0
Effect[6] dat1=0
Effect[6] dat2=0

Effect[7] type=0
Effect[7] trig=0
Effect[7] dat0=0
Effect[7] dat1=0
Effect[7] dat2=0

sizeof itemdesc=71
wrote output file


Reading file:[DES04297.TXT]
Type=0
Sub=5
Numstackable=1
DestroyOn=0

Effect[0] type=1
Effect[0] trig=3
Effect[0] dat0=5
Effect[0] dat1=5
Effect[0] dat2=0

Effect[1] type=1
Effect[1] trig=4
Effect[1] dat0=0
Effect[1] dat1=0
Effect[1] dat2=0

Effect[2] type=0
Effect[2] trig=0
Effect[2] dat0=0
Effect[2] dat1=0
Effect[2] dat2=0

Effect[3] type=0
Effect[3] trig=0
Effect[3] dat0=0
Effect[3] dat1=0
Effect[3] dat2=0

Effect[4] type=0
Effect[4] trig=0
Effect[4] dat0=0
Effect[4] dat1=0
Effect[4] dat2=0

Effect[5] type=0
Effect[5] trig=0
Effect[5] dat0=0
Effect[5] dat1=0
Effect[5] dat2=0

Effect[6] type=0
Effect[6] trig=0
Effect[6] dat0=0
Effect[6] dat1=0
Effect[6] dat2=0

Effect[7] type=0
Effect[7] trig=0
Effect[7] dat0=0
Effect[7] dat1=0
Effect[7] dat2=0

sizeof itemdesc=71
wrote output file


Reading file:[DES04298.TXT]
Type=0
Sub=6
Numstackable=1
DestroyOn=0

Effect[0] type=1
Effect[0] trig=3
Effect[0] dat0=7
Effect[0] dat1=2
Effect[0] dat2=0

Effect[1] type=1
Effect[1] trig=4
Effect[1] dat0=0
Effect[1] dat1=0
Effect[1] dat2=0

Effect[2] type=0
Effect[2] trig=0
Effect[2] dat0=0
Effect[2] dat1=0
Effect[2] dat2=0

Effect[3] type=0
Effect[3] trig=0
Effect[3] dat0=0
Effect[3] dat1=0
Effect[3] dat2=0

Effect[4] type=0
Effect[4] trig=0
Effect[4] dat0=0
Effect[4] dat1=0
Effect[4] dat2=0

Effect[5] type=0
Effect[5] trig=0
Effect[5] dat0=0
Effect[5] dat1=0
Effect[5] dat2=0

Effect[6] type=0
Effect[6] trig=0
Effect[6] dat0=0
Effect[6] dat1=0
Effect[6] dat2=0

Effect[7] type=0
Effect[7] trig=0
Effect[7] dat0=0
Effect[7] dat1=0
Effect[7] dat2=0

sizeof itemdesc=71
wrote output file


Reading file:[DES04299.TXT]
Type=0
Sub=4
Numstackable=1
DestroyOn=0

Effect[0] type=1
Effect[0] trig=3
Effect[0] dat0=1
Effect[0] dat1=5
Effect[0] dat2=10

Effect[1] type=1
Effect[1] trig=4
Effect[1] dat0=0
Effect[1] dat1=0
Effect[1] dat2=0

Effect[2] type=0
Effect[2] trig=0
Effect[2] dat0=0
Effect[2] dat1=0
Effect[2] dat2=0

Effect[3] type=0
Effect[3] trig=0
Effect[3] dat0=0
Effect[3] dat1=0
Effect[3] dat2=0

Effect[4] type=0
Effect[4] trig=0
Effect[4] dat0=0
Effect[4] dat1=0
Effect[4] dat2=0

Effect[5] type=0
Effect[5] trig=0
Effect[5] dat0=0
Effect[5] dat1=0
Effect[5] dat2=0

Effect[6] type=0
Effect[6] trig=0
Effect[6] dat0=0
Effect[6] dat1=0
Effect[6] dat2=0

Effect[7] type=0
Effect[7] trig=0
Effect[7] dat0=0
Effect[7] dat1=0
Effect[7] dat2=0

sizeof itemdesc=71
wrote output file


Reading file:[DES04300.TXT]
Type=0
Sub=3
Numstackable=1
DestroyOn=0

Effect[0] type=1
Effect[0] trig=3
Effect[0] dat0=1
Effect[0] dat1=7
Effect[0] dat2=0

Effect[1] type=1
Effect[1] trig=4
Effect[1] dat0=0
Effect[1] dat1=0
Effect[1] dat2=0

Effect[2] type=0
Effect[2] trig=0
Effect[2] dat0=0
Effect[2] dat1=0
Effect[2] dat2=0

Effect[3] type=0
Effect[3] trig=0
Effect[3] dat0=0
Effect[3] dat1=0
Effect[3] dat2=0

Effect[4] type=0
Effect[4] trig=0
Effect[4] dat0=0
Effect[4] dat1=0
Effect[4] dat2=0

Effect[5] type=0
Effect[5] trig=0
Effect[5] dat0=0
Effect[5] dat1=0
Effect[5] dat2=0

Effect[6] type=0
Effect[6] trig=0
Effect[6] dat0=0
Effect[6] dat1=0
Effect[6] dat2=0

Effect[7] type=0
Effect[7] trig=0
Effect[7] dat0=0
Effect[7] dat1=0
Effect[7] dat2=0

sizeof itemdesc=71
wrote output file


Reading file:[DES04301.TXT]
Type=0
Sub=1
Numstackable=1
DestroyOn=0

Effect[0] type=1
Effect[0] trig=3
Effect[0] dat0=5
Effect[0] dat1=6
Effect[0] dat2=0

Effect[1] type=1
Effect[1] trig=4
Effect[1] dat0=0
Effect[1] dat1=0
Effect[1] dat2=0

Effect[2] type=0
Effect[2] trig=0
Effect[2] dat0=0
Effect[2] dat1=0
Effect[2] dat2=0

Effect[3] type=0
Effect[3] trig=0
Effect[3] dat0=0
Effect[3] dat1=0
Effect[3] dat2=0

Effect[4] type=0
Effect[4] trig=0
Effect[4] dat0=0
Effect[4] dat1=0
Effect[4] dat2=0

Effect[5] type=0
Effect[5] trig=0
Effect[5] dat0=0
Effect[5] dat1=0
Effect[5] dat2=0

Effect[6] type=0
Effect[6] trig=0
Effect[6] dat0=0
Effect[6] dat1=0
Effect[6] dat2=0

Effect[7] type=0
Effect[7] trig=0
Effect[7] dat0=0
Effect[7] dat1=0
Effect[7] dat2=0

sizeof itemdesc=71
wrote output file


Reading file:[DES04808.TXT]
Type=1
Sub=13
Numstackable=1
DestroyOn=0

Effect[0] type=2
Effect[0] trig=3
Effect[0] dat0=10
Effect[0] dat1=0
Effect[0] dat2=0

Effect[1] type=2
Effect[1] trig=4
Effect[1] dat0=0
Effect[1] dat1=0
Effect[1] dat2=0

Effect[2] type=0
Effect[2] trig=0
Effect[2] dat0=0
Effect[2] dat1=0
Effect[2] dat2=0

Effect[3] type=0
Effect[3] trig=0
Effect[3] dat0=0
Effect[3] dat1=0
Effect[3] dat2=0

Effect[4] type=0
Effect[4] trig=0
Effect[4] dat0=0
Effect[4] dat1=0
Effect[4] dat2=0

Effect[5] type=0
Effect[5] trig=0
Effect[5] dat0=0
Effect[5] dat1=0
Effect[5] dat2=0

Effect[6] type=0
Effect[6] trig=0
Effect[6] dat0=0
Effect[6] dat1=0
Effect[6] dat2=0

Effect[7] type=0
Effect[7] trig=0
Effect[7] dat0=0
Effect[7] dat1=0
Effect[7] dat2=0

sizeof itemdesc=71
wrote output file


Reading file:[DES08392.TXT]
Type=0
Sub=2
Numstackable=1
DestroyOn=0

Effect[0] type=1
Effect[0] trig=3
Effect[0] dat0=6
Effect[0] dat1=3
Effect[0] dat2=10

Effect[1] type=1
Effect[1] trig=4
Effect[1] dat0=0
Effect[1] dat1=0
Effect[1] dat2=0

Effect[2] type=0
Effect[2] trig=0
Effect[2] dat0=0
Effect[2] dat1=0
Effect[2] dat2=0

Effect[3] type=0
Effect[3] trig=0
Effect[3] dat0=0
Effect[3] dat1=0
Effect[3] dat2=0

Effect[4] type=0
Effect[4] trig=0
Effect[4] dat0=0
Effect[4] dat1=0
Effect[4] dat2=0

Effect[5] type=0
Effect[5] trig=0
Effect[5] dat0=0
Effect[5] dat1=0
Effect[5] dat2=0

Effect[6] type=0
Effect[6] trig=0
Effect[6] dat0=0
Effect[6] dat1=0
Effect[6] dat2=0

Effect[7] type=0
Effect[7] trig=0
Effect[7] dat0=0
Effect[7] dat1=0
Effect[7] dat2=0

sizeof itemdesc=71
wrote output file


Reading file:[DES08393.TXT]
Type=0
Sub=5
Numstackable=1
DestroyOn=0

Effect[0] type=1
Effect[0] trig=3
Effect[0] dat0=5
Effect[0] dat1=7
Effect[0] dat2=0

Effect[1] type=1
Effect[1] trig=4
Effect[1] dat0=0
Effect[1] dat1=0
Effect[1] dat2=0

Effect[2] type=0
Effect[2] trig=0
Effect[2] dat0=0
Effect[2] dat1=0
Effect[2] dat2=0

Effect[3] type=0
Effect[3] trig=0
Effect[3] dat0=0
Effect[3] dat1=0
Effect[3] dat2=0

Effect[4] type=0
Effect[4] trig=0
Effect[4] dat0=0
Effect[4] dat1=0
Effect[4] dat2=0

Effect[5] type=0
Effect[5] trig=0
Effect[5] dat0=0
Effect[5] dat1=0
Effect[5] dat2=0

Effect[6] type=0
Effect[6] trig=0
Effect[6] dat0=0
Effect[6] dat1=0
Effect[6] dat2=0

Effect[7] type=0
Effect[7] trig=0
Effect[7] dat0=0
Effect[7] dat1=0
Effect[7] dat2=0

sizeof itemdesc=71
wrote output file


Reading file:[DES08394.TXT]
Type=0
Sub=6
Numstackable=1
DestroyOn=0

Effect[0] type=1
Effect[0] trig=3
Effect[0] dat0=7
Effect[0] dat1=5
Effect[0] dat2=0

Effect[1] type=1
Effect[1] trig=4
Effect[1] dat0=0
Effect[1] dat1=0
Effect[1] dat2=0

Effect[2] type=0
Effect[2] trig=0
Effect[2] dat0=0
Effect[2] dat1=0
Effect[2] dat2=0

Effect[3] type=0
Effect[3] trig=0
Effect[3] dat0=0
Effect[3] dat1=0
Effect[3] dat2=0

Effect[4] type=0
Effect[4] trig=0
Effect[4] dat0=0
Effect[4] dat1=0
Effect[4] dat2=0

Effect[5] type=0
Effect[5] trig=0
Effect[5] dat0=0
Effect[5] dat1=0
Effect[5] dat2=0

Effect[6] type=0
Effect[6] trig=0
Effect[6] dat0=0
Effect[6] dat1=0
Effect[6] dat2=0

Effect[7] type=0
Effect[7] trig=0
Effect[7] dat0=0
Effect[7] dat1=0
Effect[7] dat2=0

sizeof itemdesc=71
wrote output file


Reading file:[DES08395.TXT]
Type=0
Sub=4
Numstackable=1
DestroyOn=0

Effect[0] type=1
Effect[0] trig=3
Effect[0] dat0=1
Effect[0] dat1=7
Effect[0] dat2=10

Effect[1] type=1
Effect[1] trig=4
Effect[1] dat0=0
Effect[1] dat1=0
Effect[1] dat2=0

Effect[2] type=0
Effect[2] trig=0
Effect[2] dat0=0
Effect[2] dat1=0
Effect[2] dat2=0

Effect[3] type=0
Effect[3] trig=0
Effect[3] dat0=0
Effect[3] dat1=0
Effect[3] dat2=0

Effect[4] type=0
Effect[4] trig=0
Effect[4] dat0=0
Effect[4] dat1=0
Effect[4] dat2=0

Effect[5] type=0
Effect[5] trig=0
Effect[5] dat0=0
Effect[5] dat1=0
Effect[5] dat2=0

Effect[6] type=0
Effect[6] trig=0
Effect[6] dat0=0
Effect[6] dat1=0
Effect[6] dat2=0

Effect[7] type=0
Effect[7] trig=0
Effect[7] dat0=0
Effect[7] dat1=0
Effect[7] dat2=0

sizeof itemdesc=71
wrote output file


Reading file:[DES08396.TXT]
Type=0
Sub=3
Numstackable=1
DestroyOn=0

Effect[0] type=1
Effect[0] trig=3
Effect[0] dat0=1
Effect[0] dat1=9
Effect[0] dat2=0

Effect[1] type=1
Effect[1] trig=4
Effect[1] dat0=0
Effect[1] dat1=0
Effect[1] dat2=0

Effect[2] type=0
Effect[2] trig=0
Effect[2] dat0=0
Effect[2] dat1=0
Effect[2] dat2=0

Effect[3] type=0
Effect[3] trig=0
Effect[3] dat0=0
Effect[3] dat1=0
Effect[3] dat2=0

Effect[4] type=0
Effect[4] trig=0
Effect[4] dat0=0
Effect[4] dat1=0
Effect[4] dat2=0

Effect[5] type=0
Effect[5] trig=0
Effect[5] dat0=0
Effect[5] dat1=0
Effect[5] dat2=0

Effect[6] type=0
Effect[6] trig=0
Effect[6] dat0=0
Effect[6] dat1=0
Effect[6] dat2=0

Effect[7] type=0
Effect[7] trig=0
Effect[7] dat0=0
Effect[7] dat1=0
Effect[7] dat2=0

sizeof itemdesc=71
wrote output file


Reading file:[DES08397.TXT]
Type=0
Sub=1
Numstackable=1
DestroyOn=0

Effect[0] type=1
Effect[0] trig=3
Effect[0] dat0=5
Effect[0] dat1=8
Effect[0] dat2=0

Effect[1] type=1
Effect[1] trig=4
Effect[1] dat0=0
Effect[1] dat1=0
Effect[1] dat2=0

Effect[2] type=0
Effect[2] trig=0
Effect[2] dat0=0
Effect[2] dat1=0
Effect[2] dat2=0

Effect[3] type=0
Effect[3] trig=0
Effect[3] dat0=0
Effect[3] dat1=0
Effect[3] dat2=0

Effect[4] type=0
Effect[4] trig=0
Effect[4] dat0=0
Effect[4] dat1=0
Effect[4] dat2=0

Effect[5] type=0
Effect[5] trig=0
Effect[5] dat0=0
Effect[5] dat1=0
Effect[5] dat2=0

Effect[6] type=0
Effect[6] trig=0
Effect[6] dat0=0
Effect[6] dat1=0
Effect[6] dat2=0

Effect[7] type=0
Effect[7] trig=0
Effect[7] dat0=0
Effect[7] dat1=0
Effect[7] dat2=0

sizeof itemdesc=71
wrote output file


Reading file:[DES08896.TXT]
Type=1
Sub=8
Numstackable=1
DestroyOn=0

Effect[0] type=2
Effect[0] trig=3
Effect[0] dat0=6
Effect[0] dat1=0
Effect[0] dat2=0

Effect[1] type=2
Effect[1] trig=4
Effect[1] dat0=0
Effect[1] dat1=0
Effect[1] dat2=0

Effect[2] type=0
Effect[2] trig=0
Effect[2] dat0=0
Effect[2] dat1=0
Effect[2] dat2=0

Effect[3] type=0
Effect[3] trig=0
Effect[3] dat0=0
Effect[3] dat1=0
Effect[3] dat2=0

Effect[4] type=0
Effect[4] trig=0
Effect[4] dat0=0
Effect[4] dat1=0
Effect[4] dat2=0

Effect[5] type=0
Effect[5] trig=0
Effect[5] dat0=0
Effect[5] dat1=0
Effect[5] dat2=0

Effect[6] type=0
Effect[6] trig=0
Effect[6] dat0=0
Effect[6] dat1=0
Effect[6] dat2=0

Effect[7] type=0
Effect[7] trig=0
Effect[7] dat0=0
Effect[7] dat1=0
Effect[7] dat2=0

sizeof itemdesc=71
wrote output file


Reading file:[DES08897.TXT]
Type=1
Sub=11
Numstackable=1
DestroyOn=0

Effect[0] type=2
Effect[0] trig=3
Effect[0] dat0=6
Effect[0] dat1=0
Effect[0] dat2=0

Effect[1] type=2
Effect[1] trig=4
Effect[1] dat0=0
Effect[1] dat1=0
Effect[1] dat2=0

Effect[2] type=0
Effect[2] trig=0
Effect[2] dat0=0
Effect[2] dat1=0
Effect[2] dat2=0

Effect[3] type=0
Effect[3] trig=0
Effect[3] dat0=0
Effect[3] dat1=0
Effect[3] dat2=0

Effect[4] type=0
Effect[4] trig=0
Effect[4] dat0=0
Effect[4] dat1=0
Effect[4] dat2=0

Effect[5] type=0
Effect[5] trig=0
Effect[5] dat0=0
Effect[5] dat1=0
Effect[5] dat2=0

Effect[6] type=0
Effect[6] trig=0
Effect[6] dat0=0
Effect[6] dat1=0
Effect[6] dat2=0

Effect[7] type=0
Effect[7] trig=0
Effect[7] dat0=0
Effect[7] dat1=0
Effect[7] dat2=0

sizeof itemdesc=71
wrote output file


Reading file:[DES08898.TXT]
Type=1
Sub=2
Numstackable=1
DestroyOn=0

Effect[0] type=2
Effect[0] trig=3
Effect[0] dat0=6
Effect[0] dat1=0
Effect[0] dat2=0

Effect[1] type=2
Effect[1] trig=4
Effect[1] dat0=0
Effect[1] dat1=0
Effect[1] dat2=0

Effect[2] type=0
Effect[2] trig=0
Effect[2] dat0=0
Effect[2] dat1=0
Effect[2] dat2=0

Effect[3] type=0
Effect[3] trig=0
Effect[3] dat0=0
Effect[3] dat1=0
Effect[3] dat2=0

Effect[4] type=0
Effect[4] trig=0
Effect[4] dat0=0
Effect[4] dat1=0
Effect[4] dat2=0

Effect[5] type=0
Effect[5] trig=0
Effect[5] dat0=0
Effect[5] dat1=0
Effect[5] dat2=0

Effect[6] type=0
Effect[6] trig=0
Effect[6] dat0=0
Effect[6] dat1=0
Effect[6] dat2=0

Effect[7] type=0
Effect[7] trig=0
Effect[7] dat0=0
Effect[7] dat1=0
Effect[7] dat2=0

sizeof itemdesc=71
wrote output file


Reading file:[DES08899.TXT]
Type=1
Sub=5
Numstackable=1
DestroyOn=0

Effect[0] type=2
Effect[0] trig=3
Effect[0] dat0=6
Effect[0] dat1=0
Effect[0] dat2=0

Effect[1] type=2
Effect[1] trig=4
Effect[1] dat0=0
Effect[1] dat1=0
Effect[1] dat2=0

Effect[2] type=0
Effect[2] trig=0
Effect[2] dat0=0
Effect[2] dat1=0
Effect[2] dat2=0

Effect[3] type=0
Effect[3] trig=0
Effect[3] dat0=0
Effect[3] dat1=0
Effect[3] dat2=0

Effect[4] type=0
Effect[4] trig=0
Effect[4] dat0=0
Effect[4] dat1=0
Effect[4] dat2=0

Effect[5] type=0
Effect[5] trig=0
Effect[5] dat0=0
Effect[5] dat1=0
Effect[5] dat2=0

Effect[6] type=0
Effect[6] trig=0
Effect[6] dat0=0
Effect[6] dat1=0
Effect[6] dat2=0

Effect[7] type=0
Effect[7] trig=0
Effect[7] dat0=0
Effect[7] dat1=0
Effect[7] dat2=0

sizeof itemdesc=71
wrote output file


Reading file:[DES08900.TXT]
Type=1
Sub=9
Numstackable=1
DestroyOn=0

Effect[0] type=2
Effect[0] trig=3
Effect[0] dat0=8
Effect[0] dat1=0
Effect[0] dat2=0

Effect[1] type=2
Effect[1] trig=4
Effect[1] dat0=0
Effect[1] dat1=0
Effect[1] dat2=0

Effect[2] type=0
Effect[2] trig=0
Effect[2] dat0=0
Effect[2] dat1=0
Effect[2] dat2=0

Effect[3] type=0
Effect[3] trig=0
Effect[3] dat0=0
Effect[3] dat1=0
Effect[3] dat2=0

Effect[4] type=0
Effect[4] trig=0
Effect[4] dat0=0
Effect[4] dat1=0
Effect[4] dat2=0

Effect[5] type=0
Effect[5] trig=0
Effect[5] dat0=0
Effect[5] dat1=0
Effect[5] dat2=0

Effect[6] type=0
Effect[6] trig=0
Effect[6] dat0=0
Effect[6] dat1=0
Effect[6] dat2=0

Effect[7] type=0
Effect[7] trig=0
Effect[7] dat0=0
Effect[7] dat1=0
Effect[7] dat2=0

sizeof itemdesc=71
wrote output file


Reading file:[DES08901.TXT]
Type=1
Sub=12
Numstackable=1
DestroyOn=0

Effect[0] type=2
Effect[0] trig=3
Effect[0] dat0=8
Effect[0] dat1=0
Effect[0] dat2=0

Effect[1] type=2
Effect[1] trig=4
Effect[1] dat0=0
Effect[1] dat1=0
Effect[1] dat2=0

Effect[2] type=0
Effect[2] trig=0
Effect[2] dat0=0
Effect[2] dat1=0
Effect[2] dat2=0

Effect[3] type=0
Effect[3] trig=0
Effect[3] dat0=0
Effect[3] dat1=0
Effect[3] dat2=0

Effect[4] type=0
Effect[4] trig=0
Effect[4] dat0=0
Effect[4] dat1=0
Effect[4] dat2=0

Effect[5] type=0
Effect[5] trig=0
Effect[5] dat0=0
Effect[5] dat1=0
Effect[5] dat2=0

Effect[6] type=0
Effect[6] trig=0
Effect[6] dat0=0
Effect[6] dat1=0
Effect[6] dat2=0

Effect[7] type=0
Effect[7] trig=0
Effect[7] dat0=0
Effect[7] dat1=0
Effect[7] dat2=0

sizeof itemdesc=71
wrote output file


Reading file:[DES08902.TXT]
Type=1
Sub=3
Numstackable=1
DestroyOn=0

Effect[0] type=2
Effect[0] trig=3
Effect[0] dat0=8
Effect[0] dat1=0
Effect[0] dat2=0

Effect[1] type=2
Effect[1] trig=4
Effect[1] dat0=0
Effect[1] dat1=0
Effect[1] dat2=0

Effect[2] type=0
Effect[2] trig=0
Effect[2] dat0=0
Effect[2] dat1=0
Effect[2] dat2=0

Effect[3] type=0
Effect[3] trig=0
Effect[3] dat0=0
Effect[3] dat1=0
Effect[3] dat2=0

Effect[4] type=0
Effect[4] trig=0
Effect[4] dat0=0
Effect[4] dat1=0
Effect[4] dat2=0

Effect[5] type=0
Effect[5] trig=0
Effect[5] dat0=0
Effect[5] dat1=0
Effect[5] dat2=0

Effect[6] type=0
Effect[6] trig=0
Effect[6] dat0=0
Effect[6] dat1=0
Effect[6] dat2=0

Effect[7] type=0
Effect[7] trig=0
Effect[7] dat0=0
Effect[7] dat1=0
Effect[7] dat2=0

sizeof itemdesc=71
wrote output file


Reading file:[DES08903.TXT]
Type=1
Sub=6
Numstackable=1
DestroyOn=0

Effect[0] type=2
Effect[0] trig=3
Effect[0] dat0=8
Effect[0] dat1=0
Effect[0] dat2=0

Effect[1] type=2
Effect[1] trig=4
Effect[1] dat0=0
Effect[1] dat1=0
Effect[1] dat2=0

Effect[2] type=0
Effect[2] trig=0
Effect[2] dat0=0
Effect[2] dat1=0
Effect[2] dat2=0

Effect[3] type=0
Effect[3] trig=0
Effect[3] dat0=0
Effect[3] dat1=0
Effect[3] dat2=0

Effect[4] type=0
Effect[4] trig=0
Effect[4] dat0=0
Effect[4] dat1=0
Effect[4] dat2=0

Effect[5] type=0
Effect[5] trig=0
Effect[5] dat0=0
Effect[5] dat1=0
Effect[5] dat2=0

Effect[6] type=0
Effect[6] trig=0
Effect[6] dat0=0
Effect[6] dat1=0
Effect[6] dat2=0

Effect[7] type=0
Effect[7] trig=0
Effect[7] dat0=0
Effect[7] dat1=0
Effect[7] dat2=0

sizeof itemdesc=71
wrote output file


Reading file:[DES08904.TXT]
Type=1
Sub=13
Numstackable=1
DestroyOn=0

Effect[0] type=2
Effect[0] trig=3
Effect[0] dat0=20
Effect[0] dat1=0
Effect[0] dat2=0

Effect[1] type=2
Effect[1] trig=4
Effect[1] dat0=0
Effect[1] dat1=0
Effect[1] dat2=0

Effect[2] type=0
Effect[2] trig=0
Effect[2] dat0=0
Effect[2] dat1=0
Effect[2] dat2=0

Effect[3] type=0
Effect[3] trig=0
Effect[3] dat0=0
Effect[3] dat1=0
Effect[3] dat2=0

Effect[4] type=0
Effect[4] trig=0
Effect[4] dat0=0
Effect[4] dat1=0
Effect[4] dat2=0

Effect[5] type=0
Effect[5] trig=0
Effect[5] dat0=0
Effect[5] dat1=0
Effect[5] dat2=0

Effect[6] type=0
Effect[6] trig=0
Effect[6] dat0=0
Effect[6] dat1=0
Effect[6] dat2=0

Effect[7] type=0
Effect[7] trig=0
Effect[7] dat0=0
Effect[7] dat1=0
Effect[7] dat2=0

sizeof itemdesc=71
wrote output file


Reading file:[DES12488.TXT]
Type=0
Sub=2
Numstackable=1
DestroyOn=0

Effect[0] type=1
Effect[0] trig=3
Effect[0] dat0=6
Effect[0] dat1=5
Effect[0] dat2=10

Effect[1] type=1
Effect[1] trig=4
Effect[1] dat0=0
Effect[1] dat1=0
Effect[1] dat2=0

Effect[2] type=0
Effect[2] trig=0
Effect[2] dat0=0
Effect[2] dat1=0
Effect[2] dat2=0

Effect[3] type=0
Effect[3] trig=0
Effect[3] dat0=0
Effect[3] dat1=0
Effect[3] dat2=0

Effect[4] type=0
Effect[4] trig=0
Effect[4] dat0=0
Effect[4] dat1=0
Effect[4] dat2=0

Effect[5] type=0
Effect[5] trig=0
Effect[5] dat0=0
Effect[5] dat1=0
Effect[5] dat2=0

Effect[6] type=0
Effect[6] trig=0
Effect[6] dat0=0
Effect[6] dat1=0
Effect[6] dat2=0

Effect[7] type=0
Effect[7] trig=0
Effect[7] dat0=0
Effect[7] dat1=0
Effect[7] dat2=0

sizeof itemdesc=71
wrote output file


Reading file:[DES12489.TXT]
Type=0
Sub=5
Numstackable=1
DestroyOn=0

Effect[0] type=1
Effect[0] trig=3
Effect[0] dat0=5
Effect[0] dat1=9
Effect[0] dat2=0

Effect[1] type=1
Effect[1] trig=4
Effect[1] dat0=0
Effect[1] dat1=0
Effect[1] dat2=0

Effect[2] type=0
Effect[2] trig=0
Effect[2] dat0=0
Effect[2] dat1=0
Effect[2] dat2=0

Effect[3] type=0
Effect[3] trig=0
Effect[3] dat0=0
Effect[3] dat1=0
Effect[3] dat2=0

Effect[4] type=0
Effect[4] trig=0
Effect[4] dat0=0
Effect[4] dat1=0
Effect[4] dat2=0

Effect[5] type=0
Effect[5] trig=0
Effect[5] dat0=0
Effect[5] dat1=0
Effect[5] dat2=0

Effect[6] type=0
Effect[6] trig=0
Effect[6] dat0=0
Effect[6] dat1=0
Effect[6] dat2=0

Effect[7] type=0
Effect[7] trig=0
Effect[7] dat0=0
Effect[7] dat1=0
Effect[7] dat2=0

sizeof itemdesc=71
wrote output file


Reading file:[DES12490.TXT]
Type=0
Sub=6
Numstackable=1
DestroyOn=0

Effect[0] type=1
Effect[0] trig=3
Effect[0] dat0=7
Effect[0] dat1=7
Effect[0] dat2=0

Effect[1] type=1
Effect[1] trig=4
Effect[1] dat0=0
Effect[1] dat1=0
Effect[1] dat2=0

Effect[2] type=0
Effect[2] trig=0
Effect[2] dat0=0
Effect[2] dat1=0
Effect[2] dat2=0

Effect[3] type=0
Effect[3] trig=0
Effect[3] dat0=0
Effect[3] dat1=0
Effect[3] dat2=0

Effect[4] type=0
Effect[4] trig=0
Effect[4] dat0=0
Effect[4] dat1=0
Effect[4] dat2=0

Effect[5] type=0
Effect[5] trig=0
Effect[5] dat0=0
Effect[5] dat1=0
Effect[5] dat2=0

Effect[6] type=0
Effect[6] trig=0
Effect[6] dat0=0
Effect[6] dat1=0
Effect[6] dat2=0

Effect[7] type=0
Effect[7] trig=0
Effect[7] dat0=0
Effect[7] dat1=0
Effect[7] dat2=0

sizeof itemdesc=71
wrote output file


Reading file:[DES12491.TXT]
Type=0
Sub=4
Numstackable=1
DestroyOn=0

Effect[0] type=1
Effect[0] trig=3
Effect[0] dat0=1
Effect[0] dat1=9
Effect[0] dat2=10

Effect[1] type=1
Effect[1] trig=4
Effect[1] dat0=0
Effect[1] dat1=0
Effect[1] dat2=0

Effect[2] type=0
Effect[2] trig=0
Effect[2] dat0=0
Effect[2] dat1=0
Effect[2] dat2=0

Effect[3] type=0
Effect[3] trig=0
Effect[3] dat0=0
Effect[3] dat1=0
Effect[3] dat2=0

Effect[4] type=0
Effect[4] trig=0
Effect[4] dat0=0
Effect[4] dat1=0
Effect[4] dat2=0

Effect[5] type=0
Effect[5] trig=0
Effect[5] dat0=0
Effect[5] dat1=0
Effect[5] dat2=0

Effect[6] type=0
Effect[6] trig=0
Effect[6] dat0=0
Effect[6] dat1=0
Effect[6] dat2=0

Effect[7] type=0
Effect[7] trig=0
Effect[7] dat0=0
Effect[7] dat1=0
Effect[7] dat2=0

sizeof itemdesc=71
wrote output file


Reading file:[DES12492.TXT]
Type=0
Sub=3
Numstackable=1
DestroyOn=0

Effect[0] type=1
Effect[0] trig=3
Effect[0] dat0=1
Effect[0] dat1=11
Effect[0] dat2=0

Effect[1] type=1
Effect[1] trig=4
Effect[1] dat0=0
Effect[1] dat1=0
Effect[1] dat2=0

Effect[2] type=0
Effect[2] trig=0
Effect[2] dat0=0
Effect[2] dat1=0
Effect[2] dat2=0

Effect[3] type=0
Effect[3] trig=0
Effect[3] dat0=0
Effect[3] dat1=0
Effect[3] dat2=0

Effect[4] type=0
Effect[4] trig=0
Effect[4] dat0=0
Effect[4] dat1=0
Effect[4] dat2=0

Effect[5] type=0
Effect[5] trig=0
Effect[5] dat0=0
Effect[5] dat1=0
Effect[5] dat2=0

Effect[6] type=0
Effect[6] trig=0
Effect[6] dat0=0
Effect[6] dat1=0
Effect[6] dat2=0

Effect[7] type=0
Effect[7] trig=0
Effect[7] dat0=0
Effect[7] dat1=0
Effect[7] dat2=0

sizeof itemdesc=71
wrote output file


Reading file:[DES12493.TXT]
Type=0
Sub=1
Numstackable=1
DestroyOn=0

Effect[0] type=1
Effect[0] trig=3
Effect[0] dat0=5
Effect[0] dat1=10
Effect[0] dat2=0

Effect[1] type=1
Effect[1] trig=4
Effect[1] dat0=0
Effect[1] dat1=0
Effect[1] dat2=0

Effect[2] type=0
Effect[2] trig=0
Effect[2] dat0=0
Effect[2] dat1=0
Effect[2] dat2=0

Effect[3] type=0
Effect[3] trig=0
Effect[3] dat0=0
Effect[3] dat1=0
Effect[3] dat2=0

Effect[4] type=0
Effect[4] trig=0
Effect[4] dat0=0
Effect[4] dat1=0
Effect[4] dat2=0

Effect[5] type=0
Effect[5] trig=0
Effect[5] dat0=0
Effect[5] dat1=0
Effect[5] dat2=0

Effect[6] type=0
Effect[6] trig=0
Effect[6] dat0=0
Effect[6] dat1=0
Effect[6] dat2=0

Effect[7] type=0
Effect[7] trig=0
Effect[7] dat0=0
Effect[7] dat1=0
Effect[7] dat2=0

sizeof itemdesc=71
wrote output file


Reading file:[DES12988.TXT]
Type=1
Sub=7
Numstackable=1
DestroyOn=0

Effect[0] type=2
Effect[0] trig=3
Effect[0] dat0=4
Effect[0] dat1=0
Effect[0] dat2=0

Effect[1] type=2
Effect[1] trig=4
Effect[1] dat0=0
Effect[1] dat1=0
Effect[1] dat2=0

Effect[2] type=0
Effect[2] trig=0
Effect[2] dat0=0
Effect[2] dat1=0
Effect[2] dat2=0

Effect[3] type=0
Effect[3] trig=0
Effect[3] dat0=0
Effect[3] dat1=0
Effect[3] dat2=0

Effect[4] type=0
Effect[4] trig=0
Effect[4] dat0=0
Effect[4] dat1=0
Effect[4] dat2=0

Effect[5] type=0
Effect[5] trig=0
Effect[5] dat0=0
Effect[5] dat1=0
Effect[5] dat2=0

Effect[6] type=0
Effect[6] trig=0
Effect[6] dat0=0
Effect[6] dat1=0
Effect[6] dat2=0

Effect[7] type=0
Effect[7] trig=0
Effect[7] dat0=0
Effect[7] dat1=0
Effect[7] dat2=0

sizeof itemdesc=71
wrote output file


Reading file:[DES12989.TXT]
Type=1
Sub=10
Numstackable=1
DestroyOn=0

Effect[0] type=2
Effect[0] trig=3
Effect[0] dat0=4
Effect[0] dat1=0
Effect[0] dat2=0

Effect[1] type=2
Effect[1] trig=4
Effect[1] dat0=0
Effect[1] dat1=0
Effect[1] dat2=0

Effect[2] type=0
Effect[2] trig=0
Effect[2] dat0=0
Effect[2] dat1=0
Effect[2] dat2=0

Effect[3] type=0
Effect[3] trig=0
Effect[3] dat0=0
Effect[3] dat1=0
Effect[3] dat2=0

Effect[4] type=0
Effect[4] trig=0
Effect[4] dat0=0
Effect[4] dat1=0
Effect[4] dat2=0

Effect[5] type=0
Effect[5] trig=0
Effect[5] dat0=0
Effect[5] dat1=0
Effect[5] dat2=0

Effect[6] type=0
Effect[6] trig=0
Effect[6] dat0=0
Effect[6] dat1=0
Effect[6] dat2=0

Effect[7] type=0
Effect[7] trig=0
Effect[7] dat0=0
Effect[7] dat1=0
Effect[7] dat2=0

sizeof itemdesc=71
wrote output file


Reading file:[DES12990.TXT]
Type=1
Sub=1
Numstackable=1
DestroyOn=0

Effect[0] type=2
Effect[0] trig=3
Effect[0] dat0=4
Effect[0] dat1=0
Effect[0] dat2=0

Effect[1] type=2
Effect[1] trig=4
Effect[1] dat0=0
Effect[1] dat1=0
Effect[1] dat2=0

Effect[2] type=0
Effect[2] trig=0
Effect[2] dat0=0
Effect[2] dat1=0
Effect[2] dat2=0

Effect[3] type=0
Effect[3] trig=0
Effect[3] dat0=0
Effect[3] dat1=0
Effect[3] dat2=0

Effect[4] type=0
Effect[4] trig=0
Effect[4] dat0=0
Effect[4] dat1=0
Effect[4] dat2=0

Effect[5] type=0
Effect[5] trig=0
Effect[5] dat0=0
Effect[5] dat1=0
Effect[5] dat2=0

Effect[6] type=0
Effect[6] trig=0
Effect[6] dat0=0
Effect[6] dat1=0
Effect[6] dat2=0

Effect[7] type=0
Effect[7] trig=0
Effect[7] dat0=0
Effect[7] dat1=0
Effect[7] dat2=0

sizeof itemdesc=71
wrote output file


Reading file:[DES12991.TXT]
Type=1
Sub=4
Numstackable=1
DestroyOn=0

Effect[0] type=2
Effect[0] trig=3
Effect[0] dat0=4
Effect[0] dat1=0
Effect[0] dat2=0

Effect[1] type=2
Effect[1] trig=4
Effect[1] dat0=0
Effect[1] dat1=0
Effect[1] dat2=0

Effect[2] type=0
Effect[2] trig=0
Effect[2] dat0=0
Effect[2] dat1=0
Effect[2] dat2=0

Effect[3] type=0
Effect[3] trig=0
Effect[3] dat0=0
Effect[3] dat1=0
Effect[3] dat2=0

Effect[4] type=0
Effect[4] trig=0
Effect[4] dat0=0
Effect[4] dat1=0
Effect[4] dat2=0

Effect[5] type=0
Effect[5] trig=0
Effect[5] dat0=0
Effect[5] dat1=0
Effect[5] dat2=0

Effect[6] type=0
Effect[6] trig=0
Effect[6] dat0=0
Effect[6] dat1=0
Effect[6] dat2=0

Effect[7] type=0
Effect[7] trig=0
Effect[7] dat0=0
Effect[7] dat1=0
Effect[7] dat2=0

sizeof itemdesc=71
wrote output file


Reading file:[DES12992.TXT]
Type=1
Sub=8
Numstackable=1
DestroyOn=0

Effect[0] type=2
Effect[0] trig=3
Effect[0] dat0=8
Effect[0] dat1=0
Effect[0] dat2=0

Effect[1] type=2
Effect[1] trig=4
Effect[1] dat0=0
Effect[1] dat1=0
Effect[1] dat2=0

Effect[2] type=0
Effect[2] trig=0
Effect[2] dat0=0
Effect[2] dat1=0
Effect[2] dat2=0

Effect[3] type=0
Effect[3] trig=0
Effect[3] dat0=0
Effect[3] dat1=0
Effect[3] dat2=0

Effect[4] type=0
Effect[4] trig=0
Effect[4] dat0=0
Effect[4] dat1=0
Effect[4] dat2=0

Effect[5] type=0
Effect[5] trig=0
Effect[5] dat0=0
Effect[5] dat1=0
Effect[5] dat2=0

Effect[6] type=0
Effect[6] trig=0
Effect[6] dat0=0
Effect[6] dat1=0
Effect[6] dat2=0

Effect[7] type=0
Effect[7] trig=0
Effect[7] dat0=0
Effect[7] dat1=0
Effect[7] dat2=0

sizeof itemdesc=71
wrote output file


Reading file:[DES12993.TXT]
Type=1
Sub=11
Numstackable=1
DestroyOn=0

Effect[0] type=2
Effect[0] trig=3
Effect[0] dat0=8
Effect[0] dat1=0
Effect[0] dat2=0

Effect[1] type=2
Effect[1] trig=4
Effect[1] dat0=0
Effect[1] dat1=0
Effect[1] dat2=0

Effect[2] type=0
Effect[2] trig=0
Effect[2] dat0=0
Effect[2] dat1=0
Effect[2] dat2=0

Effect[3] type=0
Effect[3] trig=0
Effect[3] dat0=0
Effect[3] dat1=0
Effect[3] dat2=0

Effect[4] type=0
Effect[4] trig=0
Effect[4] dat0=0
Effect[4] dat1=0
Effect[4] dat2=0

Effect[5] type=0
Effect[5] trig=0
Effect[5] dat0=0
Effect[5] dat1=0
Effect[5] dat2=0

Effect[6] type=0
Effect[6] trig=0
Effect[6] dat0=0
Effect[6] dat1=0
Effect[6] dat2=0

Effect[7] type=0
Effect[7] trig=0
Effect[7] dat0=0
Effect[7] dat1=0
Effect[7] dat2=0

sizeof itemdesc=71
wrote output file


Reading file:[DES12994.TXT]
Type=1
Sub=2
Numstackable=1
DestroyOn=0

Effect[0] type=2
Effect[0] trig=3
Effect[0] dat0=8
Effect[0] dat1=0
Effect[0] dat2=0

Effect[1] type=2
Effect[1] trig=4
Effect[1] dat0=0
Effect[1] dat1=0
Effect[1] dat2=0

Effect[2] type=0
Effect[2] trig=0
Effect[2] dat0=0
Effect[2] dat1=0
Effect[2] dat2=0

Effect[3] type=0
Effect[3] trig=0
Effect[3] dat0=0
Effect[3] dat1=0
Effect[3] dat2=0

Effect[4] type=0
Effect[4] trig=0
Effect[4] dat0=0
Effect[4] dat1=0
Effect[4] dat2=0

Effect[5] type=0
Effect[5] trig=0
Effect[5] dat0=0
Effect[5] dat1=0
Effect[5] dat2=0

Effect[6] type=0
Effect[6] trig=0
Effect[6] dat0=0
Effect[6] dat1=0
Effect[6] dat2=0

Effect[7] type=0
Effect[7] trig=0
Effect[7] dat0=0
Effect[7] dat1=0
Effect[7] dat2=0

sizeof itemdesc=71
wrote output file


Reading file:[DES12995.TXT]
Type=1
Sub=5
Numstackable=1
DestroyOn=0

Effect[0] type=2
Effect[0] trig=3
Effect[0] dat0=8
Effect[0] dat1=0
Effect[0] dat2=0

Effect[1] type=2
Effect[1] trig=4
Effect[1] dat0=0
Effect[1] dat1=0
Effect[1] dat2=0

Effect[2] type=0
Effect[2] trig=0
Effect[2] dat0=0
Effect[2] dat1=0
Effect[2] dat2=0

Effect[3] type=0
Effect[3] trig=0
Effect[3] dat0=0
Effect[3] dat1=0
Effect[3] dat2=0

Effect[4] type=0
Effect[4] trig=0
Effect[4] dat0=0
Effect[4] dat1=0
Effect[4] dat2=0

Effect[5] type=0
Effect[5] trig=0
Effect[5] dat0=0
Effect[5] dat1=0
Effect[5] dat2=0

Effect[6] type=0
Effect[6] trig=0
Effect[6] dat0=0
Effect[6] dat1=0
Effect[6] dat2=0

Effect[7] type=0
Effect[7] trig=0
Effect[7] dat0=0
Effect[7] dat1=0
Effect[7] dat2=0

sizeof itemdesc=71
wrote output file


Reading file:[DES12996.TXT]
Type=1
Sub=9
Numstackable=1
DestroyOn=0

Effect[0] type=2
Effect[0] trig=3
Effect[0] dat0=12
Effect[0] dat1=0
Effect[0] dat2=0

Effect[1] type=2
Effect[1] trig=4
Effect[1] dat0=0
Effect[1] dat1=0
Effect[1] dat2=0

Effect[2] type=0
Effect[2] trig=0
Effect[2] dat0=0
Effect[2] dat1=0
Effect[2] dat2=0

Effect[3] type=0
Effect[3] trig=0
Effect[3] dat0=0
Effect[3] dat1=0
Effect[3] dat2=0

Effect[4] type=0
Effect[4] trig=0
Effect[4] dat0=0
Effect[4] dat1=0
Effect[4] dat2=0

Effect[5] type=0
Effect[5] trig=0
Effect[5] dat0=0
Effect[5] dat1=0
Effect[5] dat2=0

Effect[6] type=0
Effect[6] trig=0
Effect[6] dat0=0
Effect[6] dat1=0
Effect[6] dat2=0

Effect[7] type=0
Effect[7] trig=0
Effect[7] dat0=0
Effect[7] dat1=0
Effect[7] dat2=0

sizeof itemdesc=71
wrote output file


Reading file:[DES12997.TXT]
Type=1
Sub=12
Numstackable=1
DestroyOn=0

Effect[0] type=2
Effect[0] trig=3
Effect[0] dat0=12
Effect[0] dat1=0
Effect[0] dat2=0

Effect[1] type=2
Effect[1] trig=4
Effect[1] dat0=0
Effect[1] dat1=0
Effect[1] dat2=0

Effect[2] type=0
Effect[2] trig=0
Effect[2] dat0=0
Effect[2] dat1=0
Effect[2] dat2=0

Effect[3] type=0
Effect[3] trig=0
Effect[3] dat0=0
Effect[3] dat1=0
Effect[3] dat2=0

Effect[4] type=0
Effect[4] trig=0
Effect[4] dat0=0
Effect[4] dat1=0
Effect[4] dat2=0

Effect[5] type=0
Effect[5] trig=0
Effect[5] dat0=0
Effect[5] dat1=0
Effect[5] dat2=0

Effect[6] type=0
Effect[6] trig=0
Effect[6] dat0=0
Effect[6] dat1=0
Effect[6] dat2=0

Effect[7] type=0
Effect[7] trig=0
Effect[7] dat0=0
Effect[7] dat1=0
Effect[7] dat2=0

sizeof itemdesc=71
wrote output file


Reading file:[DES12998.TXT]
Type=1
Sub=3
Numstackable=1
DestroyOn=0

Effect[0] type=2
Effect[0] trig=3
Effect[0] dat0=12
Effect[0] dat1=0
Effect[0] dat2=0

Effect[1] type=2
Effect[1] trig=4
Effect[1] dat0=0
Effect[1] dat1=0
Effect[1] dat2=0

Effect[2] type=0
Effect[2] trig=0
Effect[2] dat0=0
Effect[2] dat1=0
Effect[2] dat2=0

Effect[3] type=0
Effect[3] trig=0
Effect[3] dat0=0
Effect[3] dat1=0
Effect[3] dat2=0

Effect[4] type=0
Effect[4] trig=0
Effect[4] dat0=0
Effect[4] dat1=0
Effect[4] dat2=0

Effect[5] type=0
Effect[5] trig=0
Effect[5] dat0=0
Effect[5] dat1=0
Effect[5] dat2=0

Effect[6] type=0
Effect[6] trig=0
Effect[6] dat0=0
Effect[6] dat1=0
Effect[6] dat2=0

Effect[7] type=0
Effect[7] trig=0
Effect[7] dat0=0
Effect[7] dat1=0
Effect[7] dat2=0

sizeof itemdesc=71
wrote output file


Reading file:[DES12999.TXT]
Type=1
Sub=6
Numstackable=1
DestroyOn=0

Effect[0] type=2
Effect[0] trig=3
Effect[0] dat0=12
Effect[0] dat1=0
Effect[0] dat2=0

Effect[1] type=2
Effect[1] trig=4
Effect[1] dat0=0
Effect[1] dat1=0
Effect[1] dat2=0

Effect[2] type=0
Effect[2] trig=0
Effect[2] dat0=0
Effect[2] dat1=0
Effect[2] dat2=0

Effect[3] type=0
Effect[3] trig=0
Effect[3] dat0=0
Effect[3] dat1=0
Effect[3] dat2=0

Effect[4] type=0
Effect[4] trig=0
Effect[4] dat0=0
Effect[4] dat1=0
Effect[4] dat2=0

Effect[5] type=0
Effect[5] trig=0
Effect[5] dat0=0
Effect[5] dat1=0
Effect[5] dat2=0

Effect[6] type=0
Effect[6] trig=0
Effect[6] dat0=0
Effect[6] dat1=0
Effect[6] dat2=0

Effect[7] type=0
Effect[7] trig=0
Effect[7] dat0=0
Effect[7] dat1=0
Effect[7] dat2=0

sizeof itemdesc=71
wrote output file


Reading file:[DES13000.TXT]
Type=1
Sub=13
Numstackable=1
DestroyOn=0

Effect[0] type=2
Effect[0] trig=3
Effect[0] dat0=20
Effect[0] dat1=0
Effect[0] dat2=0

Effect[1] type=2
Effect[1] trig=4
Effect[1] dat0=0
Effect[1] dat1=0
Effect[1] dat2=0

Effect[2] type=0
Effect[2] trig=0
Effect[2] dat0=0
Effect[2] dat1=0
Effect[2] dat2=0

Effect[3] type=0
Effect[3] trig=0
Effect[3] dat0=0
Effect[3] dat1=0
Effect[3] dat2=0

Effect[4] type=0
Effect[4] trig=0
Effect[4] dat0=0
Effect[4] dat1=0
Effect[4] dat2=0

Effect[5] type=0
Effect[5] trig=0
Effect[5] dat0=0
Effect[5] dat1=0
Effect[5] dat2=0

Effect[6] type=0
Effect[6] trig=0
Effect[6] dat0=0
Effect[6] dat1=0
Effect[6] dat2=0

Effect[7] type=0
Effect[7] trig=0
Effect[7] dat0=0
Effect[7] dat1=0
Effect[7] dat2=0

sizeof itemdesc=71
wrote output file


Reading file:[DES20680.TXT]
Type=0
Sub=2
Numstackable=1
DestroyOn=0

Effect[0] type=1
Effect[0] trig=3
Effect[0] dat0=6
Effect[0] dat1=7
Effect[0] dat2=10

Effect[1] type=1
Effect[1] trig=4
Effect[1] dat0=0
Effect[1] dat1=0
Effect[1] dat2=0

Effect[2] type=0
Effect[2] trig=0
Effect[2] dat0=0
Effect[2] dat1=0
Effect[2] dat2=0

Effect[3] type=0
Effect[3] trig=0
Effect[3] dat0=0
Effect[3] dat1=0
Effect[3] dat2=0

Effect[4] type=0
Effect[4] trig=0
Effect[4] dat0=0
Effect[4] dat1=0
Effect[4] dat2=0

Effect[5] type=0
Effect[5] trig=0
Effect[5] dat0=0
Effect[5] dat1=0
Effect[5] dat2=0

Effect[6] type=0
Effect[6] trig=0
Effect[6] dat0=0
Effect[6] dat1=0
Effect[6] dat2=0

Effect[7] type=0
Effect[7] trig=0
Effect[7] dat0=0
Effect[7] dat1=0
Effect[7] dat2=0

sizeof itemdesc=71
wrote output file


Reading file:[DES20681.TXT]
Type=0
Sub=5
Numstackable=1
DestroyOn=0

Effect[0] type=1
Effect[0] trig=3
Effect[0] dat0=5
Effect[0] dat1=11
Effect[0] dat2=0

Effect[1] type=1
Effect[1] trig=4
Effect[1] dat0=0
Effect[1] dat1=0
Effect[1] dat2=0

Effect[2] type=0
Effect[2] trig=0
Effect[2] dat0=0
Effect[2] dat1=0
Effect[2] dat2=0

Effect[3] type=0
Effect[3] trig=0
Effect[3] dat0=0
Effect[3] dat1=0
Effect[3] dat2=0

Effect[4] type=0
Effect[4] trig=0
Effect[4] dat0=0
Effect[4] dat1=0
Effect[4] dat2=0

Effect[5] type=0
Effect[5] trig=0
Effect[5] dat0=0
Effect[5] dat1=0
Effect[5] dat2=0

Effect[6] type=0
Effect[6] trig=0
Effect[6] dat0=0
Effect[6] dat1=0
Effect[6] dat2=0

Effect[7] type=0
Effect[7] trig=0
Effect[7] dat0=0
Effect[7] dat1=0
Effect[7] dat2=0

sizeof itemdesc=71
wrote output file


Reading file:[DES20682.TXT]
Type=0
Sub=6
Numstackable=1
DestroyOn=0

Effect[0] type=1
Effect[0] trig=3
Effect[0] dat0=7
Effect[0] dat1=8
Effect[0] dat2=0

Effect[1] type=1
Effect[1] trig=4
Effect[1] dat0=0
Effect[1] dat1=0
Effect[1] dat2=0

Effect[2] type=0
Effect[2] trig=0
Effect[2] dat0=0
Effect[2] dat1=0
Effect[2] dat2=0

Effect[3] type=0
Effect[3] trig=0
Effect[3] dat0=0
Effect[3] dat1=0
Effect[3] dat2=0

Effect[4] type=0
Effect[4] trig=0
Effect[4] dat0=0
Effect[4] dat1=0
Effect[4] dat2=0

Effect[5] type=0
Effect[5] trig=0
Effect[5] dat0=0
Effect[5] dat1=0
Effect[5] dat2=0

Effect[6] type=0
Effect[6] trig=0
Effect[6] dat0=0
Effect[6] dat1=0
Effect[6] dat2=0

Effect[7] type=0
Effect[7] trig=0
Effect[7] dat0=0
Effect[7] dat1=0
Effect[7] dat2=0

sizeof itemdesc=71
wrote output file


Reading file:[DES20683.TXT]
Type=0
Sub=4
Numstackable=1
DestroyOn=0

Effect[0] type=1
Effect[0] trig=3
Effect[0] dat0=1
Effect[0] dat1=11
Effect[0] dat2=10

Effect[1] type=1
Effect[1] trig=4
Effect[1] dat0=0
Effect[1] dat1=0
Effect[1] dat2=0

Effect[2] type=0
Effect[2] trig=0
Effect[2] dat0=0
Effect[2] dat1=0
Effect[2] dat2=0

Effect[3] type=0
Effect[3] trig=0
Effect[3] dat0=0
Effect[3] dat1=0
Effect[3] dat2=0

Effect[4] type=0
Effect[4] trig=0
Effect[4] dat0=0
Effect[4] dat1=0
Effect[4] dat2=0

Effect[5] type=0
Effect[5] trig=0
Effect[5] dat0=0
Effect[5] dat1=0
Effect[5] dat2=0

Effect[6] type=0
Effect[6] trig=0
Effect[6] dat0=0
Effect[6] dat1=0
Effect[6] dat2=0

Effect[7] type=0
Effect[7] trig=0
Effect[7] dat0=0
Effect[7] dat1=0
Effect[7] dat2=0

sizeof itemdesc=71
wrote output file


Reading file:[DES20684.TXT]
Type=0
Sub=3
Numstackable=1
DestroyOn=0

Effect[0] type=1
Effect[0] trig=3
Effect[0] dat0=1
Effect[0] dat1=13
Effect[0] dat2=0

Effect[1] type=1
Effect[1] trig=4
Effect[1] dat0=0
Effect[1] dat1=0
Effect[1] dat2=0

Effect[2] type=0
Effect[2] trig=0
Effect[2] dat0=0
Effect[2] dat1=0
Effect[2] dat2=0

Effect[3] type=0
Effect[3] trig=0
Effect[3] dat0=0
Effect[3] dat1=0
Effect[3] dat2=0

Effect[4] type=0
Effect[4] trig=0
Effect[4] dat0=0
Effect[4] dat1=0
Effect[4] dat2=0

Effect[5] type=0
Effect[5] trig=0
Effect[5] dat0=0
Effect[5] dat1=0
Effect[5] dat2=0

Effect[6] type=0
Effect[6] trig=0
Effect[6] dat0=0
Effect[6] dat1=0
Effect[6] dat2=0

Effect[7] type=0
Effect[7] trig=0
Effect[7] dat0=0
Effect[7] dat1=0
Effect[7] dat2=0

sizeof itemdesc=71
wrote output file


Reading file:[DES20685.TXT]
Type=0
Sub=1
Numstackable=1
DestroyOn=0

Effect[0] type=1
Effect[0] trig=3
Effect[0] dat0=5
Effect[0] dat1=12
Effect[0] dat2=0

Effect[1] type=1
Effect[1] trig=4
Effect[1] dat0=0
Effect[1] dat1=0
Effect[1] dat2=0

Effect[2] type=0
Effect[2] trig=0
Effect[2] dat0=0
Effect[2] dat1=0
Effect[2] dat2=0

Effect[3] type=0
Effect[3] trig=0
Effect[3] dat0=0
Effect[3] dat1=0
Effect[3] dat2=0

Effect[4] type=0
Effect[4] trig=0
Effect[4] dat0=0
Effect[4] dat1=0
Effect[4] dat2=0

Effect[5] type=0
Effect[5] trig=0
Effect[5] dat0=0
Effect[5] dat1=0
Effect[5] dat2=0

Effect[6] type=0
Effect[6] trig=0
Effect[6] dat0=0
Effect[6] dat1=0
Effect[6] dat2=0

Effect[7] type=0
Effect[7] trig=0
Effect[7] dat0=0
Effect[7] dat1=0
Effect[7] dat2=0

sizeof itemdesc=71
wrote output file


Reading file:[DES21180.TXT]
Type=1
Sub=7
Numstackable=1
DestroyOn=0

Effect[0] type=2
Effect[0] trig=3
Effect[0] dat0=9
Effect[0] dat1=0
Effect[0] dat2=0

Effect[1] type=2
Effect[1] trig=4
Effect[1] dat0=0
Effect[1] dat1=0
Effect[1] dat2=0

Effect[2] type=0
Effect[2] trig=0
Effect[2] dat0=0
Effect[2] dat1=0
Effect[2] dat2=0

Effect[3] type=0
Effect[3] trig=0
Effect[3] dat0=0
Effect[3] dat1=0
Effect[3] dat2=0

Effect[4] type=0
Effect[4] trig=0
Effect[4] dat0=0
Effect[4] dat1=0
Effect[4] dat2=0

Effect[5] type=0
Effect[5] trig=0
Effect[5] dat0=0
Effect[5] dat1=0
Effect[5] dat2=0

Effect[6] type=0
Effect[6] trig=0
Effect[6] dat0=0
Effect[6] dat1=0
Effect[6] dat2=0

Effect[7] type=0
Effect[7] trig=0
Effect[7] dat0=0
Effect[7] dat1=0
Effect[7] dat2=0

sizeof itemdesc=71
wrote output file


Reading file:[DES21181.TXT]
Type=1
Sub=10
Numstackable=1
DestroyOn=0

Effect[0] type=2
Effect[0] trig=3
Effect[0] dat0=9
Effect[0] dat1=0
Effect[0] dat2=0

Effect[1] type=2
Effect[1] trig=4
Effect[1] dat0=0
Effect[1] dat1=0
Effect[1] dat2=0

Effect[2] type=0
Effect[2] trig=0
Effect[2] dat0=0
Effect[2] dat1=0
Effect[2] dat2=0

Effect[3] type=0
Effect[3] trig=0
Effect[3] dat0=0
Effect[3] dat1=0
Effect[3] dat2=0

Effect[4] type=0
Effect[4] trig=0
Effect[4] dat0=0
Effect[4] dat1=0
Effect[4] dat2=0

Effect[5] type=0
Effect[5] trig=0
Effect[5] dat0=0
Effect[5] dat1=0
Effect[5] dat2=0

Effect[6] type=0
Effect[6] trig=0
Effect[6] dat0=0
Effect[6] dat1=0
Effect[6] dat2=0

Effect[7] type=0
Effect[7] trig=0
Effect[7] dat0=0
Effect[7] dat1=0
Effect[7] dat2=0

sizeof itemdesc=71
wrote output file


Reading file:[DES21182.TXT]
Type=1
Sub=1
Numstackable=1
DestroyOn=0

Effect[0] type=2
Effect[0] trig=3
Effect[0] dat0=9
Effect[0] dat1=0
Effect[0] dat2=0

Effect[1] type=2
Effect[1] trig=4
Effect[1] dat0=0
Effect[1] dat1=0
Effect[1] dat2=0

Effect[2] type=0
Effect[2] trig=0
Effect[2] dat0=0
Effect[2] dat1=0
Effect[2] dat2=0

Effect[3] type=0
Effect[3] trig=0
Effect[3] dat0=0
Effect[3] dat1=0
Effect[3] dat2=0

Effect[4] type=0
Effect[4] trig=0
Effect[4] dat0=0
Effect[4] dat1=0
Effect[4] dat2=0

Effect[5] type=0
Effect[5] trig=0
Effect[5] dat0=0
Effect[5] dat1=0
Effect[5] dat2=0

Effect[6] type=0
Effect[6] trig=0
Effect[6] dat0=0
Effect[6] dat1=0
Effect[6] dat2=0

Effect[7] type=0
Effect[7] trig=0
Effect[7] dat0=0
Effect[7] dat1=0
Effect[7] dat2=0

sizeof itemdesc=71
wrote output file


Reading file:[DES21183.TXT]
Type=1
Sub=4
Numstackable=1
DestroyOn=0

Effect[0] type=2
Effect[0] trig=3
Effect[0] dat0=9
Effect[0] dat1=0
Effect[0] dat2=0

Effect[1] type=2
Effect[1] trig=4
Effect[1] dat0=0
Effect[1] dat1=0
Effect[1] dat2=0

Effect[2] type=0
Effect[2] trig=0
Effect[2] dat0=0
Effect[2] dat1=0
Effect[2] dat2=0

Effect[3] type=0
Effect[3] trig=0
Effect[3] dat0=0
Effect[3] dat1=0
Effect[3] dat2=0

Effect[4] type=0
Effect[4] trig=0
Effect[4] dat0=0
Effect[4] dat1=0
Effect[4] dat2=0

Effect[5] type=0
Effect[5] trig=0
Effect[5] dat0=0
Effect[5] dat1=0
Effect[5] dat2=0

Effect[6] type=0
Effect[6] trig=0
Effect[6] dat0=0
Effect[6] dat1=0
Effect[6] dat2=0

Effect[7] type=0
Effect[7] trig=0
Effect[7] dat0=0
Effect[7] dat1=0
Effect[7] dat2=0

sizeof itemdesc=71
wrote output file


Reading file:[DES21184.TXT]
Type=1
Sub=8
Numstackable=1
DestroyOn=0

Effect[0] type=2
Effect[0] trig=3
Effect[0] dat0=18
Effect[0] dat1=0
Effect[0] dat2=0

Effect[1] type=2
Effect[1] trig=4
Effect[1] dat0=0
Effect[1] dat1=0
Effect[1] dat2=0

Effect[2] type=0
Effect[2] trig=0
Effect[2] dat0=0
Effect[2] dat1=0
Effect[2] dat2=0

Effect[3] type=0
Effect[3] trig=0
Effect[3] dat0=0
Effect[3] dat1=0
Effect[3] dat2=0

Effect[4] type=0
Effect[4] trig=0
Effect[4] dat0=0
Effect[4] dat1=0
Effect[4] dat2=0

Effect[5] type=0
Effect[5] trig=0
Effect[5] dat0=0
Effect[5] dat1=0
Effect[5] dat2=0

Effect[6] type=0
Effect[6] trig=0
Effect[6] dat0=0
Effect[6] dat1=0
Effect[6] dat2=0

Effect[7] type=0
Effect[7] trig=0
Effect[7] dat0=0
Effect[7] dat1=0
Effect[7] dat2=0

sizeof itemdesc=71
wrote output file


Reading file:[DES21185.TXT]
Type=1
Sub=11
Numstackable=1
DestroyOn=0

Effect[0] type=2
Effect[0] trig=3
Effect[0] dat0=18
Effect[0] dat1=0
Effect[0] dat2=0

Effect[1] type=2
Effect[1] trig=4
Effect[1] dat0=0
Effect[1] dat1=0
Effect[1] dat2=0

Effect[2] type=0
Effect[2] trig=0
Effect[2] dat0=0
Effect[2] dat1=0
Effect[2] dat2=0

Effect[3] type=0
Effect[3] trig=0
Effect[3] dat0=0
Effect[3] dat1=0
Effect[3] dat2=0

Effect[4] type=0
Effect[4] trig=0
Effect[4] dat0=0
Effect[4] dat1=0
Effect[4] dat2=0

Effect[5] type=0
Effect[5] trig=0
Effect[5] dat0=0
Effect[5] dat1=0
Effect[5] dat2=0

Effect[6] type=0
Effect[6] trig=0
Effect[6] dat0=0
Effect[6] dat1=0
Effect[6] dat2=0

Effect[7] type=0
Effect[7] trig=0
Effect[7] dat0=0
Effect[7] dat1=0
Effect[7] dat2=0

sizeof itemdesc=71
wrote output file


Reading file:[DES21186.TXT]
Type=1
Sub=2
Numstackable=1
DestroyOn=0

Effect[0] type=2
Effect[0] trig=3
Effect[0] dat0=18
Effect[0] dat1=0
Effect[0] dat2=0

Effect[1] type=2
Effect[1] trig=4
Effect[1] dat0=0
Effect[1] dat1=0
Effect[1] dat2=0

Effect[2] type=0
Effect[2] trig=0
Effect[2] dat0=0
Effect[2] dat1=0
Effect[2] dat2=0

Effect[3] type=0
Effect[3] trig=0
Effect[3] dat0=0
Effect[3] dat1=0
Effect[3] dat2=0

Effect[4] type=0
Effect[4] trig=0
Effect[4] dat0=0
Effect[4] dat1=0
Effect[4] dat2=0

Effect[5] type=0
Effect[5] trig=0
Effect[5] dat0=0
Effect[5] dat1=0
Effect[5] dat2=0

Effect[6] type=0
Effect[6] trig=0
Effect[6] dat0=0
Effect[6] dat1=0
Effect[6] dat2=0

Effect[7] type=0
Effect[7] trig=0
Effect[7] dat0=0
Effect[7] dat1=0
Effect[7] dat2=0

sizeof itemdesc=71
wrote output file


Reading file:[DES21187.TXT]
Type=1
Sub=5
Numstackable=1
DestroyOn=0

Effect[0] type=2
Effect[0] trig=3
Effect[0] dat0=18
Effect[0] dat1=0
Effect[0] dat2=0

Effect[1] type=2
Effect[1] trig=4
Effect[1] dat0=0
Effect[1] dat1=0
Effect[1] dat2=0

Effect[2] type=0
Effect[2] trig=0
Effect[2] dat0=0
Effect[2] dat1=0
Effect[2] dat2=0

Effect[3] type=0
Effect[3] trig=0
Effect[3] dat0=0
Effect[3] dat1=0
Effect[3] dat2=0

Effect[4] type=0
Effect[4] trig=0
Effect[4] dat0=0
Effect[4] dat1=0
Effect[4] dat2=0

Effect[5] type=0
Effect[5] trig=0
Effect[5] dat0=0
Effect[5] dat1=0
Effect[5] dat2=0

Effect[6] type=0
Effect[6] trig=0
Effect[6] dat0=0
Effect[6] dat1=0
Effect[6] dat2=0

Effect[7] type=0
Effect[7] trig=0
Effect[7] dat0=0
Effect[7] dat1=0
Effect[7] dat2=0

sizeof itemdesc=71
wrote output file


Reading file:[DES21188.TXT]
Type=1
Sub=9
Numstackable=1
DestroyOn=0

Effect[0] type=2
Effect[0] trig=3
Effect[0] dat0=28
Effect[0] dat1=0
Effect[0] dat2=0

Effect[1] type=2
Effect[1] trig=4
Effect[1] dat0=0
Effect[1] dat1=0
Effect[1] dat2=0

Effect[2] type=0
Effect[2] trig=0
Effect[2] dat0=0
Effect[2] dat1=0
Effect[2] dat2=0

Effect[3] type=0
Effect[3] trig=0
Effect[3] dat0=0
Effect[3] dat1=0
Effect[3] dat2=0

Effect[4] type=0
Effect[4] trig=0
Effect[4] dat0=0
Effect[4] dat1=0
Effect[4] dat2=0

Effect[5] type=0
Effect[5] trig=0
Effect[5] dat0=0
Effect[5] dat1=0
Effect[5] dat2=0

Effect[6] type=0
Effect[6] trig=0
Effect[6] dat0=0
Effect[6] dat1=0
Effect[6] dat2=0

Effect[7] type=0
Effect[7] trig=0
Effect[7] dat0=0
Effect[7] dat1=0
Effect[7] dat2=0

sizeof itemdesc=71
wrote output file


Reading file:[DES21189.TXT]
Type=1
Sub=12
Numstackable=1
DestroyOn=0

Effect[0] type=2
Effect[0] trig=3
Effect[0] dat0=28
Effect[0] dat1=0
Effect[0] dat2=0

Effect[1] type=2
Effect[1] trig=4
Effect[1] dat0=0
Effect[1] dat1=0
Effect[1] dat2=0

Effect[2] type=0
Effect[2] trig=0
Effect[2] dat0=0
Effect[2] dat1=0
Effect[2] dat2=0

Effect[3] type=0
Effect[3] trig=0
Effect[3] dat0=0
Effect[3] dat1=0
Effect[3] dat2=0

Effect[4] type=0
Effect[4] trig=0
Effect[4] dat0=0
Effect[4] dat1=0
Effect[4] dat2=0

Effect[5] type=0
Effect[5] trig=0
Effect[5] dat0=0
Effect[5] dat1=0
Effect[5] dat2=0

Effect[6] type=0
Effect[6] trig=0
Effect[6] dat0=0
Effect[6] dat1=0
Effect[6] dat2=0

Effect[7] type=0
Effect[7] trig=0
Effect[7] dat0=0
Effect[7] dat1=0
Effect[7] dat2=0

sizeof itemdesc=71
wrote output file


Reading file:[DES21190.TXT]
Type=1
Sub=3
Numstackable=1
DestroyOn=0

Effect[0] type=2
Effect[0] trig=3
Effect[0] dat0=28
Effect[0] dat1=0
Effect[0] dat2=0

Effect[1] type=2
Effect[1] trig=4
Effect[1] dat0=0
Effect[1] dat1=0
Effect[1] dat2=0

Effect[2] type=0
Effect[2] trig=0
Effect[2] dat0=0
Effect[2] dat1=0
Effect[2] dat2=0

Effect[3] type=0
Effect[3] trig=0
Effect[3] dat0=0
Effect[3] dat1=0
Effect[3] dat2=0

Effect[4] type=0
Effect[4] trig=0
Effect[4] dat0=0
Effect[4] dat1=0
Effect[4] dat2=0

Effect[5] type=0
Effect[5] trig=0
Effect[5] dat0=0
Effect[5] dat1=0
Effect[5] dat2=0

Effect[6] type=0
Effect[6] trig=0
Effect[6] dat0=0
Effect[6] dat1=0
Effect[6] dat2=0

Effect[7] type=0
Effect[7] trig=0
Effect[7] dat0=0
Effect[7] dat1=0
Effect[7] dat2=0

sizeof itemdesc=71
wrote output file


Reading file:[DES21191.TXT]
Type=1
Sub=6
Numstackable=1
DestroyOn=0

Effect[0] type=2
Effect[0] trig=3
Effect[0] dat0=28
Effect[0] dat1=0
Effect[0] dat2=0

Effect[1] type=2
Effect[1] trig=4
Effect[1] dat0=0
Effect[1] dat1=0
Effect[1] dat2=0

Effect[2] type=0
Effect[2] trig=0
Effect[2] dat0=0
Effect[2] dat1=0
Effect[2] dat2=0

Effect[3] type=0
Effect[3] trig=0
Effect[3] dat0=0
Effect[3] dat1=0
Effect[3] dat2=0

Effect[4] type=0
Effect[4] trig=0
Effect[4] dat0=0
Effect[4] dat1=0
Effect[4] dat2=0

Effect[5] type=0
Effect[5] trig=0
Effect[5] dat0=0
Effect[5] dat1=0
Effect[5] dat2=0

Effect[6] type=0
Effect[6] trig=0
Effect[6] dat0=0
Effect[6] dat1=0
Effect[6] dat2=0

Effect[7] type=0
Effect[7] trig=0
Effect[7] dat0=0
Effect[7] dat1=0
Effect[7] dat2=0

sizeof itemdesc=71
wrote output file


Reading file:[DES21192.TXT]
Type=1
Sub=13
Numstackable=1
DestroyOn=0

Effect[0] type=2
Effect[0] trig=3
Effect[0] dat0=40
Effect[0] dat1=0
Effect[0] dat2=0

Effect[1] type=2
Effect[1] trig=4
Effect[1] dat0=0
Effect[1] dat1=0
Effect[1] dat2=0

Effect[2] type=0
Effect[2] trig=0
Effect[2] dat0=0
Effect[2] dat1=0
Effect[2] dat2=0

Effect[3] type=0
Effect[3] trig=0
Effect[3] dat0=0
Effect[3] dat1=0
Effect[3] dat2=0

Effect[4] type=0
Effect[4] trig=0
Effect[4] dat0=0
Effect[4] dat1=0
Effect[4] dat2=0

Effect[5] type=0
Effect[5] trig=0
Effect[5] dat0=0
Effect[5] dat1=0
Effect[5] dat2=0

Effect[6] type=0
Effect[6] trig=0
Effect[6] dat0=0
Effect[6] dat1=0
Effect[6] dat2=0

Effect[7] type=0
Effect[7] trig=0
Effect[7] dat0=0
Effect[7] dat1=0
Effect[7] dat2=0

sizeof itemdesc=71
wrote output file


Reading file:[DES24776.TXT]
Type=0
Sub=2
Numstackable=1
DestroyOn=0

Effect[0] type=1
Effect[0] trig=3
Effect[0] dat0=6
Effect[0] dat1=8
Effect[0] dat2=10

Effect[1] type=1
Effect[1] trig=4
Effect[1] dat0=0
Effect[1] dat1=0
Effect[1] dat2=0

Effect[2] type=0
Effect[2] trig=0
Effect[2] dat0=0
Effect[2] dat1=0
Effect[2] dat2=0

Effect[3] type=0
Effect[3] trig=0
Effect[3] dat0=0
Effect[3] dat1=0
Effect[3] dat2=0

Effect[4] type=0
Effect[4] trig=0
Effect[4] dat0=0
Effect[4] dat1=0
Effect[4] dat2=0

Effect[5] type=0
Effect[5] trig=0
Effect[5] dat0=0
Effect[5] dat1=0
Effect[5] dat2=0

Effect[6] type=0
Effect[6] trig=0
Effect[6] dat0=0
Effect[6] dat1=0
Effect[6] dat2=0

Effect[7] type=0
Effect[7] trig=0
Effect[7] dat0=0
Effect[7] dat1=0
Effect[7] dat2=0

sizeof itemdesc=71
wrote output file


Reading file:[DES24777.TXT]
Type=0
Sub=5
Numstackable=1
DestroyOn=0

Effect[0] type=1
Effect[0] trig=3
Effect[0] dat0=5
Effect[0] dat1=12
Effect[0] dat2=0

Effect[1] type=1
Effect[1] trig=4
Effect[1] dat0=0
Effect[1] dat1=0
Effect[1] dat2=0

Effect[2] type=0
Effect[2] trig=0
Effect[2] dat0=0
Effect[2] dat1=0
Effect[2] dat2=0

Effect[3] type=0
Effect[3] trig=0
Effect[3] dat0=0
Effect[3] dat1=0
Effect[3] dat2=0

Effect[4] type=0
Effect[4] trig=0
Effect[4] dat0=0
Effect[4] dat1=0
Effect[4] dat2=0

Effect[5] type=0
Effect[5] trig=0
Effect[5] dat0=0
Effect[5] dat1=0
Effect[5] dat2=0

Effect[6] type=0
Effect[6] trig=0
Effect[6] dat0=0
Effect[6] dat1=0
Effect[6] dat2=0

Effect[7] type=0
Effect[7] trig=0
Effect[7] dat0=0
Effect[7] dat1=0
Effect[7] dat2=0

sizeof itemdesc=71
wrote output file


Reading file:[DES24778.TXT]
Type=0
Sub=6
Numstackable=1
DestroyOn=0

Effect[0] type=1
Effect[0] trig=3
Effect[0] dat0=7
Effect[0] dat1=10
Effect[0] dat2=0

Effect[1] type=1
Effect[1] trig=4
Effect[1] dat0=0
Effect[1] dat1=0
Effect[1] dat2=0

Effect[2] type=0
Effect[2] trig=0
Effect[2] dat0=0
Effect[2] dat1=0
Effect[2] dat2=0

Effect[3] type=0
Effect[3] trig=0
Effect[3] dat0=0
Effect[3] dat1=0
Effect[3] dat2=0

Effect[4] type=0
Effect[4] trig=0
Effect[4] dat0=0
Effect[4] dat1=0
Effect[4] dat2=0

Effect[5] type=0
Effect[5] trig=0
Effect[5] dat0=0
Effect[5] dat1=0
Effect[5] dat2=0

Effect[6] type=0
Effect[6] trig=0
Effect[6] dat0=0
Effect[6] dat1=0
Effect[6] dat2=0

Effect[7] type=0
Effect[7] trig=0
Effect[7] dat0=0
Effect[7] dat1=0
Effect[7] dat2=0

sizeof itemdesc=71
wrote output file


Reading file:[DES24779.TXT]
Type=0
Sub=4
Numstackable=1
DestroyOn=0

Effect[0] type=1
Effect[0] trig=3
Effect[0] dat0=1
Effect[0] dat1=12
Effect[0] dat2=10

Effect[1] type=1
Effect[1] trig=4
Effect[1] dat0=0
Effect[1] dat1=0
Effect[1] dat2=0

Effect[2] type=0
Effect[2] trig=0
Effect[2] dat0=0
Effect[2] dat1=0
Effect[2] dat2=0

Effect[3] type=0
Effect[3] trig=0
Effect[3] dat0=0
Effect[3] dat1=0
Effect[3] dat2=0

Effect[4] type=0
Effect[4] trig=0
Effect[4] dat0=0
Effect[4] dat1=0
Effect[4] dat2=0

Effect[5] type=0
Effect[5] trig=0
Effect[5] dat0=0
Effect[5] dat1=0
Effect[5] dat2=0

Effect[6] type=0
Effect[6] trig=0
Effect[6] dat0=0
Effect[6] dat1=0
Effect[6] dat2=0

Effect[7] type=0
Effect[7] trig=0
Effect[7] dat0=0
Effect[7] dat1=0
Effect[7] dat2=0

sizeof itemdesc=71
wrote output file


Reading file:[DES24780.TXT]
Type=0
Sub=3
Numstackable=1
DestroyOn=0

Effect[0] type=1
Effect[0] trig=3
Effect[0] dat0=1
Effect[0] dat1=14
Effect[0] dat2=0

Effect[1] type=1
Effect[1] trig=4
Effect[1] dat0=0
Effect[1] dat1=0
Effect[1] dat2=0

Effect[2] type=0
Effect[2] trig=0
Effect[2] dat0=0
Effect[2] dat1=0
Effect[2] dat2=0

Effect[3] type=0
Effect[3] trig=0
Effect[3] dat0=0
Effect[3] dat1=0
Effect[3] dat2=0

Effect[4] type=0
Effect[4] trig=0
Effect[4] dat0=0
Effect[4] dat1=0
Effect[4] dat2=0

Effect[5] type=0
Effect[5] trig=0
Effect[5] dat0=0
Effect[5] dat1=0
Effect[5] dat2=0

Effect[6] type=0
Effect[6] trig=0
Effect[6] dat0=0
Effect[6] dat1=0
Effect[6] dat2=0

Effect[7] type=0
Effect[7] trig=0
Effect[7] dat0=0
Effect[7] dat1=0
Effect[7] dat2=0

sizeof itemdesc=71
wrote output file


Reading file:[DES24781.TXT]
Type=0
Sub=1
Numstackable=1
DestroyOn=0

Effect[0] type=1
Effect[0] trig=3
Effect[0] dat0=5
Effect[0] dat1=13
Effect[0] dat2=0

Effect[1] type=1
Effect[1] trig=4
Effect[1] dat0=0
Effect[1] dat1=0
Effect[1] dat2=0

Effect[2] type=0
Effect[2] trig=0
Effect[2] dat0=0
Effect[2] dat1=0
Effect[2] dat2=0

Effect[3] type=0
Effect[3] trig=0
Effect[3] dat0=0
Effect[3] dat1=0
Effect[3] dat2=0

Effect[4] type=0
Effect[4] trig=0
Effect[4] dat0=0
Effect[4] dat1=0
Effect[4] dat2=0

Effect[5] type=0
Effect[5] trig=0
Effect[5] dat0=0
Effect[5] dat1=0
Effect[5] dat2=0

Effect[6] type=0
Effect[6] trig=0
Effect[6] dat0=0
Effect[6] dat1=0
Effect[6] dat2=0

Effect[7] type=0
Effect[7] trig=0
Effect[7] dat0=0
Effect[7] dat1=0
Effect[7] dat2=0

sizeof itemdesc=71
wrote output file


Reading file:[DES25276.TXT]
Type=1
Sub=7
Numstackable=1
DestroyOn=0

Effect[0] type=2
Effect[0] trig=3
Effect[0] dat0=13
Effect[0] dat1=0
Effect[0] dat2=0

Effect[1] type=2
Effect[1] trig=4
Effect[1] dat0=0
Effect[1] dat1=0
Effect[1] dat2=0

Effect[2] type=0
Effect[2] trig=0
Effect[2] dat0=0
Effect[2] dat1=0
Effect[2] dat2=0

Effect[3] type=0
Effect[3] trig=0
Effect[3] dat0=0
Effect[3] dat1=0
Effect[3] dat2=0

Effect[4] type=0
Effect[4] trig=0
Effect[4] dat0=0
Effect[4] dat1=0
Effect[4] dat2=0

Effect[5] type=0
Effect[5] trig=0
Effect[5] dat0=0
Effect[5] dat1=0
Effect[5] dat2=0

Effect[6] type=0
Effect[6] trig=0
Effect[6] dat0=0
Effect[6] dat1=0
Effect[6] dat2=0

Effect[7] type=0
Effect[7] trig=0
Effect[7] dat0=0
Effect[7] dat1=0
Effect[7] dat2=0

sizeof itemdesc=71
wrote output file


Reading file:[DES25277.TXT]
Type=1
Sub=10
Numstackable=1
DestroyOn=0

Effect[0] type=2
Effect[0] trig=3
Effect[0] dat0=13
Effect[0] dat1=0
Effect[0] dat2=0

Effect[1] type=2
Effect[1] trig=4
Effect[1] dat0=0
Effect[1] dat1=0
Effect[1] dat2=0

Effect[2] type=0
Effect[2] trig=0
Effect[2] dat0=0
Effect[2] dat1=0
Effect[2] dat2=0

Effect[3] type=0
Effect[3] trig=0
Effect[3] dat0=0
Effect[3] dat1=0
Effect[3] dat2=0

Effect[4] type=0
Effect[4] trig=0
Effect[4] dat0=0
Effect[4] dat1=0
Effect[4] dat2=0

Effect[5] type=0
Effect[5] trig=0
Effect[5] dat0=0
Effect[5] dat1=0
Effect[5] dat2=0

Effect[6] type=0
Effect[6] trig=0
Effect[6] dat0=0
Effect[6] dat1=0
Effect[6] dat2=0

Effect[7] type=0
Effect[7] trig=0
Effect[7] dat0=0
Effect[7] dat1=0
Effect[7] dat2=0

sizeof itemdesc=71
wrote output file


Reading file:[DES25278.TXT]
Type=1
Sub=1
Numstackable=1
DestroyOn=0

Effect[0] type=2
Effect[0] trig=3
Effect[0] dat0=13
Effect[0] dat1=0
Effect[0] dat2=0

Effect[1] type=2
Effect[1] trig=4
Effect[1] dat0=0
Effect[1] dat1=0
Effect[1] dat2=0

Effect[2] type=0
Effect[2] trig=0
Effect[2] dat0=0
Effect[2] dat1=0
Effect[2] dat2=0

Effect[3] type=0
Effect[3] trig=0
Effect[3] dat0=0
Effect[3] dat1=0
Effect[3] dat2=0

Effect[4] type=0
Effect[4] trig=0
Effect[4] dat0=0
Effect[4] dat1=0
Effect[4] dat2=0

Effect[5] type=0
Effect[5] trig=0
Effect[5] dat0=0
Effect[5] dat1=0
Effect[5] dat2=0

Effect[6] type=0
Effect[6] trig=0
Effect[6] dat0=0
Effect[6] dat1=0
Effect[6] dat2=0

Effect[7] type=0
Effect[7] trig=0
Effect[7] dat0=0
Effect[7] dat1=0
Effect[7] dat2=0

sizeof itemdesc=71
wrote output file


Reading file:[DES25279.TXT]
Type=1
Sub=4
Numstackable=1
DestroyOn=0

Effect[0] type=2
Effect[0] trig=3
Effect[0] dat0=13
Effect[0] dat1=0
Effect[0] dat2=0

Effect[1] type=2
Effect[1] trig=4
Effect[1] dat0=0
Effect[1] dat1=0
Effect[1] dat2=0

Effect[2] type=0
Effect[2] trig=0
Effect[2] dat0=0
Effect[2] dat1=0
Effect[2] dat2=0

Effect[3] type=0
Effect[3] trig=0
Effect[3] dat0=0
Effect[3] dat1=0
Effect[3] dat2=0

Effect[4] type=0
Effect[4] trig=0
Effect[4] dat0=0
Effect[4] dat1=0
Effect[4] dat2=0

Effect[5] type=0
Effect[5] trig=0
Effect[5] dat0=0
Effect[5] dat1=0
Effect[5] dat2=0

Effect[6] type=0
Effect[6] trig=0
Effect[6] dat0=0
Effect[6] dat1=0
Effect[6] dat2=0

Effect[7] type=0
Effect[7] trig=0
Effect[7] dat0=0
Effect[7] dat1=0
Effect[7] dat2=0

sizeof itemdesc=71
wrote output file


Reading file:[DES25280.TXT]
Type=1
Sub=8
Numstackable=1
DestroyOn=0

Effect[0] type=2
Effect[0] trig=3
Effect[0] dat0=26
Effect[0] dat1=0
Effect[0] dat2=0

Effect[1] type=2
Effect[1] trig=4
Effect[1] dat0=0
Effect[1] dat1=0
Effect[1] dat2=0

Effect[2] type=0
Effect[2] trig=0
Effect[2] dat0=0
Effect[2] dat1=0
Effect[2] dat2=0

Effect[3] type=0
Effect[3] trig=0
Effect[3] dat0=0
Effect[3] dat1=0
Effect[3] dat2=0

Effect[4] type=0
Effect[4] trig=0
Effect[4] dat0=0
Effect[4] dat1=0
Effect[4] dat2=0

Effect[5] type=0
Effect[5] trig=0
Effect[5] dat0=0
Effect[5] dat1=0
Effect[5] dat2=0

Effect[6] type=0
Effect[6] trig=0
Effect[6] dat0=0
Effect[6] dat1=0
Effect[6] dat2=0

Effect[7] type=0
Effect[7] trig=0
Effect[7] dat0=0
Effect[7] dat1=0
Effect[7] dat2=0

sizeof itemdesc=71
wrote output file


Reading file:[DES25281.TXT]
Type=1
Sub=11
Numstackable=1
DestroyOn=0

Effect[0] type=2
Effect[0] trig=3
Effect[0] dat0=26
Effect[0] dat1=0
Effect[0] dat2=0

Effect[1] type=2
Effect[1] trig=4
Effect[1] dat0=0
Effect[1] dat1=0
Effect[1] dat2=0

Effect[2] type=0
Effect[2] trig=0
Effect[2] dat0=0
Effect[2] dat1=0
Effect[2] dat2=0

Effect[3] type=0
Effect[3] trig=0
Effect[3] dat0=0
Effect[3] dat1=0
Effect[3] dat2=0

Effect[4] type=0
Effect[4] trig=0
Effect[4] dat0=0
Effect[4] dat1=0
Effect[4] dat2=0

Effect[5] type=0
Effect[5] trig=0
Effect[5] dat0=0
Effect[5] dat1=0
Effect[5] dat2=0

Effect[6] type=0
Effect[6] trig=0
Effect[6] dat0=0
Effect[6] dat1=0
Effect[6] dat2=0

Effect[7] type=0
Effect[7] trig=0
Effect[7] dat0=0
Effect[7] dat1=0
Effect[7] dat2=0

sizeof itemdesc=71
wrote output file


Reading file:[DES25282.TXT]
Type=1
Sub=2
Numstackable=1
DestroyOn=0

Effect[0] type=2
Effect[0] trig=3
Effect[0] dat0=26
Effect[0] dat1=0
Effect[0] dat2=0

Effect[1] type=2
Effect[1] trig=4
Effect[1] dat0=0
Effect[1] dat1=0
Effect[1] dat2=0

Effect[2] type=0
Effect[2] trig=0
Effect[2] dat0=0
Effect[2] dat1=0
Effect[2] dat2=0

Effect[3] type=0
Effect[3] trig=0
Effect[3] dat0=0
Effect[3] dat1=0
Effect[3] dat2=0

Effect[4] type=0
Effect[4] trig=0
Effect[4] dat0=0
Effect[4] dat1=0
Effect[4] dat2=0

Effect[5] type=0
Effect[5] trig=0
Effect[5] dat0=0
Effect[5] dat1=0
Effect[5] dat2=0

Effect[6] type=0
Effect[6] trig=0
Effect[6] dat0=0
Effect[6] dat1=0
Effect[6] dat2=0

Effect[7] type=0
Effect[7] trig=0
Effect[7] dat0=0
Effect[7] dat1=0
Effect[7] dat2=0

sizeof itemdesc=71
wrote output file


Reading file:[DES25283.TXT]
Type=1
Sub=5
Numstackable=1
DestroyOn=0

Effect[0] type=2
Effect[0] trig=3
Effect[0] dat0=26
Effect[0] dat1=0
Effect[0] dat2=0

Effect[1] type=2
Effect[1] trig=4
Effect[1] dat0=0
Effect[1] dat1=0
Effect[1] dat2=0

Effect[2] type=0
Effect[2] trig=0
Effect[2] dat0=0
Effect[2] dat1=0
Effect[2] dat2=0

Effect[3] type=0
Effect[3] trig=0
Effect[3] dat0=0
Effect[3] dat1=0
Effect[3] dat2=0

Effect[4] type=0
Effect[4] trig=0
Effect[4] dat0=0
Effect[4] dat1=0
Effect[4] dat2=0

Effect[5] type=0
Effect[5] trig=0
Effect[5] dat0=0
Effect[5] dat1=0
Effect[5] dat2=0

Effect[6] type=0
Effect[6] trig=0
Effect[6] dat0=0
Effect[6] dat1=0
Effect[6] dat2=0

Effect[7] type=0
Effect[7] trig=0
Effect[7] dat0=0
Effect[7] dat1=0
Effect[7] dat2=0

sizeof itemdesc=71
wrote output file


Reading file:[DES25284.TXT]
Type=1
Sub=9
Numstackable=1
DestroyOn=0

Effect[0] type=2
Effect[0] trig=3
Effect[0] dat0=36
Effect[0] dat1=0
Effect[0] dat2=0

Effect[1] type=2
Effect[1] trig=4
Effect[1] dat0=0
Effect[1] dat1=0
Effect[1] dat2=0

Effect[2] type=0
Effect[2] trig=0
Effect[2] dat0=0
Effect[2] dat1=0
Effect[2] dat2=0

Effect[3] type=0
Effect[3] trig=0
Effect[3] dat0=0
Effect[3] dat1=0
Effect[3] dat2=0

Effect[4] type=0
Effect[4] trig=0
Effect[4] dat0=0
Effect[4] dat1=0
Effect[4] dat2=0

Effect[5] type=0
Effect[5] trig=0
Effect[5] dat0=0
Effect[5] dat1=0
Effect[5] dat2=0

Effect[6] type=0
Effect[6] trig=0
Effect[6] dat0=0
Effect[6] dat1=0
Effect[6] dat2=0

Effect[7] type=0
Effect[7] trig=0
Effect[7] dat0=0
Effect[7] dat1=0
Effect[7] dat2=0

sizeof itemdesc=71
wrote output file


Reading file:[DES25285.TXT]
Type=1
Sub=12
Numstackable=1
DestroyOn=0

Effect[0] type=2
Effect[0] trig=3
Effect[0] dat0=36
Effect[0] dat1=0
Effect[0] dat2=0

Effect[1] type=2
Effect[1] trig=4
Effect[1] dat0=0
Effect[1] dat1=0
Effect[1] dat2=0

Effect[2] type=0
Effect[2] trig=0
Effect[2] dat0=0
Effect[2] dat1=0
Effect[2] dat2=0

Effect[3] type=0
Effect[3] trig=0
Effect[3] dat0=0
Effect[3] dat1=0
Effect[3] dat2=0

Effect[4] type=0
Effect[4] trig=0
Effect[4] dat0=0
Effect[4] dat1=0
Effect[4] dat2=0

Effect[5] type=0
Effect[5] trig=0
Effect[5] dat0=0
Effect[5] dat1=0
Effect[5] dat2=0

Effect[6] type=0
Effect[6] trig=0
Effect[6] dat0=0
Effect[6] dat1=0
Effect[6] dat2=0

Effect[7] type=0
Effect[7] trig=0
Effect[7] dat0=0
Effect[7] dat1=0
Effect[7] dat2=0

sizeof itemdesc=71
wrote output file


Reading file:[DES25286.TXT]
Type=1
Sub=3
Numstackable=1
DestroyOn=0

Effect[0] type=2
Effect[0] trig=3
Effect[0] dat0=36
Effect[0] dat1=0
Effect[0] dat2=0

Effect[1] type=2
Effect[1] trig=4
Effect[1] dat0=0
Effect[1] dat1=0
Effect[1] dat2=0

Effect[2] type=0
Effect[2] trig=0
Effect[2] dat0=0
Effect[2] dat1=0
Effect[2] dat2=0

Effect[3] type=0
Effect[3] trig=0
Effect[3] dat0=0
Effect[3] dat1=0
Effect[3] dat2=0

Effect[4] type=0
Effect[4] trig=0
Effect[4] dat0=0
Effect[4] dat1=0
Effect[4] dat2=0

Effect[5] type=0
Effect[5] trig=0
Effect[5] dat0=0
Effect[5] dat1=0
Effect[5] dat2=0

Effect[6] type=0
Effect[6] trig=0
Effect[6] dat0=0
Effect[6] dat1=0
Effect[6] dat2=0

Effect[7] type=0
Effect[7] trig=0
Effect[7] dat0=0
Effect[7] dat1=0
Effect[7] dat2=0

sizeof itemdesc=71
wrote output file


Reading file:[DES25287.TXT]
Type=1
Sub=6
Numstackable=1
DestroyOn=0

Effect[0] type=2
Effect[0] trig=3
Effect[0] dat0=36
Effect[0] dat1=0
Effect[0] dat2=0

Effect[1] type=2
Effect[1] trig=4
Effect[1] dat0=0
Effect[1] dat1=0
Effect[1] dat2=0

Effect[2] type=0
Effect[2] trig=0
Effect[2] dat0=0
Effect[2] dat1=0
Effect[2] dat2=0

Effect[3] type=0
Effect[3] trig=0
Effect[3] dat0=0
Effect[3] dat1=0
Effect[3] dat2=0

Effect[4] type=0
Effect[4] trig=0
Effect[4] dat0=0
Effect[4] dat1=0
Effect[4] dat2=0

Effect[5] type=0
Effect[5] trig=0
Effect[5] dat0=0
Effect[5] dat1=0
Effect[5] dat2=0

Effect[6] type=0
Effect[6] trig=0
Effect[6] dat0=0
Effect[6] dat1=0
Effect[6] dat2=0

Effect[7] type=0
Effect[7] trig=0
Effect[7] dat0=0
Effect[7] dat1=0
Effect[7] dat2=0

sizeof itemdesc=71
wrote output file


Reading file:[DES25288.TXT]
Type=1
Sub=13
Numstackable=1
DestroyOn=0

Effect[0] type=2
Effect[0] trig=3
Effect[0] dat0=35
Effect[0] dat1=0
Effect[0] dat2=0

Effect[1] type=2
Effect[1] trig=4
Effect[1] dat0=0
Effect[1] dat1=0
Effect[1] dat2=0

Effect[2] type=0
Effect[2] trig=0
Effect[2] dat0=0
Effect[2] dat1=0
Effect[2] dat2=0

Effect[3] type=0
Effect[3] trig=0
Effect[3] dat0=0
Effect[3] dat1=0
Effect[3] dat2=0

Effect[4] type=0
Effect[4] trig=0
Effect[4] dat0=0
Effect[4] dat1=0
Effect[4] dat2=0

Effect[5] type=0
Effect[5] trig=0
Effect[5] dat0=0
Effect[5] dat1=0
Effect[5] dat2=0

Effect[6] type=0
Effect[6] trig=0
Effect[6] dat0=0
Effect[6] dat1=0
Effect[6] dat2=0

Effect[7] type=0
Effect[7] trig=0
Effect[7] dat0=0
Effect[7] dat1=0
Effect[7] dat2=0

sizeof itemdesc=71
wrote output file


Reading file:[DES28872.TXT]
Type=0
Sub=2
Numstackable=1
DestroyOn=0

Effect[0] type=1
Effect[0] trig=3
Effect[0] dat0=6
Effect[0] dat1=9
Effect[0] dat2=15

Effect[1] type=1
Effect[1] trig=4
Effect[1] dat0=0
Effect[1] dat1=0
Effect[1] dat2=0

Effect[2] type=0
Effect[2] trig=0
Effect[2] dat0=0
Effect[2] dat1=0
Effect[2] dat2=0

Effect[3] type=0
Effect[3] trig=0
Effect[3] dat0=0
Effect[3] dat1=0
Effect[3] dat2=0

Effect[4] type=0
Effect[4] trig=0
Effect[4] dat0=0
Effect[4] dat1=0
Effect[4] dat2=0

Effect[5] type=0
Effect[5] trig=0
Effect[5] dat0=0
Effect[5] dat1=0
Effect[5] dat2=0

Effect[6] type=0
Effect[6] trig=0
Effect[6] dat0=0
Effect[6] dat1=0
Effect[6] dat2=0

Effect[7] type=0
Effect[7] trig=0
Effect[7] dat0=0
Effect[7] dat1=0
Effect[7] dat2=0

sizeof itemdesc=71
wrote output file


Reading file:[DES28873.TXT]
Type=0
Sub=5
Numstackable=1
DestroyOn=0

Effect[0] type=1
Effect[0] trig=3
Effect[0] dat0=5
Effect[0] dat1=13
Effect[0] dat2=5

Effect[1] type=1
Effect[1] trig=4
Effect[1] dat0=0
Effect[1] dat1=0
Effect[1] dat2=0

Effect[2] type=0
Effect[2] trig=0
Effect[2] dat0=0
Effect[2] dat1=0
Effect[2] dat2=0

Effect[3] type=0
Effect[3] trig=0
Effect[3] dat0=0
Effect[3] dat1=0
Effect[3] dat2=0

Effect[4] type=0
Effect[4] trig=0
Effect[4] dat0=0
Effect[4] dat1=0
Effect[4] dat2=0

Effect[5] type=0
Effect[5] trig=0
Effect[5] dat0=0
Effect[5] dat1=0
Effect[5] dat2=0

Effect[6] type=0
Effect[6] trig=0
Effect[6] dat0=0
Effect[6] dat1=0
Effect[6] dat2=0

Effect[7] type=0
Effect[7] trig=0
Effect[7] dat0=0
Effect[7] dat1=0
Effect[7] dat2=0

sizeof itemdesc=71
wrote output file


Reading file:[DES28874.TXT]
Type=0
Sub=6
Numstackable=1
DestroyOn=0

Effect[0] type=1
Effect[0] trig=3
Effect[0] dat0=7
Effect[0] dat1=11
Effect[0] dat2=5

Effect[1] type=1
Effect[1] trig=4
Effect[1] dat0=0
Effect[1] dat1=0
Effect[1] dat2=0

Effect[2] type=0
Effect[2] trig=0
Effect[2] dat0=0
Effect[2] dat1=0
Effect[2] dat2=0

Effect[3] type=0
Effect[3] trig=0
Effect[3] dat0=0
Effect[3] dat1=0
Effect[3] dat2=0

Effect[4] type=0
Effect[4] trig=0
Effect[4] dat0=0
Effect[4] dat1=0
Effect[4] dat2=0

Effect[5] type=0
Effect[5] trig=0
Effect[5] dat0=0
Effect[5] dat1=0
Effect[5] dat2=0

Effect[6] type=0
Effect[6] trig=0
Effect[6] dat0=0
Effect[6] dat1=0
Effect[6] dat2=0

Effect[7] type=0
Effect[7] trig=0
Effect[7] dat0=0
Effect[7] dat1=0
Effect[7] dat2=0

sizeof itemdesc=71
wrote output file


Reading file:[DES28875.TXT]
Type=0
Sub=4
Numstackable=1
DestroyOn=0

Effect[0] type=1
Effect[0] trig=3
Effect[0] dat0=1
Effect[0] dat1=13
Effect[0] dat2=15

Effect[1] type=1
Effect[1] trig=4
Effect[1] dat0=0
Effect[1] dat1=0
Effect[1] dat2=0

Effect[2] type=0
Effect[2] trig=0
Effect[2] dat0=0
Effect[2] dat1=0
Effect[2] dat2=0

Effect[3] type=0
Effect[3] trig=0
Effect[3] dat0=0
Effect[3] dat1=0
Effect[3] dat2=0

Effect[4] type=0
Effect[4] trig=0
Effect[4] dat0=0
Effect[4] dat1=0
Effect[4] dat2=0

Effect[5] type=0
Effect[5] trig=0
Effect[5] dat0=0
Effect[5] dat1=0
Effect[5] dat2=0

Effect[6] type=0
Effect[6] trig=0
Effect[6] dat0=0
Effect[6] dat1=0
Effect[6] dat2=0

Effect[7] type=0
Effect[7] trig=0
Effect[7] dat0=0
Effect[7] dat1=0
Effect[7] dat2=0

sizeof itemdesc=71
wrote output file


Reading file:[DES28876.TXT]
Type=0
Sub=3
Numstackable=1
DestroyOn=0

Effect[0] type=1
Effect[0] trig=3
Effect[0] dat0=1
Effect[0] dat1=15
Effect[0] dat2=5

Effect[1] type=1
Effect[1] trig=4
Effect[1] dat0=0
Effect[1] dat1=0
Effect[1] dat2=0

Effect[2] type=0
Effect[2] trig=0
Effect[2] dat0=0
Effect[2] dat1=0
Effect[2] dat2=0

Effect[3] type=0
Effect[3] trig=0
Effect[3] dat0=0
Effect[3] dat1=0
Effect[3] dat2=0

Effect[4] type=0
Effect[4] trig=0
Effect[4] dat0=0
Effect[4] dat1=0
Effect[4] dat2=0

Effect[5] type=0
Effect[5] trig=0
Effect[5] dat0=0
Effect[5] dat1=0
Effect[5] dat2=0

Effect[6] type=0
Effect[6] trig=0
Effect[6] dat0=0
Effect[6] dat1=0
Effect[6] dat2=0

Effect[7] type=0
Effect[7] trig=0
Effect[7] dat0=0
Effect[7] dat1=0
Effect[7] dat2=0

sizeof itemdesc=71
wrote output file


Reading file:[DES28877.TXT]
Type=0
Sub=1
Numstackable=1
DestroyOn=0

Effect[0] type=1
Effect[0] trig=3
Effect[0] dat0=5
Effect[0] dat1=14
Effect[0] dat2=5

Effect[1] type=1
Effect[1] trig=4
Effect[1] dat0=0
Effect[1] dat1=0
Effect[1] dat2=0

Effect[2] type=0
Effect[2] trig=0
Effect[2] dat0=0
Effect[2] dat1=0
Effect[2] dat2=0

Effect[3] type=0
Effect[3] trig=0
Effect[3] dat0=0
Effect[3] dat1=0
Effect[3] dat2=0

Effect[4] type=0
Effect[4] trig=0
Effect[4] dat0=0
Effect[4] dat1=0
Effect[4] dat2=0

Effect[5] type=0
Effect[5] trig=0
Effect[5] dat0=0
Effect[5] dat1=0
Effect[5] dat2=0

Effect[6] type=0
Effect[6] trig=0
Effect[6] dat0=0
Effect[6] dat1=0
Effect[6] dat2=0

Effect[7] type=0
Effect[7] trig=0
Effect[7] dat0=0
Effect[7] dat1=0
Effect[7] dat2=0

sizeof itemdesc=71
wrote output file


Reading file:[DES29376.TXT]
Type=1
Sub=8
Numstackable=1
DestroyOn=0

Effect[0] type=2
Effect[0] trig=3
Effect[0] dat0=34
Effect[0] dat1=0
Effect[0] dat2=0

Effect[1] type=2
Effect[1] trig=4
Effect[1] dat0=0
Effect[1] dat1=0
Effect[1] dat2=0

Effect[2] type=0
Effect[2] trig=0
Effect[2] dat0=0
Effect[2] dat1=0
Effect[2] dat2=0

Effect[3] type=0
Effect[3] trig=0
Effect[3] dat0=0
Effect[3] dat1=0
Effect[3] dat2=0

Effect[4] type=0
Effect[4] trig=0
Effect[4] dat0=0
Effect[4] dat1=0
Effect[4] dat2=0

Effect[5] type=0
Effect[5] trig=0
Effect[5] dat0=0
Effect[5] dat1=0
Effect[5] dat2=0

Effect[6] type=0
Effect[6] trig=0
Effect[6] dat0=0
Effect[6] dat1=0
Effect[6] dat2=0

Effect[7] type=0
Effect[7] trig=0
Effect[7] dat0=0
Effect[7] dat1=0
Effect[7] dat2=0

sizeof itemdesc=71
wrote output file


Reading file:[DES29377.TXT]
Type=1
Sub=11
Numstackable=1
DestroyOn=0

Effect[0] type=2
Effect[0] trig=3
Effect[0] dat0=34
Effect[0] dat1=0
Effect[0] dat2=0

Effect[1] type=2
Effect[1] trig=4
Effect[1] dat0=0
Effect[1] dat1=0
Effect[1] dat2=0

Effect[2] type=0
Effect[2] trig=0
Effect[2] dat0=0
Effect[2] dat1=0
Effect[2] dat2=0

Effect[3] type=0
Effect[3] trig=0
Effect[3] dat0=0
Effect[3] dat1=0
Effect[3] dat2=0

Effect[4] type=0
Effect[4] trig=0
Effect[4] dat0=0
Effect[4] dat1=0
Effect[4] dat2=0

Effect[5] type=0
Effect[5] trig=0
Effect[5] dat0=0
Effect[5] dat1=0
Effect[5] dat2=0

Effect[6] type=0
Effect[6] trig=0
Effect[6] dat0=0
Effect[6] dat1=0
Effect[6] dat2=0

Effect[7] type=0
Effect[7] trig=0
Effect[7] dat0=0
Effect[7] dat1=0
Effect[7] dat2=0

sizeof itemdesc=71
wrote output file


Reading file:[DES29378.TXT]
Type=1
Sub=2
Numstackable=1
DestroyOn=0

Effect[0] type=2
Effect[0] trig=3
Effect[0] dat0=34
Effect[0] dat1=0
Effect[0] dat2=0

Effect[1] type=2
Effect[1] trig=4
Effect[1] dat0=0
Effect[1] dat1=0
Effect[1] dat2=0

Effect[2] type=0
Effect[2] trig=0
Effect[2] dat0=0
Effect[2] dat1=0
Effect[2] dat2=0

Effect[3] type=0
Effect[3] trig=0
Effect[3] dat0=0
Effect[3] dat1=0
Effect[3] dat2=0

Effect[4] type=0
Effect[4] trig=0
Effect[4] dat0=0
Effect[4] dat1=0
Effect[4] dat2=0

Effect[5] type=0
Effect[5] trig=0
Effect[5] dat0=0
Effect[5] dat1=0
Effect[5] dat2=0

Effect[6] type=0
Effect[6] trig=0
Effect[6] dat0=0
Effect[6] dat1=0
Effect[6] dat2=0

Effect[7] type=0
Effect[7] trig=0
Effect[7] dat0=0
Effect[7] dat1=0
Effect[7] dat2=0

sizeof itemdesc=71
wrote output file


Reading file:[DES29379.TXT]
Type=1
Sub=5
Numstackable=1
DestroyOn=0

Effect[0] type=2
Effect[0] trig=3
Effect[0] dat0=34
Effect[0] dat1=0
Effect[0] dat2=0

Effect[1] type=2
Effect[1] trig=4
Effect[1] dat0=0
Effect[1] dat1=0
Effect[1] dat2=0

Effect[2] type=0
Effect[2] trig=0
Effect[2] dat0=0
Effect[2] dat1=0
Effect[2] dat2=0

Effect[3] type=0
Effect[3] trig=0
Effect[3] dat0=0
Effect[3] dat1=0
Effect[3] dat2=0

Effect[4] type=0
Effect[4] trig=0
Effect[4] dat0=0
Effect[4] dat1=0
Effect[4] dat2=0

Effect[5] type=0
Effect[5] trig=0
Effect[5] dat0=0
Effect[5] dat1=0
Effect[5] dat2=0

Effect[6] type=0
Effect[6] trig=0
Effect[6] dat0=0
Effect[6] dat1=0
Effect[6] dat2=0

Effect[7] type=0
Effect[7] trig=0
Effect[7] dat0=0
Effect[7] dat1=0
Effect[7] dat2=0

sizeof itemdesc=71
wrote output file


Reading file:[DES29380.TXT]
Type=1
Sub=9
Numstackable=1
DestroyOn=0

Effect[0] type=2
Effect[0] trig=3
Effect[0] dat0=44
Effect[0] dat1=0
Effect[0] dat2=0

Effect[1] type=2
Effect[1] trig=4
Effect[1] dat0=0
Effect[1] dat1=0
Effect[1] dat2=0

Effect[2] type=0
Effect[2] trig=0
Effect[2] dat0=0
Effect[2] dat1=0
Effect[2] dat2=0

Effect[3] type=0
Effect[3] trig=0
Effect[3] dat0=0
Effect[3] dat1=0
Effect[3] dat2=0

Effect[4] type=0
Effect[4] trig=0
Effect[4] dat0=0
Effect[4] dat1=0
Effect[4] dat2=0

Effect[5] type=0
Effect[5] trig=0
Effect[5] dat0=0
Effect[5] dat1=0
Effect[5] dat2=0

Effect[6] type=0
Effect[6] trig=0
Effect[6] dat0=0
Effect[6] dat1=0
Effect[6] dat2=0

Effect[7] type=0
Effect[7] trig=0
Effect[7] dat0=0
Effect[7] dat1=0
Effect[7] dat2=0

sizeof itemdesc=71
wrote output file


Reading file:[DES29381.TXT]
Type=1
Sub=12
Numstackable=1
DestroyOn=0

Effect[0] type=2
Effect[0] trig=3
Effect[0] dat0=44
Effect[0] dat1=0
Effect[0] dat2=0

Effect[1] type=2
Effect[1] trig=4
Effect[1] dat0=0
Effect[1] dat1=0
Effect[1] dat2=0

Effect[2] type=0
Effect[2] trig=0
Effect[2] dat0=0
Effect[2] dat1=0
Effect[2] dat2=0

Effect[3] type=0
Effect[3] trig=0
Effect[3] dat0=0
Effect[3] dat1=0
Effect[3] dat2=0

Effect[4] type=0
Effect[4] trig=0
Effect[4] dat0=0
Effect[4] dat1=0
Effect[4] dat2=0

Effect[5] type=0
Effect[5] trig=0
Effect[5] dat0=0
Effect[5] dat1=0
Effect[5] dat2=0

Effect[6] type=0
Effect[6] trig=0
Effect[6] dat0=0
Effect[6] dat1=0
Effect[6] dat2=0

Effect[7] type=0
Effect[7] trig=0
Effect[7] dat0=0
Effect[7] dat1=0
Effect[7] dat2=0

sizeof itemdesc=71
wrote output file


Reading file:[DES29382.TXT]
Type=1
Sub=3
Numstackable=1
DestroyOn=0

Effect[0] type=2
Effect[0] trig=3
Effect[0] dat0=44
Effect[0] dat1=0
Effect[0] dat2=0

Effect[1] type=2
Effect[1] trig=4
Effect[1] dat0=0
Effect[1] dat1=0
Effect[1] dat2=0

Effect[2] type=0
Effect[2] trig=0
Effect[2] dat0=0
Effect[2] dat1=0
Effect[2] dat2=0

Effect[3] type=0
Effect[3] trig=0
Effect[3] dat0=0
Effect[3] dat1=0
Effect[3] dat2=0

Effect[4] type=0
Effect[4] trig=0
Effect[4] dat0=0
Effect[4] dat1=0
Effect[4] dat2=0

Effect[5] type=0
Effect[5] trig=0
Effect[5] dat0=0
Effect[5] dat1=0
Effect[5] dat2=0

Effect[6] type=0
Effect[6] trig=0
Effect[6] dat0=0
Effect[6] dat1=0
Effect[6] dat2=0

Effect[7] type=0
Effect[7] trig=0
Effect[7] dat0=0
Effect[7] dat1=0
Effect[7] dat2=0

sizeof itemdesc=71
wrote output file


Reading file:[DES29383.TXT]
Type=1
Sub=6
Numstackable=1
DestroyOn=0

Effect[0] type=2
Effect[0] trig=3
Effect[0] dat0=44
Effect[0] dat1=0
Effect[0] dat2=0

Effect[1] type=2
Effect[1] trig=4
Effect[1] dat0=0
Effect[1] dat1=0
Effect[1] dat2=0

Effect[2] type=0
Effect[2] trig=0
Effect[2] dat0=0
Effect[2] dat1=0
Effect[2] dat2=0

Effect[3] type=0
Effect[3] trig=0
Effect[3] dat0=0
Effect[3] dat1=0
Effect[3] dat2=0

Effect[4] type=0
Effect[4] trig=0
Effect[4] dat0=0
Effect[4] dat1=0
Effect[4] dat2=0

Effect[5] type=0
Effect[5] trig=0
Effect[5] dat0=0
Effect[5] dat1=0
Effect[5] dat2=0

Effect[6] type=0
Effect[6] trig=0
Effect[6] dat0=0
Effect[6] dat1=0
Effect[6] dat2=0

Effect[7] type=0
Effect[7] trig=0
Effect[7] dat0=0
Effect[7] dat1=0
Effect[7] dat2=0

sizeof itemdesc=71
wrote output file


Reading file:[DES29384.TXT]
Type=1
Sub=13
Numstackable=1
DestroyOn=0

Effect[0] type=2
Effect[0] trig=3
Effect[0] dat0=50
Effect[0] dat1=0
Effect[0] dat2=0

Effect[1] type=2
Effect[1] trig=4
Effect[1] dat0=0
Effect[1] dat1=0
Effect[1] dat2=0

Effect[2] type=0
Effect[2] trig=0
Effect[2] dat0=0
Effect[2] dat1=0
Effect[2] dat2=0

Effect[3] type=0
Effect[3] trig=0
Effect[3] dat0=0
Effect[3] dat1=0
Effect[3] dat2=0

Effect[4] type=0
Effect[4] trig=0
Effect[4] dat0=0
Effect[4] dat1=0
Effect[4] dat2=0

Effect[5] type=0
Effect[5] trig=0
Effect[5] dat0=0
Effect[5] dat1=0
Effect[5] dat2=0

Effect[6] type=0
Effect[6] trig=0
Effect[6] dat0=0
Effect[6] dat1=0
Effect[6] dat2=0

Effect[7] type=0
Effect[7] trig=0
Effect[7] dat0=0
Effect[7] dat1=0
Effect[7] dat2=0

sizeof itemdesc=71
wrote output file


Reading file:[DES32968.TXT]
Type=0
Sub=2
Numstackable=1
DestroyOn=0

Effect[0] type=1
Effect[0] trig=3
Effect[0] dat0=6
Effect[0] dat1=9
Effect[0] dat2=20

Effect[1] type=1
Effect[1] trig=4
Effect[1] dat0=0
Effect[1] dat1=0
Effect[1] dat2=0

Effect[2] type=0
Effect[2] trig=0
Effect[2] dat0=0
Effect[2] dat1=0
Effect[2] dat2=0

Effect[3] type=0
Effect[3] trig=0
Effect[3] dat0=0
Effect[3] dat1=0
Effect[3] dat2=0

Effect[4] type=0
Effect[4] trig=0
Effect[4] dat0=0
Effect[4] dat1=0
Effect[4] dat2=0

Effect[5] type=0
Effect[5] trig=0
Effect[5] dat0=0
Effect[5] dat1=0
Effect[5] dat2=0

Effect[6] type=0
Effect[6] trig=0
Effect[6] dat0=0
Effect[6] dat1=0
Effect[6] dat2=0

Effect[7] type=0
Effect[7] trig=0
Effect[7] dat0=0
Effect[7] dat1=0
Effect[7] dat2=0

sizeof itemdesc=71
wrote output file


Reading file:[DES32969.TXT]
Type=0
Sub=5
Numstackable=1
DestroyOn=0

Effect[0] type=1
Effect[0] trig=3
Effect[0] dat0=5
Effect[0] dat1=13
Effect[0] dat2=10

Effect[1] type=1
Effect[1] trig=4
Effect[1] dat0=0
Effect[1] dat1=0
Effect[1] dat2=0

Effect[2] type=0
Effect[2] trig=0
Effect[2] dat0=0
Effect[2] dat1=0
Effect[2] dat2=0

Effect[3] type=0
Effect[3] trig=0
Effect[3] dat0=0
Effect[3] dat1=0
Effect[3] dat2=0

Effect[4] type=0
Effect[4] trig=0
Effect[4] dat0=0
Effect[4] dat1=0
Effect[4] dat2=0

Effect[5] type=0
Effect[5] trig=0
Effect[5] dat0=0
Effect[5] dat1=0
Effect[5] dat2=0

Effect[6] type=0
Effect[6] trig=0
Effect[6] dat0=0
Effect[6] dat1=0
Effect[6] dat2=0

Effect[7] type=0
Effect[7] trig=0
Effect[7] dat0=0
Effect[7] dat1=0
Effect[7] dat2=0

sizeof itemdesc=71
wrote output file


Reading file:[DES32970.TXT]
Type=0
Sub=6
Numstackable=1
DestroyOn=0

Effect[0] type=1
Effect[0] trig=3
Effect[0] dat0=7
Effect[0] dat1=11
Effect[0] dat2=10

Effect[1] type=1
Effect[1] trig=4
Effect[1] dat0=0
Effect[1] dat1=0
Effect[1] dat2=0

Effect[2] type=5
Effect[2] trig=3
Effect[2] dat0=20
Effect[2] dat1=0
Effect[2] dat2=250

Effect[3] type=6
Effect[3] trig=4
Effect[3] dat0=20
Effect[3] dat1=0
Effect[3] dat2=250

Effect[4] type=0
Effect[4] trig=0
Effect[4] dat0=0
Effect[4] dat1=0
Effect[4] dat2=0

Effect[5] type=0
Effect[5] trig=0
Effect[5] dat0=0
Effect[5] dat1=0
Effect[5] dat2=0

Effect[6] type=0
Effect[6] trig=0
Effect[6] dat0=0
Effect[6] dat1=0
Effect[6] dat2=0

Effect[7] type=0
Effect[7] trig=0
Effect[7] dat0=0
Effect[7] dat1=0
Effect[7] dat2=0

sizeof itemdesc=71
wrote output file


Reading file:[DES32971.TXT]
Type=0
Sub=4
Numstackable=1
DestroyOn=0

Effect[0] type=1
Effect[0] trig=3
Effect[0] dat0=1
Effect[0] dat1=13
Effect[0] dat2=20

Effect[1] type=1
Effect[1] trig=4
Effect[1] dat0=0
Effect[1] dat1=0
Effect[1] dat2=0

Effect[2] type=0
Effect[2] trig=0
Effect[2] dat0=0
Effect[2] dat1=0
Effect[2] dat2=0

Effect[3] type=0
Effect[3] trig=0
Effect[3] dat0=0
Effect[3] dat1=0
Effect[3] dat2=0

Effect[4] type=0
Effect[4] trig=0
Effect[4] dat0=0
Effect[4] dat1=0
Effect[4] dat2=0

Effect[5] type=0
Effect[5] trig=0
Effect[5] dat0=0
Effect[5] dat1=0
Effect[5] dat2=0

Effect[6] type=0
Effect[6] trig=0
Effect[6] dat0=0
Effect[6] dat1=0
Effect[6] dat2=0

Effect[7] type=0
Effect[7] trig=0
Effect[7] dat0=0
Effect[7] dat1=0
Effect[7] dat2=0

sizeof itemdesc=71
wrote output file


Reading file:[DES32972.TXT]
Type=0
Sub=3
Numstackable=1
DestroyOn=0

Effect[0] type=1
Effect[0] trig=3
Effect[0] dat0=1
Effect[0] dat1=15
Effect[0] dat2=10

Effect[1] type=1
Effect[1] trig=4
Effect[1] dat0=0
Effect[1] dat1=0
Effect[1] dat2=0

Effect[2] type=0
Effect[2] trig=0
Effect[2] dat0=0
Effect[2] dat1=0
Effect[2] dat2=0

Effect[3] type=0
Effect[3] trig=0
Effect[3] dat0=0
Effect[3] dat1=0
Effect[3] dat2=0

Effect[4] type=0
Effect[4] trig=0
Effect[4] dat0=0
Effect[4] dat1=0
Effect[4] dat2=0

Effect[5] type=0
Effect[5] trig=0
Effect[5] dat0=0
Effect[5] dat1=0
Effect[5] dat2=0

Effect[6] type=0
Effect[6] trig=0
Effect[6] dat0=0
Effect[6] dat1=0
Effect[6] dat2=0

Effect[7] type=0
Effect[7] trig=0
Effect[7] dat0=0
Effect[7] dat1=0
Effect[7] dat2=0

sizeof itemdesc=71
wrote output file


Reading file:[DES32973.TXT]
Type=0
Sub=1
Numstackable=1
DestroyOn=0

Effect[0] type=1
Effect[0] trig=3
Effect[0] dat0=5
Effect[0] dat1=14
Effect[0] dat2=10

Effect[1] type=1
Effect[1] trig=4
Effect[1] dat0=0
Effect[1] dat1=0
Effect[1] dat2=0

Effect[2] type=0
Effect[2] trig=0
Effect[2] dat0=0
Effect[2] dat1=0
Effect[2] dat2=0

Effect[3] type=0
Effect[3] trig=0
Effect[3] dat0=0
Effect[3] dat1=0
Effect[3] dat2=0

Effect[4] type=0
Effect[4] trig=0
Effect[4] dat0=0
Effect[4] dat1=0
Effect[4] dat2=0

Effect[5] type=0
Effect[5] trig=0
Effect[5] dat0=0
Effect[5] dat1=0
Effect[5] dat2=0

Effect[6] type=0
Effect[6] trig=0
Effect[6] dat0=0
Effect[6] dat1=0
Effect[6] dat2=0

Effect[7] type=0
Effect[7] trig=0
Effect[7] dat0=0
Effect[7] dat1=0
Effect[7] dat2=0

sizeof itemdesc=71
wrote output file


Reading file:[DES33468.TXT]
Type=1
Sub=7
Numstackable=1
DestroyOn=0

Effect[0] type=2
Effect[0] trig=3
Effect[0] dat0=20
Effect[0] dat1=0
Effect[0] dat2=0

Effect[1] type=2
Effect[1] trig=4
Effect[1] dat0=0
Effect[1] dat1=0
Effect[1] dat2=0

Effect[2] type=0
Effect[2] trig=0
Effect[2] dat0=0
Effect[2] dat1=0
Effect[2] dat2=0

Effect[3] type=0
Effect[3] trig=0
Effect[3] dat0=0
Effect[3] dat1=0
Effect[3] dat2=0

Effect[4] type=0
Effect[4] trig=0
Effect[4] dat0=0
Effect[4] dat1=0
Effect[4] dat2=0

Effect[5] type=0
Effect[5] trig=0
Effect[5] dat0=0
Effect[5] dat1=0
Effect[5] dat2=0

Effect[6] type=0
Effect[6] trig=0
Effect[6] dat0=0
Effect[6] dat1=0
Effect[6] dat2=0

Effect[7] type=0
Effect[7] trig=0
Effect[7] dat0=0
Effect[7] dat1=0
Effect[7] dat2=0

sizeof itemdesc=71
wrote output file


Reading file:[DES33469.TXT]
Type=1
Sub=10
Numstackable=1
DestroyOn=0

Effect[0] type=2
Effect[0] trig=3
Effect[0] dat0=20
Effect[0] dat1=0
Effect[0] dat2=0

Effect[1] type=2
Effect[1] trig=4
Effect[1] dat0=0
Effect[1] dat1=0
Effect[1] dat2=0

Effect[2] type=0
Effect[2] trig=0
Effect[2] dat0=0
Effect[2] dat1=0
Effect[2] dat2=0

Effect[3] type=0
Effect[3] trig=0
Effect[3] dat0=0
Effect[3] dat1=0
Effect[3] dat2=0

Effect[4] type=0
Effect[4] trig=0
Effect[4] dat0=0
Effect[4] dat1=0
Effect[4] dat2=0

Effect[5] type=0
Effect[5] trig=0
Effect[5] dat0=0
Effect[5] dat1=0
Effect[5] dat2=0

Effect[6] type=0
Effect[6] trig=0
Effect[6] dat0=0
Effect[6] dat1=0
Effect[6] dat2=0

Effect[7] type=0
Effect[7] trig=0
Effect[7] dat0=0
Effect[7] dat1=0
Effect[7] dat2=0

sizeof itemdesc=71
wrote output file


Reading file:[DES33470.TXT]
Type=1
Sub=1
Numstackable=1
DestroyOn=0

Effect[0] type=2
Effect[0] trig=3
Effect[0] dat0=20
Effect[0] dat1=0
Effect[0] dat2=0

Effect[1] type=2
Effect[1] trig=4
Effect[1] dat0=0
Effect[1] dat1=0
Effect[1] dat2=0

Effect[2] type=0
Effect[2] trig=0
Effect[2] dat0=0
Effect[2] dat1=0
Effect[2] dat2=0

Effect[3] type=0
Effect[3] trig=0
Effect[3] dat0=0
Effect[3] dat1=0
Effect[3] dat2=0

Effect[4] type=0
Effect[4] trig=0
Effect[4] dat0=0
Effect[4] dat1=0
Effect[4] dat2=0

Effect[5] type=0
Effect[5] trig=0
Effect[5] dat0=0
Effect[5] dat1=0
Effect[5] dat2=0

Effect[6] type=0
Effect[6] trig=0
Effect[6] dat0=0
Effect[6] dat1=0
Effect[6] dat2=0

Effect[7] type=0
Effect[7] trig=0
Effect[7] dat0=0
Effect[7] dat1=0
Effect[7] dat2=0

sizeof itemdesc=71
wrote output file


Reading file:[DES33471.TXT]
Type=1
Sub=4
Numstackable=1
DestroyOn=0

Effect[0] type=2
Effect[0] trig=3
Effect[0] dat0=20
Effect[0] dat1=0
Effect[0] dat2=0

Effect[1] type=2
Effect[1] trig=4
Effect[1] dat0=0
Effect[1] dat1=0
Effect[1] dat2=0

Effect[2] type=0
Effect[2] trig=0
Effect[2] dat0=0
Effect[2] dat1=0
Effect[2] dat2=0

Effect[3] type=0
Effect[3] trig=0
Effect[3] dat0=0
Effect[3] dat1=0
Effect[3] dat2=0

Effect[4] type=0
Effect[4] trig=0
Effect[4] dat0=0
Effect[4] dat1=0
Effect[4] dat2=0

Effect[5] type=0
Effect[5] trig=0
Effect[5] dat0=0
Effect[5] dat1=0
Effect[5] dat2=0

Effect[6] type=0
Effect[6] trig=0
Effect[6] dat0=0
Effect[6] dat1=0
Effect[6] dat2=0

Effect[7] type=0
Effect[7] trig=0
Effect[7] dat0=0
Effect[7] dat1=0
Effect[7] dat2=0

sizeof itemdesc=71
wrote output file


Reading file:[DES33472.TXT]
Type=1
Sub=8
Numstackable=1
DestroyOn=0

Effect[0] type=2
Effect[0] trig=3
Effect[0] dat0=40
Effect[0] dat1=0
Effect[0] dat2=0

Effect[1] type=2
Effect[1] trig=4
Effect[1] dat0=0
Effect[1] dat1=0
Effect[1] dat2=0

Effect[2] type=0
Effect[2] trig=0
Effect[2] dat0=0
Effect[2] dat1=0
Effect[2] dat2=0

Effect[3] type=0
Effect[3] trig=0
Effect[3] dat0=0
Effect[3] dat1=0
Effect[3] dat2=0

Effect[4] type=0
Effect[4] trig=0
Effect[4] dat0=0
Effect[4] dat1=0
Effect[4] dat2=0

Effect[5] type=0
Effect[5] trig=0
Effect[5] dat0=0
Effect[5] dat1=0
Effect[5] dat2=0

Effect[6] type=0
Effect[6] trig=0
Effect[6] dat0=0
Effect[6] dat1=0
Effect[6] dat2=0

Effect[7] type=0
Effect[7] trig=0
Effect[7] dat0=0
Effect[7] dat1=0
Effect[7] dat2=0

sizeof itemdesc=71
wrote output file


Reading file:[DES33473.TXT]
Type=1
Sub=11
Numstackable=1
DestroyOn=0

Effect[0] type=2
Effect[0] trig=3
Effect[0] dat0=40
Effect[0] dat1=0
Effect[0] dat2=0

Effect[1] type=2
Effect[1] trig=4
Effect[1] dat0=0
Effect[1] dat1=0
Effect[1] dat2=0

Effect[2] type=0
Effect[2] trig=0
Effect[2] dat0=0
Effect[2] dat1=0
Effect[2] dat2=0

Effect[3] type=0
Effect[3] trig=0
Effect[3] dat0=0
Effect[3] dat1=0
Effect[3] dat2=0

Effect[4] type=0
Effect[4] trig=0
Effect[4] dat0=0
Effect[4] dat1=0
Effect[4] dat2=0

Effect[5] type=0
Effect[5] trig=0
Effect[5] dat0=0
Effect[5] dat1=0
Effect[5] dat2=0

Effect[6] type=0
Effect[6] trig=0
Effect[6] dat0=0
Effect[6] dat1=0
Effect[6] dat2=0

Effect[7] type=0
Effect[7] trig=0
Effect[7] dat0=0
Effect[7] dat1=0
Effect[7] dat2=0

sizeof itemdesc=71
wrote output file


Reading file:[DES33474.TXT]
Type=1
Sub=2
Numstackable=1
DestroyOn=0

Effect[0] type=2
Effect[0] trig=3
Effect[0] dat0=40
Effect[0] dat1=0
Effect[0] dat2=0

Effect[1] type=2
Effect[1] trig=4
Effect[1] dat0=0
Effect[1] dat1=0
Effect[1] dat2=0

Effect[2] type=0
Effect[2] trig=0
Effect[2] dat0=0
Effect[2] dat1=0
Effect[2] dat2=0

Effect[3] type=0
Effect[3] trig=0
Effect[3] dat0=0
Effect[3] dat1=0
Effect[3] dat2=0

Effect[4] type=0
Effect[4] trig=0
Effect[4] dat0=0
Effect[4] dat1=0
Effect[4] dat2=0

Effect[5] type=0
Effect[5] trig=0
Effect[5] dat0=0
Effect[5] dat1=0
Effect[5] dat2=0

Effect[6] type=0
Effect[6] trig=0
Effect[6] dat0=0
Effect[6] dat1=0
Effect[6] dat2=0

Effect[7] type=0
Effect[7] trig=0
Effect[7] dat0=0
Effect[7] dat1=0
Effect[7] dat2=0

sizeof itemdesc=71
wrote output file


Reading file:[DES33475.TXT]
Type=1
Sub=5
Numstackable=1
DestroyOn=0

Effect[0] type=2
Effect[0] trig=3
Effect[0] dat0=40
Effect[0] dat1=0
Effect[0] dat2=0

Effect[1] type=2
Effect[1] trig=4
Effect[1] dat0=0
Effect[1] dat1=0
Effect[1] dat2=0

Effect[2] type=0
Effect[2] trig=0
Effect[2] dat0=0
Effect[2] dat1=0
Effect[2] dat2=0

Effect[3] type=0
Effect[3] trig=0
Effect[3] dat0=0
Effect[3] dat1=0
Effect[3] dat2=0

Effect[4] type=0
Effect[4] trig=0
Effect[4] dat0=0
Effect[4] dat1=0
Effect[4] dat2=0

Effect[5] type=0
Effect[5] trig=0
Effect[5] dat0=0
Effect[5] dat1=0
Effect[5] dat2=0

Effect[6] type=0
Effect[6] trig=0
Effect[6] dat0=0
Effect[6] dat1=0
Effect[6] dat2=0

Effect[7] type=0
Effect[7] trig=0
Effect[7] dat0=0
Effect[7] dat1=0
Effect[7] dat2=0

sizeof itemdesc=71
wrote output file


Reading file:[DES33476.TXT]
Type=1
Sub=9
Numstackable=1
DestroyOn=0

Effect[0] type=2
Effect[0] trig=3
Effect[0] dat0=52
Effect[0] dat1=0
Effect[0] dat2=0

Effect[1] type=2
Effect[1] trig=4
Effect[1] dat0=0
Effect[1] dat1=0
Effect[1] dat2=0

Effect[2] type=0
Effect[2] trig=0
Effect[2] dat0=0
Effect[2] dat1=0
Effect[2] dat2=0

Effect[3] type=0
Effect[3] trig=0
Effect[3] dat0=0
Effect[3] dat1=0
Effect[3] dat2=0

Effect[4] type=0
Effect[4] trig=0
Effect[4] dat0=0
Effect[4] dat1=0
Effect[4] dat2=0

Effect[5] type=0
Effect[5] trig=0
Effect[5] dat0=0
Effect[5] dat1=0
Effect[5] dat2=0

Effect[6] type=0
Effect[6] trig=0
Effect[6] dat0=0
Effect[6] dat1=0
Effect[6] dat2=0

Effect[7] type=0
Effect[7] trig=0
Effect[7] dat0=0
Effect[7] dat1=0
Effect[7] dat2=0

sizeof itemdesc=71
wrote output file


Reading file:[DES33477.TXT]
Type=1
Sub=12
Numstackable=1
DestroyOn=0

Effect[0] type=2
Effect[0] trig=3
Effect[0] dat0=52
Effect[0] dat1=0
Effect[0] dat2=0

Effect[1] type=2
Effect[1] trig=4
Effect[1] dat0=0
Effect[1] dat1=0
Effect[1] dat2=0

Effect[2] type=0
Effect[2] trig=0
Effect[2] dat0=0
Effect[2] dat1=0
Effect[2] dat2=0

Effect[3] type=0
Effect[3] trig=0
Effect[3] dat0=0
Effect[3] dat1=0
Effect[3] dat2=0

Effect[4] type=0
Effect[4] trig=0
Effect[4] dat0=0
Effect[4] dat1=0
Effect[4] dat2=0

Effect[5] type=0
Effect[5] trig=0
Effect[5] dat0=0
Effect[5] dat1=0
Effect[5] dat2=0

Effect[6] type=0
Effect[6] trig=0
Effect[6] dat0=0
Effect[6] dat1=0
Effect[6] dat2=0

Effect[7] type=0
Effect[7] trig=0
Effect[7] dat0=0
Effect[7] dat1=0
Effect[7] dat2=0

sizeof itemdesc=71
wrote output file


Reading file:[DES33478.TXT]
Type=1
Sub=3
Numstackable=1
DestroyOn=0

Effect[0] type=2
Effect[0] trig=3
Effect[0] dat0=52
Effect[0] dat1=0
Effect[0] dat2=0

Effect[1] type=2
Effect[1] trig=4
Effect[1] dat0=0
Effect[1] dat1=0
Effect[1] dat2=0

Effect[2] type=0
Effect[2] trig=0
Effect[2] dat0=0
Effect[2] dat1=0
Effect[2] dat2=0

Effect[3] type=0
Effect[3] trig=0
Effect[3] dat0=0
Effect[3] dat1=0
Effect[3] dat2=0

Effect[4] type=0
Effect[4] trig=0
Effect[4] dat0=0
Effect[4] dat1=0
Effect[4] dat2=0

Effect[5] type=0
Effect[5] trig=0
Effect[5] dat0=0
Effect[5] dat1=0
Effect[5] dat2=0

Effect[6] type=0
Effect[6] trig=0
Effect[6] dat0=0
Effect[6] dat1=0
Effect[6] dat2=0

Effect[7] type=0
Effect[7] trig=0
Effect[7] dat0=0
Effect[7] dat1=0
Effect[7] dat2=0

sizeof itemdesc=71
wrote output file


Reading file:[DES33479.TXT]
Type=1
Sub=6
Numstackable=1
DestroyOn=0

Effect[0] type=2
Effect[0] trig=3
Effect[0] dat0=52
Effect[0] dat1=0
Effect[0] dat2=0

Effect[1] type=2
Effect[1] trig=4
Effect[1] dat0=0
Effect[1] dat1=0
Effect[1] dat2=0

Effect[2] type=0
Effect[2] trig=0
Effect[2] dat0=0
Effect[2] dat1=0
Effect[2] dat2=0

Effect[3] type=0
Effect[3] trig=0
Effect[3] dat0=0
Effect[3] dat1=0
Effect[3] dat2=0

Effect[4] type=0
Effect[4] trig=0
Effect[4] dat0=0
Effect[4] dat1=0
Effect[4] dat2=0

Effect[5] type=0
Effect[5] trig=0
Effect[5] dat0=0
Effect[5] dat1=0
Effect[5] dat2=0

Effect[6] type=0
Effect[6] trig=0
Effect[6] dat0=0
Effect[6] dat1=0
Effect[6] dat2=0

Effect[7] type=0
Effect[7] trig=0
Effect[7] dat0=0
Effect[7] dat1=0
Effect[7] dat2=0

sizeof itemdesc=71
wrote output file


Reading file:[DES33480.TXT]
Type=1
Sub=13
Numstackable=1
DestroyOn=0

Effect[0] type=2
Effect[0] trig=3
Effect[0] dat0=50
Effect[0] dat1=0
Effect[0] dat2=0

Effect[1] type=2
Effect[1] trig=4
Effect[1] dat0=0
Effect[1] dat1=0
Effect[1] dat2=0

Effect[2] type=0
Effect[2] trig=0
Effect[2] dat0=0
Effect[2] dat1=0
Effect[2] dat2=0

Effect[3] type=0
Effect[3] trig=0
Effect[3] dat0=0
Effect[3] dat1=0
Effect[3] dat2=0

Effect[4] type=0
Effect[4] trig=0
Effect[4] dat0=0
Effect[4] dat1=0
Effect[4] dat2=0

Effect[5] type=0
Effect[5] trig=0
Effect[5] dat0=0
Effect[5] dat1=0
Effect[5] dat2=0

Effect[6] type=0
Effect[6] trig=0
Effect[6] dat0=0
Effect[6] dat1=0
Effect[6] dat2=0

Effect[7] type=0
Effect[7] trig=0
Effect[7] dat0=0
Effect[7] dat1=0
Effect[7] dat2=0

sizeof itemdesc=71
wrote output file


Reading file:[DES37064.TXT]
Type=0
Sub=2
Numstackable=1
DestroyOn=0

Effect[0] type=1
Effect[0] trig=3
Effect[0] dat0=6
Effect[0] dat1=10
Effect[0] dat2=10

Effect[1] type=1
Effect[1] trig=4
Effect[1] dat0=0
Effect[1] dat1=0
Effect[1] dat2=0

Effect[2] type=5
Effect[2] trig=3
Effect[2] dat0=33
Effect[2] dat1=0
Effect[2] dat2=0

Effect[3] type=6
Effect[3] trig=4
Effect[3] dat0=0
Effect[3] dat1=0
Effect[3] dat2=0

Effect[4] type=0
Effect[4] trig=0
Effect[4] dat0=0
Effect[4] dat1=0
Effect[4] dat2=0

Effect[5] type=0
Effect[5] trig=0
Effect[5] dat0=0
Effect[5] dat1=0
Effect[5] dat2=0

Effect[6] type=0
Effect[6] trig=0
Effect[6] dat0=0
Effect[6] dat1=0
Effect[6] dat2=0

Effect[7] type=0
Effect[7] trig=0
Effect[7] dat0=0
Effect[7] dat1=0
Effect[7] dat2=0

sizeof itemdesc=71
wrote output file


Reading file:[DES37065.TXT]
Type=0
Sub=5
Numstackable=1
DestroyOn=0

Effect[0] type=1
Effect[0] trig=3
Effect[0] dat0=5
Effect[0] dat1=14
Effect[0] dat2=0

Effect[1] type=1
Effect[1] trig=4
Effect[1] dat0=0
Effect[1] dat1=0
Effect[1] dat2=0

Effect[2] type=5
Effect[2] trig=3
Effect[2] dat0=33
Effect[2] dat1=0
Effect[2] dat2=0

Effect[3] type=6
Effect[3] trig=4
Effect[3] dat0=0
Effect[3] dat1=0
Effect[3] dat2=0

Effect[4] type=0
Effect[4] trig=0
Effect[4] dat0=0
Effect[4] dat1=0
Effect[4] dat2=0

Effect[5] type=0
Effect[5] trig=0
Effect[5] dat0=0
Effect[5] dat1=0
Effect[5] dat2=0

Effect[6] type=0
Effect[6] trig=0
Effect[6] dat0=0
Effect[6] dat1=0
Effect[6] dat2=0

Effect[7] type=0
Effect[7] trig=0
Effect[7] dat0=0
Effect[7] dat1=0
Effect[7] dat2=0

sizeof itemdesc=71
wrote output file


Reading file:[DES37066.TXT]
Type=0
Sub=6
Numstackable=1
DestroyOn=0

Effect[0] type=1
Effect[0] trig=3
Effect[0] dat0=7
Effect[0] dat1=12
Effect[0] dat2=0

Effect[1] type=1
Effect[1] trig=4
Effect[1] dat0=0
Effect[1] dat1=0
Effect[1] dat2=0

Effect[2] type=5
Effect[2] trig=3
Effect[2] dat0=20
Effect[2] dat1=0
Effect[2] dat2=300

Effect[3] type=6
Effect[3] trig=4
Effect[3] dat0=20
Effect[3] dat1=0
Effect[3] dat2=300

Effect[4] type=0
Effect[4] trig=0
Effect[4] dat0=0
Effect[4] dat1=0
Effect[4] dat2=0

Effect[5] type=0
Effect[5] trig=0
Effect[5] dat0=0
Effect[5] dat1=0
Effect[5] dat2=0

Effect[6] type=0
Effect[6] trig=0
Effect[6] dat0=0
Effect[6] dat1=0
Effect[6] dat2=0

Effect[7] type=0
Effect[7] trig=0
Effect[7] dat0=0
Effect[7] dat1=0
Effect[7] dat2=0

sizeof itemdesc=71
wrote output file


Reading file:[DES37067.TXT]
Type=0
Sub=4
Numstackable=1
DestroyOn=0

Effect[0] type=1
Effect[0] trig=3
Effect[0] dat0=1
Effect[0] dat1=14
Effect[0] dat2=10

Effect[1] type=1
Effect[1] trig=4
Effect[1] dat0=0
Effect[1] dat1=0
Effect[1] dat2=0

Effect[2] type=5
Effect[2] trig=3
Effect[2] dat0=33
Effect[2] dat1=0
Effect[2] dat2=0

Effect[3] type=6
Effect[3] trig=4
Effect[3] dat0=0
Effect[3] dat1=0
Effect[3] dat2=0

Effect[4] type=0
Effect[4] trig=0
Effect[4] dat0=0
Effect[4] dat1=0
Effect[4] dat2=0

Effect[5] type=0
Effect[5] trig=0
Effect[5] dat0=0
Effect[5] dat1=0
Effect[5] dat2=0

Effect[6] type=0
Effect[6] trig=0
Effect[6] dat0=0
Effect[6] dat1=0
Effect[6] dat2=0

Effect[7] type=0
Effect[7] trig=0
Effect[7] dat0=0
Effect[7] dat1=0
Effect[7] dat2=0

sizeof itemdesc=71
wrote output file


Reading file:[DES37068.TXT]
Type=0
Sub=3
Numstackable=1
DestroyOn=0

Effect[0] type=1
Effect[0] trig=3
Effect[0] dat0=1
Effect[0] dat1=16
Effect[0] dat2=0

Effect[1] type=1
Effect[1] trig=4
Effect[1] dat0=0
Effect[1] dat1=0
Effect[1] dat2=0

Effect[2] type=5
Effect[2] trig=3
Effect[2] dat0=33
Effect[2] dat1=0
Effect[2] dat2=0

Effect[3] type=6
Effect[3] trig=4
Effect[3] dat0=0
Effect[3] dat1=0
Effect[3] dat2=0

Effect[4] type=0
Effect[4] trig=0
Effect[4] dat0=0
Effect[4] dat1=0
Effect[4] dat2=0

Effect[5] type=0
Effect[5] trig=0
Effect[5] dat0=0
Effect[5] dat1=0
Effect[5] dat2=0

Effect[6] type=0
Effect[6] trig=0
Effect[6] dat0=0
Effect[6] dat1=0
Effect[6] dat2=0

Effect[7] type=0
Effect[7] trig=0
Effect[7] dat0=0
Effect[7] dat1=0
Effect[7] dat2=0

sizeof itemdesc=71
wrote output file


Reading file:[DES37069.TXT]
Type=0
Sub=1
Numstackable=1
DestroyOn=0

Effect[0] type=1
Effect[0] trig=3
Effect[0] dat0=5
Effect[0] dat1=15
Effect[0] dat2=0

Effect[1] type=1
Effect[1] trig=4
Effect[1] dat0=0
Effect[1] dat1=0
Effect[1] dat2=0

Effect[2] type=5
Effect[2] trig=3
Effect[2] dat0=33
Effect[2] dat1=0
Effect[2] dat2=0

Effect[3] type=6
Effect[3] trig=4
Effect[3] dat0=0
Effect[3] dat1=0
Effect[3] dat2=0

Effect[4] type=0
Effect[4] trig=0
Effect[4] dat0=0
Effect[4] dat1=0
Effect[4] dat2=0

Effect[5] type=0
Effect[5] trig=0
Effect[5] dat0=0
Effect[5] dat1=0
Effect[5] dat2=0

Effect[6] type=0
Effect[6] trig=0
Effect[6] dat0=0
Effect[6] dat1=0
Effect[6] dat2=0

Effect[7] type=0
Effect[7] trig=0
Effect[7] dat0=0
Effect[7] dat1=0
Effect[7] dat2=0

sizeof itemdesc=71
wrote output file


Reading file:[DES37568.TXT]
Type=1
Sub=8
Numstackable=1
DestroyOn=0

Effect[0] type=2
Effect[0] trig=3
Effect[0] dat0=48
Effect[0] dat1=0
Effect[0] dat2=0

Effect[1] type=2
Effect[1] trig=4
Effect[1] dat0=0
Effect[1] dat1=0
Effect[1] dat2=0

Effect[2] type=0
Effect[2] trig=0
Effect[2] dat0=0
Effect[2] dat1=0
Effect[2] dat2=0

Effect[3] type=0
Effect[3] trig=0
Effect[3] dat0=0
Effect[3] dat1=0
Effect[3] dat2=0

Effect[4] type=0
Effect[4] trig=0
Effect[4] dat0=0
Effect[4] dat1=0
Effect[4] dat2=0

Effect[5] type=0
Effect[5] trig=0
Effect[5] dat0=0
Effect[5] dat1=0
Effect[5] dat2=0

Effect[6] type=0
Effect[6] trig=0
Effect[6] dat0=0
Effect[6] dat1=0
Effect[6] dat2=0

Effect[7] type=0
Effect[7] trig=0
Effect[7] dat0=0
Effect[7] dat1=0
Effect[7] dat2=0

sizeof itemdesc=71
wrote output file


Reading file:[DES37569.TXT]
Type=1
Sub=11
Numstackable=1
DestroyOn=0

Effect[0] type=2
Effect[0] trig=3
Effect[0] dat0=48
Effect[0] dat1=0
Effect[0] dat2=0

Effect[1] type=2
Effect[1] trig=4
Effect[1] dat0=0
Effect[1] dat1=0
Effect[1] dat2=0

Effect[2] type=5
Effect[2] trig=3
Effect[2] dat0=28
Effect[2] dat1=0
Effect[2] dat2=0

Effect[3] type=6
Effect[3] trig=4
Effect[3] dat0=0
Effect[3] dat1=0
Effect[3] dat2=0

Effect[4] type=0
Effect[4] trig=0
Effect[4] dat0=0
Effect[4] dat1=0
Effect[4] dat2=0

Effect[5] type=0
Effect[5] trig=0
Effect[5] dat0=0
Effect[5] dat1=0
Effect[5] dat2=0

Effect[6] type=0
Effect[6] trig=0
Effect[6] dat0=0
Effect[6] dat1=0
Effect[6] dat2=0

Effect[7] type=0
Effect[7] trig=0
Effect[7] dat0=0
Effect[7] dat1=0
Effect[7] dat2=0

sizeof itemdesc=71
wrote output file


Reading file:[DES37570.TXT]
Type=1
Sub=2
Numstackable=1
DestroyOn=0

Effect[0] type=2
Effect[0] trig=3
Effect[0] dat0=48
Effect[0] dat1=0
Effect[0] dat2=0

Effect[1] type=2
Effect[1] trig=4
Effect[1] dat0=0
Effect[1] dat1=0
Effect[1] dat2=0

Effect[2] type=0
Effect[2] trig=0
Effect[2] dat0=0
Effect[2] dat1=0
Effect[2] dat2=0

Effect[3] type=0
Effect[3] trig=0
Effect[3] dat0=0
Effect[3] dat1=0
Effect[3] dat2=0

Effect[4] type=0
Effect[4] trig=0
Effect[4] dat0=0
Effect[4] dat1=0
Effect[4] dat2=0

Effect[5] type=0
Effect[5] trig=0
Effect[5] dat0=0
Effect[5] dat1=0
Effect[5] dat2=0

Effect[6] type=0
Effect[6] trig=0
Effect[6] dat0=0
Effect[6] dat1=0
Effect[6] dat2=0

Effect[7] type=0
Effect[7] trig=0
Effect[7] dat0=0
Effect[7] dat1=0
Effect[7] dat2=0

sizeof itemdesc=71
wrote output file


Reading file:[DES37571.TXT]
Type=1
Sub=5
Numstackable=1
DestroyOn=0

Effect[0] type=2
Effect[0] trig=3
Effect[0] dat0=48
Effect[0] dat1=0
Effect[0] dat2=0

Effect[1] type=2
Effect[1] trig=4
Effect[1] dat0=0
Effect[1] dat1=0
Effect[1] dat2=0

Effect[2] type=0
Effect[2] trig=0
Effect[2] dat0=0
Effect[2] dat1=0
Effect[2] dat2=0

Effect[3] type=0
Effect[3] trig=0
Effect[3] dat0=0
Effect[3] dat1=0
Effect[3] dat2=0

Effect[4] type=0
Effect[4] trig=0
Effect[4] dat0=0
Effect[4] dat1=0
Effect[4] dat2=0

Effect[5] type=0
Effect[5] trig=0
Effect[5] dat0=0
Effect[5] dat1=0
Effect[5] dat2=0

Effect[6] type=0
Effect[6] trig=0
Effect[6] dat0=0
Effect[6] dat1=0
Effect[6] dat2=0

Effect[7] type=0
Effect[7] trig=0
Effect[7] dat0=0
Effect[7] dat1=0
Effect[7] dat2=0

sizeof itemdesc=71
wrote output file


Reading file:[DES37572.TXT]
Type=1
Sub=9
Numstackable=1
DestroyOn=0

Effect[0] type=2
Effect[0] trig=3
Effect[0] dat0=60
Effect[0] dat1=0
Effect[0] dat2=0

Effect[1] type=2
Effect[1] trig=4
Effect[1] dat0=0
Effect[1] dat1=0
Effect[1] dat2=0

Effect[2] type=0
Effect[2] trig=0
Effect[2] dat0=0
Effect[2] dat1=0
Effect[2] dat2=0

Effect[3] type=0
Effect[3] trig=0
Effect[3] dat0=0
Effect[3] dat1=0
Effect[3] dat2=0

Effect[4] type=0
Effect[4] trig=0
Effect[4] dat0=0
Effect[4] dat1=0
Effect[4] dat2=0

Effect[5] type=0
Effect[5] trig=0
Effect[5] dat0=0
Effect[5] dat1=0
Effect[5] dat2=0

Effect[6] type=0
Effect[6] trig=0
Effect[6] dat0=0
Effect[6] dat1=0
Effect[6] dat2=0

Effect[7] type=0
Effect[7] trig=0
Effect[7] dat0=0
Effect[7] dat1=0
Effect[7] dat2=0

sizeof itemdesc=71
wrote output file


Reading file:[DES37573.TXT]
Type=1
Sub=12
Numstackable=1
DestroyOn=0

Effect[0] type=2
Effect[0] trig=3
Effect[0] dat0=60
Effect[0] dat1=0
Effect[0] dat2=0

Effect[1] type=2
Effect[1] trig=4
Effect[1] dat0=0
Effect[1] dat1=0
Effect[1] dat2=0

Effect[2] type=5
Effect[2] trig=3
Effect[2] dat0=28
Effect[2] dat1=0
Effect[2] dat2=0

Effect[3] type=6
Effect[3] trig=4
Effect[3] dat0=0
Effect[3] dat1=0
Effect[3] dat2=0

Effect[4] type=0
Effect[4] trig=0
Effect[4] dat0=0
Effect[4] dat1=0
Effect[4] dat2=0

Effect[5] type=0
Effect[5] trig=0
Effect[5] dat0=0
Effect[5] dat1=0
Effect[5] dat2=0

Effect[6] type=0
Effect[6] trig=0
Effect[6] dat0=0
Effect[6] dat1=0
Effect[6] dat2=0

Effect[7] type=0
Effect[7] trig=0
Effect[7] dat0=0
Effect[7] dat1=0
Effect[7] dat2=0

sizeof itemdesc=71
wrote output file


Reading file:[DES37574.TXT]
Type=1
Sub=3
Numstackable=1
DestroyOn=0

Effect[0] type=2
Effect[0] trig=3
Effect[0] dat0=60
Effect[0] dat1=0
Effect[0] dat2=0

Effect[1] type=2
Effect[1] trig=4
Effect[1] dat0=0
Effect[1] dat1=0
Effect[1] dat2=0

Effect[2] type=0
Effect[2] trig=0
Effect[2] dat0=0
Effect[2] dat1=0
Effect[2] dat2=0

Effect[3] type=0
Effect[3] trig=0
Effect[3] dat0=0
Effect[3] dat1=0
Effect[3] dat2=0

Effect[4] type=0
Effect[4] trig=0
Effect[4] dat0=0
Effect[4] dat1=0
Effect[4] dat2=0

Effect[5] type=0
Effect[5] trig=0
Effect[5] dat0=0
Effect[5] dat1=0
Effect[5] dat2=0

Effect[6] type=0
Effect[6] trig=0
Effect[6] dat0=0
Effect[6] dat1=0
Effect[6] dat2=0

Effect[7] type=0
Effect[7] trig=0
Effect[7] dat0=0
Effect[7] dat1=0
Effect[7] dat2=0

sizeof itemdesc=71
wrote output file


Reading file:[DES37575.TXT]
Type=1
Sub=6
Numstackable=1
DestroyOn=0

Effect[0] type=2
Effect[0] trig=3
Effect[0] dat0=60
Effect[0] dat1=0
Effect[0] dat2=0

Effect[1] type=2
Effect[1] trig=4
Effect[1] dat0=0
Effect[1] dat1=0
Effect[1] dat2=0

Effect[2] type=0
Effect[2] trig=0
Effect[2] dat0=0
Effect[2] dat1=0
Effect[2] dat2=0

Effect[3] type=0
Effect[3] trig=0
Effect[3] dat0=0
Effect[3] dat1=0
Effect[3] dat2=0

Effect[4] type=0
Effect[4] trig=0
Effect[4] dat0=0
Effect[4] dat1=0
Effect[4] dat2=0

Effect[5] type=0
Effect[5] trig=0
Effect[5] dat0=0
Effect[5] dat1=0
Effect[5] dat2=0

Effect[6] type=0
Effect[6] trig=0
Effect[6] dat0=0
Effect[6] dat1=0
Effect[6] dat2=0

Effect[7] type=0
Effect[7] trig=0
Effect[7] dat0=0
Effect[7] dat1=0
Effect[7] dat2=0

sizeof itemdesc=71
wrote output file


Reading file:[DES37576.TXT]
Type=1
Sub=13
Numstackable=1
DestroyOn=0

Effect[0] type=2
Effect[0] trig=3
Effect[0] dat0=60
Effect[0] dat1=0
Effect[0] dat2=0

Effect[1] type=2
Effect[1] trig=4
Effect[1] dat0=0
Effect[1] dat1=0
Effect[1] dat2=0

Effect[2] type=0
Effect[2] trig=0
Effect[2] dat0=0
Effect[2] dat1=0
Effect[2] dat2=0

Effect[3] type=0
Effect[3] trig=0
Effect[3] dat0=0
Effect[3] dat1=0
Effect[3] dat2=0

Effect[4] type=0
Effect[4] trig=0
Effect[4] dat0=0
Effect[4] dat1=0
Effect[4] dat2=0

Effect[5] type=0
Effect[5] trig=0
Effect[5] dat0=0
Effect[5] dat1=0
Effect[5] dat2=0

Effect[6] type=0
Effect[6] trig=0
Effect[6] dat0=0
Effect[6] dat1=0
Effect[6] dat2=0

Effect[7] type=0
Effect[7] trig=0
Effect[7] dat0=0
Effect[7] dat1=0
Effect[7] dat2=0

sizeof itemdesc=71
wrote output file


Reading file:[DES41160.TXT]
Type=0
Sub=2
Numstackable=1
DestroyOn=0

Effect[0] type=1
Effect[0] trig=3
Effect[0] dat0=6
Effect[0] dat1=11
Effect[0] dat2=10

Effect[1] type=1
Effect[1] trig=4
Effect[1] dat0=0
Effect[1] dat1=0
Effect[1] dat2=0

Effect[2] type=5
Effect[2] trig=3
Effect[2] dat0=35
Effect[2] dat1=0
Effect[2] dat2=0

Effect[3] type=6
Effect[3] trig=4
Effect[3] dat0=0
Effect[3] dat1=0
Effect[3] dat2=0

Effect[4] type=0
Effect[4] trig=0
Effect[4] dat0=0
Effect[4] dat1=0
Effect[4] dat2=0

Effect[5] type=0
Effect[5] trig=0
Effect[5] dat0=0
Effect[5] dat1=0
Effect[5] dat2=0

Effect[6] type=0
Effect[6] trig=0
Effect[6] dat0=0
Effect[6] dat1=0
Effect[6] dat2=0

Effect[7] type=0
Effect[7] trig=0
Effect[7] dat0=0
Effect[7] dat1=0
Effect[7] dat2=0

sizeof itemdesc=71
wrote output file


Reading file:[DES41161.TXT]
Type=0
Sub=5
Numstackable=1
DestroyOn=0

Effect[0] type=1
Effect[0] trig=3
Effect[0] dat0=5
Effect[0] dat1=15
Effect[0] dat2=0

Effect[1] type=1
Effect[1] trig=4
Effect[1] dat0=0
Effect[1] dat1=0
Effect[1] dat2=0

Effect[2] type=5
Effect[2] trig=3
Effect[2] dat0=35
Effect[2] dat1=0
Effect[2] dat2=0

Effect[3] type=6
Effect[3] trig=4
Effect[3] dat0=0
Effect[3] dat1=0
Effect[3] dat2=0

Effect[4] type=0
Effect[4] trig=0
Effect[4] dat0=0
Effect[4] dat1=0
Effect[4] dat2=0

Effect[5] type=0
Effect[5] trig=0
Effect[5] dat0=0
Effect[5] dat1=0
Effect[5] dat2=0

Effect[6] type=0
Effect[6] trig=0
Effect[6] dat0=0
Effect[6] dat1=0
Effect[6] dat2=0

Effect[7] type=0
Effect[7] trig=0
Effect[7] dat0=0
Effect[7] dat1=0
Effect[7] dat2=0

sizeof itemdesc=71
wrote output file


Reading file:[DES41162.TXT]
Type=0
Sub=6
Numstackable=1
DestroyOn=0

Effect[0] type=1
Effect[0] trig=3
Effect[0] dat0=7
Effect[0] dat1=13
Effect[0] dat2=0

Effect[1] type=1
Effect[1] trig=4
Effect[1] dat0=0
Effect[1] dat1=0
Effect[1] dat2=0

Effect[2] type=5
Effect[2] trig=3
Effect[2] dat0=20
Effect[2] dat1=0
Effect[2] dat2=400

Effect[3] type=6
Effect[3] trig=4
Effect[3] dat0=20
Effect[3] dat1=0
Effect[3] dat2=400

Effect[4] type=0
Effect[4] trig=0
Effect[4] dat0=0
Effect[4] dat1=0
Effect[4] dat2=0

Effect[5] type=0
Effect[5] trig=0
Effect[5] dat0=0
Effect[5] dat1=0
Effect[5] dat2=0

Effect[6] type=0
Effect[6] trig=0
Effect[6] dat0=0
Effect[6] dat1=0
Effect[6] dat2=0

Effect[7] type=0
Effect[7] trig=0
Effect[7] dat0=0
Effect[7] dat1=0
Effect[7] dat2=0

sizeof itemdesc=71
wrote output file


Reading file:[DES41163.TXT]
Type=0
Sub=4
Numstackable=1
DestroyOn=0

Effect[0] type=1
Effect[0] trig=3
Effect[0] dat0=1
Effect[0] dat1=15
Effect[0] dat2=10

Effect[1] type=1
Effect[1] trig=4
Effect[1] dat0=0
Effect[1] dat1=0
Effect[1] dat2=0

Effect[2] type=5
Effect[2] trig=3
Effect[2] dat0=35
Effect[2] dat1=0
Effect[2] dat2=0

Effect[3] type=6
Effect[3] trig=4
Effect[3] dat0=0
Effect[3] dat1=0
Effect[3] dat2=0

Effect[4] type=0
Effect[4] trig=0
Effect[4] dat0=0
Effect[4] dat1=0
Effect[4] dat2=0

Effect[5] type=0
Effect[5] trig=0
Effect[5] dat0=0
Effect[5] dat1=0
Effect[5] dat2=0

Effect[6] type=0
Effect[6] trig=0
Effect[6] dat0=0
Effect[6] dat1=0
Effect[6] dat2=0

Effect[7] type=0
Effect[7] trig=0
Effect[7] dat0=0
Effect[7] dat1=0
Effect[7] dat2=0

sizeof itemdesc=71
wrote output file


Reading file:[DES41164.TXT]
Type=0
Sub=3
Numstackable=1
DestroyOn=0

Effect[0] type=1
Effect[0] trig=3
Effect[0] dat0=1
Effect[0] dat1=17
Effect[0] dat2=0

Effect[1] type=1
Effect[1] trig=4
Effect[1] dat0=0
Effect[1] dat1=0
Effect[1] dat2=0

Effect[2] type=5
Effect[2] trig=3
Effect[2] dat0=35
Effect[2] dat1=0
Effect[2] dat2=0

Effect[3] type=6
Effect[3] trig=4
Effect[3] dat0=0
Effect[3] dat1=0
Effect[3] dat2=0

Effect[4] type=0
Effect[4] trig=0
Effect[4] dat0=0
Effect[4] dat1=0
Effect[4] dat2=0

Effect[5] type=0
Effect[5] trig=0
Effect[5] dat0=0
Effect[5] dat1=0
Effect[5] dat2=0

Effect[6] type=0
Effect[6] trig=0
Effect[6] dat0=0
Effect[6] dat1=0
Effect[6] dat2=0

Effect[7] type=0
Effect[7] trig=0
Effect[7] dat0=0
Effect[7] dat1=0
Effect[7] dat2=0

sizeof itemdesc=71
wrote output file


Reading file:[DES41165.TXT]
Type=0
Sub=1
Numstackable=1
DestroyOn=0

Effect[0] type=1
Effect[0] trig=3
Effect[0] dat0=5
Effect[0] dat1=16
Effect[0] dat2=0

Effect[1] type=1
Effect[1] trig=4
Effect[1] dat0=0
Effect[1] dat1=0
Effect[1] dat2=0

Effect[2] type=5
Effect[2] trig=3
Effect[2] dat0=35
Effect[2] dat1=0
Effect[2] dat2=0

Effect[3] type=6
Effect[3] trig=4
Effect[3] dat0=0
Effect[3] dat1=0
Effect[3] dat2=0

Effect[4] type=0
Effect[4] trig=0
Effect[4] dat0=0
Effect[4] dat1=0
Effect[4] dat2=0

Effect[5] type=0
Effect[5] trig=0
Effect[5] dat0=0
Effect[5] dat1=0
Effect[5] dat2=0

Effect[6] type=0
Effect[6] trig=0
Effect[6] dat0=0
Effect[6] dat1=0
Effect[6] dat2=0

Effect[7] type=0
Effect[7] trig=0
Effect[7] dat0=0
Effect[7] dat1=0
Effect[7] dat2=0

sizeof itemdesc=71
wrote output file


Reading file:[DES41668.TXT]
Type=1
Sub=9
Numstackable=1
DestroyOn=0

Effect[0] type=2
Effect[0] trig=3
Effect[0] dat0=70
Effect[0] dat1=0
Effect[0] dat2=0

Effect[1] type=2
Effect[1] trig=4
Effect[1] dat0=0
Effect[1] dat1=0
Effect[1] dat2=0

Effect[2] type=0
Effect[2] trig=0
Effect[2] dat0=0
Effect[2] dat1=0
Effect[2] dat2=0

Effect[3] type=0
Effect[3] trig=0
Effect[3] dat0=0
Effect[3] dat1=0
Effect[3] dat2=0

Effect[4] type=0
Effect[4] trig=0
Effect[4] dat0=0
Effect[4] dat1=0
Effect[4] dat2=0

Effect[5] type=0
Effect[5] trig=0
Effect[5] dat0=0
Effect[5] dat1=0
Effect[5] dat2=0

Effect[6] type=0
Effect[6] trig=0
Effect[6] dat0=0
Effect[6] dat1=0
Effect[6] dat2=0

Effect[7] type=0
Effect[7] trig=0
Effect[7] dat0=0
Effect[7] dat1=0
Effect[7] dat2=0

sizeof itemdesc=71
wrote output file


Reading file:[DES41669.TXT]
Type=1
Sub=12
Numstackable=1
DestroyOn=0

Effect[0] type=2
Effect[0] trig=3
Effect[0] dat0=70
Effect[0] dat1=0
Effect[0] dat2=0

Effect[1] type=2
Effect[1] trig=4
Effect[1] dat0=0
Effect[1] dat1=0
Effect[1] dat2=0

Effect[2] type=5
Effect[2] trig=3
Effect[2] dat0=11
Effect[2] dat1=0
Effect[2] dat2=0

Effect[3] type=6
Effect[3] trig=4
Effect[3] dat0=0
Effect[3] dat1=0
Effect[3] dat2=0

Effect[4] type=0
Effect[4] trig=0
Effect[4] dat0=0
Effect[4] dat1=0
Effect[4] dat2=0

Effect[5] type=0
Effect[5] trig=0
Effect[5] dat0=0
Effect[5] dat1=0
Effect[5] dat2=0

Effect[6] type=0
Effect[6] trig=0
Effect[6] dat0=0
Effect[6] dat1=0
Effect[6] dat2=0

Effect[7] type=0
Effect[7] trig=0
Effect[7] dat0=0
Effect[7] dat1=0
Effect[7] dat2=0

sizeof itemdesc=71
wrote output file


Reading file:[DES41670.TXT]
Type=1
Sub=3
Numstackable=1
DestroyOn=0

Effect[0] type=2
Effect[0] trig=3
Effect[0] dat0=70
Effect[0] dat1=0
Effect[0] dat2=0

Effect[1] type=2
Effect[1] trig=4
Effect[1] dat0=0
Effect[1] dat1=0
Effect[1] dat2=0

Effect[2] type=0
Effect[2] trig=0
Effect[2] dat0=0
Effect[2] dat1=0
Effect[2] dat2=0

Effect[3] type=0
Effect[3] trig=0
Effect[3] dat0=0
Effect[3] dat1=0
Effect[3] dat2=0

Effect[4] type=0
Effect[4] trig=0
Effect[4] dat0=0
Effect[4] dat1=0
Effect[4] dat2=0

Effect[5] type=0
Effect[5] trig=0
Effect[5] dat0=0
Effect[5] dat1=0
Effect[5] dat2=0

Effect[6] type=0
Effect[6] trig=0
Effect[6] dat0=0
Effect[6] dat1=0
Effect[6] dat2=0

Effect[7] type=0
Effect[7] trig=0
Effect[7] dat0=0
Effect[7] dat1=0
Effect[7] dat2=0

sizeof itemdesc=71
wrote output file


Reading file:[DES41671.TXT]
Type=1
Sub=6
Numstackable=1
DestroyOn=0

Effect[0] type=2
Effect[0] trig=3
Effect[0] dat0=70
Effect[0] dat1=0
Effect[0] dat2=0

Effect[1] type=2
Effect[1] trig=4
Effect[1] dat0=0
Effect[1] dat1=0
Effect[1] dat2=0

Effect[2] type=0
Effect[2] trig=0
Effect[2] dat0=0
Effect[2] dat1=0
Effect[2] dat2=0

Effect[3] type=0
Effect[3] trig=0
Effect[3] dat0=0
Effect[3] dat1=0
Effect[3] dat2=0

Effect[4] type=0
Effect[4] trig=0
Effect[4] dat0=0
Effect[4] dat1=0
Effect[4] dat2=0

Effect[5] type=0
Effect[5] trig=0
Effect[5] dat0=0
Effect[5] dat1=0
Effect[5] dat2=0

Effect[6] type=0
Effect[6] trig=0
Effect[6] dat0=0
Effect[6] dat1=0
Effect[6] dat2=0

Effect[7] type=0
Effect[7] trig=0
Effect[7] dat0=0
Effect[7] dat1=0
Effect[7] dat2=0

sizeof itemdesc=71
wrote output file


Reading file:[DES41672.TXT]
Type=1
Sub=13
Numstackable=1
DestroyOn=0

Effect[0] type=2
Effect[0] trig=3
Effect[0] dat0=70
Effect[0] dat1=0
Effect[0] dat2=0

Effect[1] type=2
Effect[1] trig=4
Effect[1] dat0=0
Effect[1] dat1=0
Effect[1] dat2=0

Effect[2] type=0
Effect[2] trig=0
Effect[2] dat0=0
Effect[2] dat1=0
Effect[2] dat2=0

Effect[3] type=0
Effect[3] trig=0
Effect[3] dat0=0
Effect[3] dat1=0
Effect[3] dat2=0

Effect[4] type=0
Effect[4] trig=0
Effect[4] dat0=0
Effect[4] dat1=0
Effect[4] dat2=0

Effect[5] type=0
Effect[5] trig=0
Effect[5] dat0=0
Effect[5] dat1=0
Effect[5] dat2=0

Effect[6] type=0
Effect[6] trig=0
Effect[6] dat0=0
Effect[6] dat1=0
Effect[6] dat2=0

Effect[7] type=0
Effect[7] trig=0
Effect[7] dat0=0
Effect[7] dat1=0
Effect[7] dat2=0

sizeof itemdesc=71
wrote output file


Reading file:[DES45256.TXT]
Type=0
Sub=2
Numstackable=1
DestroyOn=0

Effect[0] type=1
Effect[0] trig=3
Effect[0] dat0=6
Effect[0] dat1=12
Effect[0] dat2=10

Effect[1] type=1
Effect[1] trig=4
Effect[1] dat0=0
Effect[1] dat1=0
Effect[1] dat2=0

Effect[2] type=5
Effect[2] trig=3
Effect[2] dat0=34
Effect[2] dat1=0
Effect[2] dat2=0

Effect[3] type=6
Effect[3] trig=4
Effect[3] dat0=0
Effect[3] dat1=0
Effect[3] dat2=0

Effect[4] type=0
Effect[4] trig=0
Effect[4] dat0=0
Effect[4] dat1=0
Effect[4] dat2=0

Effect[5] type=0
Effect[5] trig=0
Effect[5] dat0=0
Effect[5] dat1=0
Effect[5] dat2=0

Effect[6] type=0
Effect[6] trig=0
Effect[6] dat0=0
Effect[6] dat1=0
Effect[6] dat2=0

Effect[7] type=0
Effect[7] trig=0
Effect[7] dat0=0
Effect[7] dat1=0
Effect[7] dat2=0

sizeof itemdesc=71
wrote output file


Reading file:[DES45257.TXT]
Type=0
Sub=5
Numstackable=1
DestroyOn=0

Effect[0] type=1
Effect[0] trig=3
Effect[0] dat0=5
Effect[0] dat1=16
Effect[0] dat2=0

Effect[1] type=1
Effect[1] trig=4
Effect[1] dat0=0
Effect[1] dat1=0
Effect[1] dat2=0

Effect[2] type=5
Effect[2] trig=3
Effect[2] dat0=34
Effect[2] dat1=0
Effect[2] dat2=0

Effect[3] type=6
Effect[3] trig=4
Effect[3] dat0=0
Effect[3] dat1=0
Effect[3] dat2=0

Effect[4] type=0
Effect[4] trig=0
Effect[4] dat0=0
Effect[4] dat1=0
Effect[4] dat2=0

Effect[5] type=0
Effect[5] trig=0
Effect[5] dat0=0
Effect[5] dat1=0
Effect[5] dat2=0

Effect[6] type=0
Effect[6] trig=0
Effect[6] dat0=0
Effect[6] dat1=0
Effect[6] dat2=0

Effect[7] type=0
Effect[7] trig=0
Effect[7] dat0=0
Effect[7] dat1=0
Effect[7] dat2=0

sizeof itemdesc=71
wrote output file


Reading file:[DES45258.TXT]
Type=0
Sub=6
Numstackable=1
DestroyOn=0

Effect[0] type=1
Effect[0] trig=3
Effect[0] dat0=7
Effect[0] dat1=14
Effect[0] dat2=0

Effect[1] type=1
Effect[1] trig=4
Effect[1] dat0=0
Effect[1] dat1=0
Effect[1] dat2=0

Effect[2] type=5
Effect[2] trig=3
Effect[2] dat0=20
Effect[2] dat1=0
Effect[2] dat2=500

Effect[3] type=6
Effect[3] trig=4
Effect[3] dat0=20
Effect[3] dat1=0
Effect[3] dat2=500

Effect[4] type=0
Effect[4] trig=0
Effect[4] dat0=0
Effect[4] dat1=0
Effect[4] dat2=0

Effect[5] type=0
Effect[5] trig=0
Effect[5] dat0=0
Effect[5] dat1=0
Effect[5] dat2=0

Effect[6] type=0
Effect[6] trig=0
Effect[6] dat0=0
Effect[6] dat1=0
Effect[6] dat2=0

Effect[7] type=0
Effect[7] trig=0
Effect[7] dat0=0
Effect[7] dat1=0
Effect[7] dat2=0

sizeof itemdesc=71
wrote output file


Reading file:[DES45259.TXT]
Type=0
Sub=4
Numstackable=1
DestroyOn=0

Effect[0] type=1
Effect[0] trig=3
Effect[0] dat0=1
Effect[0] dat1=16
Effect[0] dat2=10

Effect[1] type=1
Effect[1] trig=4
Effect[1] dat0=0
Effect[1] dat1=0
Effect[1] dat2=0

Effect[2] type=5
Effect[2] trig=3
Effect[2] dat0=34
Effect[2] dat1=0
Effect[2] dat2=0

Effect[3] type=6
Effect[3] trig=4
Effect[3] dat0=0
Effect[3] dat1=0
Effect[3] dat2=0

Effect[4] type=0
Effect[4] trig=0
Effect[4] dat0=0
Effect[4] dat1=0
Effect[4] dat2=0

Effect[5] type=0
Effect[5] trig=0
Effect[5] dat0=0
Effect[5] dat1=0
Effect[5] dat2=0

Effect[6] type=0
Effect[6] trig=0
Effect[6] dat0=0
Effect[6] dat1=0
Effect[6] dat2=0

Effect[7] type=0
Effect[7] trig=0
Effect[7] dat0=0
Effect[7] dat1=0
Effect[7] dat2=0

sizeof itemdesc=71
wrote output file


Reading file:[DES45260.TXT]
Type=0
Sub=3
Numstackable=1
DestroyOn=0

Effect[0] type=1
Effect[0] trig=3
Effect[0] dat0=1
Effect[0] dat1=18
Effect[0] dat2=0

Effect[1] type=1
Effect[1] trig=4
Effect[1] dat0=0
Effect[1] dat1=0
Effect[1] dat2=0

Effect[2] type=5
Effect[2] trig=3
Effect[2] dat0=34
Effect[2] dat1=0
Effect[2] dat2=0

Effect[3] type=6
Effect[3] trig=4
Effect[3] dat0=0
Effect[3] dat1=0
Effect[3] dat2=0

Effect[4] type=0
Effect[4] trig=0
Effect[4] dat0=0
Effect[4] dat1=0
Effect[4] dat2=0

Effect[5] type=0
Effect[5] trig=0
Effect[5] dat0=0
Effect[5] dat1=0
Effect[5] dat2=0

Effect[6] type=0
Effect[6] trig=0
Effect[6] dat0=0
Effect[6] dat1=0
Effect[6] dat2=0

Effect[7] type=0
Effect[7] trig=0
Effect[7] dat0=0
Effect[7] dat1=0
Effect[7] dat2=0

sizeof itemdesc=71
wrote output file


Reading file:[DES45261.TXT]
Type=0
Sub=1
Numstackable=1
DestroyOn=0

Effect[0] type=1
Effect[0] trig=3
Effect[0] dat0=5
Effect[0] dat1=17
Effect[0] dat2=0

Effect[1] type=1
Effect[1] trig=4
Effect[1] dat0=0
Effect[1] dat1=0
Effect[1] dat2=0

Effect[2] type=5
Effect[2] trig=3
Effect[2] dat0=34
Effect[2] dat1=0
Effect[2] dat2=0

Effect[3] type=6
Effect[3] trig=4
Effect[3] dat0=0
Effect[3] dat1=0
Effect[3] dat2=0

Effect[4] type=0
Effect[4] trig=0
Effect[4] dat0=0
Effect[4] dat1=0
Effect[4] dat2=0

Effect[5] type=0
Effect[5] trig=0
Effect[5] dat0=0
Effect[5] dat1=0
Effect[5] dat2=0

Effect[6] type=0
Effect[6] trig=0
Effect[6] dat0=0
Effect[6] dat1=0
Effect[6] dat2=0

Effect[7] type=0
Effect[7] trig=0
Effect[7] dat0=0
Effect[7] dat1=0
Effect[7] dat2=0

sizeof itemdesc=71
wrote output file


Reading file:[DES45764.TXT]
Type=1
Sub=9
Numstackable=1
DestroyOn=0

Effect[0] type=2
Effect[0] trig=3
Effect[0] dat0=80
Effect[0] dat1=0
Effect[0] dat2=0

Effect[1] type=2
Effect[1] trig=4
Effect[1] dat0=0
Effect[1] dat1=0
Effect[1] dat2=0

Effect[2] type=0
Effect[2] trig=0
Effect[2] dat0=0
Effect[2] dat1=0
Effect[2] dat2=0

Effect[3] type=0
Effect[3] trig=0
Effect[3] dat0=0
Effect[3] dat1=0
Effect[3] dat2=0

Effect[4] type=0
Effect[4] trig=0
Effect[4] dat0=0
Effect[4] dat1=0
Effect[4] dat2=0

Effect[5] type=0
Effect[5] trig=0
Effect[5] dat0=0
Effect[5] dat1=0
Effect[5] dat2=0

Effect[6] type=0
Effect[6] trig=0
Effect[6] dat0=0
Effect[6] dat1=0
Effect[6] dat2=0

Effect[7] type=0
Effect[7] trig=0
Effect[7] dat0=0
Effect[7] dat1=0
Effect[7] dat2=0

sizeof itemdesc=71
wrote output file


Reading file:[DES45765.TXT]
Type=1
Sub=12
Numstackable=1
DestroyOn=0

Effect[0] type=2
Effect[0] trig=3
Effect[0] dat0=80
Effect[0] dat1=0
Effect[0] dat2=0

Effect[1] type=2
Effect[1] trig=4
Effect[1] dat0=0
Effect[1] dat1=0
Effect[1] dat2=0

Effect[2] type=5
Effect[2] trig=3
Effect[2] dat0=12
Effect[2] dat1=0
Effect[2] dat2=0

Effect[3] type=6
Effect[3] trig=4
Effect[3] dat0=0
Effect[3] dat1=0
Effect[3] dat2=0

Effect[4] type=0
Effect[4] trig=0
Effect[4] dat0=0
Effect[4] dat1=0
Effect[4] dat2=0

Effect[5] type=0
Effect[5] trig=0
Effect[5] dat0=0
Effect[5] dat1=0
Effect[5] dat2=0

Effect[6] type=0
Effect[6] trig=0
Effect[6] dat0=0
Effect[6] dat1=0
Effect[6] dat2=0

Effect[7] type=0
Effect[7] trig=0
Effect[7] dat0=0
Effect[7] dat1=0
Effect[7] dat2=0

sizeof itemdesc=71
wrote output file


Reading file:[DES45766.TXT]
Type=1
Sub=3
Numstackable=1
DestroyOn=0

Effect[0] type=2
Effect[0] trig=3
Effect[0] dat0=80
Effect[0] dat1=0
Effect[0] dat2=0

Effect[1] type=2
Effect[1] trig=4
Effect[1] dat0=0
Effect[1] dat1=0
Effect[1] dat2=0

Effect[2] type=0
Effect[2] trig=0
Effect[2] dat0=0
Effect[2] dat1=0
Effect[2] dat2=0

Effect[3] type=0
Effect[3] trig=0
Effect[3] dat0=0
Effect[3] dat1=0
Effect[3] dat2=0

Effect[4] type=0
Effect[4] trig=0
Effect[4] dat0=0
Effect[4] dat1=0
Effect[4] dat2=0

Effect[5] type=0
Effect[5] trig=0
Effect[5] dat0=0
Effect[5] dat1=0
Effect[5] dat2=0

Effect[6] type=0
Effect[6] trig=0
Effect[6] dat0=0
Effect[6] dat1=0
Effect[6] dat2=0

Effect[7] type=0
Effect[7] trig=0
Effect[7] dat0=0
Effect[7] dat1=0
Effect[7] dat2=0

sizeof itemdesc=71
wrote output file


Reading file:[DES45767.TXT]
Type=1
Sub=6
Numstackable=1
DestroyOn=0

Effect[0] type=2
Effect[0] trig=3
Effect[0] dat0=80
Effect[0] dat1=0
Effect[0] dat2=0

Effect[1] type=2
Effect[1] trig=4
Effect[1] dat0=0
Effect[1] dat1=0
Effect[1] dat2=0

Effect[2] type=0
Effect[2] trig=0
Effect[2] dat0=0
Effect[2] dat1=0
Effect[2] dat2=0

Effect[3] type=0
Effect[3] trig=0
Effect[3] dat0=0
Effect[3] dat1=0
Effect[3] dat2=0

Effect[4] type=0
Effect[4] trig=0
Effect[4] dat0=0
Effect[4] dat1=0
Effect[4] dat2=0

Effect[5] type=0
Effect[5] trig=0
Effect[5] dat0=0
Effect[5] dat1=0
Effect[5] dat2=0

Effect[6] type=0
Effect[6] trig=0
Effect[6] dat0=0
Effect[6] dat1=0
Effect[6] dat2=0

Effect[7] type=0
Effect[7] trig=0
Effect[7] dat0=0
Effect[7] dat1=0
Effect[7] dat2=0

sizeof itemdesc=71
wrote output file


Reading file:[DES45768.TXT]
Type=1
Sub=13
Numstackable=1
DestroyOn=0

Effect[0] type=2
Effect[0] trig=3
Effect[0] dat0=80
Effect[0] dat1=0
Effect[0] dat2=0

Effect[1] type=2
Effect[1] trig=4
Effect[1] dat0=0
Effect[1] dat1=0
Effect[1] dat2=0

Effect[2] type=0
Effect[2] trig=0
Effect[2] dat0=0
Effect[2] dat1=0
Effect[2] dat2=0

Effect[3] type=0
Effect[3] trig=0
Effect[3] dat0=0
Effect[3] dat1=0
Effect[3] dat2=0

Effect[4] type=0
Effect[4] trig=0
Effect[4] dat0=0
Effect[4] dat1=0
Effect[4] dat2=0

Effect[5] type=0
Effect[5] trig=0
Effect[5] dat0=0
Effect[5] dat1=0
Effect[5] dat2=0

Effect[6] type=0
Effect[6] trig=0
Effect[6] dat0=0
Effect[6] dat1=0
Effect[6] dat2=0

Effect[7] type=0
Effect[7] trig=0
Effect[7] dat0=0
Effect[7] dat1=0
Effect[7] dat2=0

sizeof itemdesc=71
wrote output file


